source_file,pareto_rank,row_i,col_j,solenoid_length_m,ri,rf,th,v,v_bore,valid,b0,scan,je_coil,je_tape,je_max,j_crit,je_mech,b0_mech,je_closed,stress,sigma_struct,util,f_struct,f_tape_min,f_tape_built,fill,n_tp,n_tot,pitch,i0,i_max,i_margin,length_tape,em_tot,em_dump,l_self,l_dump,r_ee,u_ee,tau_ee,miits,j_cu_max,j_cu,gamma_op,f_cu_req,f_cu_have,f_cu_add,t_cu_add,m_cu,n_eval,binding_code,feasible,converged,binding,length_tape_km,pancake_length_m
thickness_grids_L10000mm.csv,1,36,99,10.0,1.5,1.5678512396694215,0.0678512396694214,70.68583470577035,70.68583470577035,1,2.7072156622595056,10.814552271465423,33.21156707353253,2146.139045050785,2146.1390450521385,3576.898408420231,107.97614249829364,8.801593236312558,33.506799752252746,70.9552253202904,677.4496959139226,0.9032662612185636,0.1047387366888803,0.0154750304506601,0.0154750304506699,0.9029987785364546,7.0,17500.0,9.693034238488789,1287.683427030471,1287.6834270312831,1.0000000000006308,168663.93104490638,120.48668716282914,120.48668716282914,145.3285186244615,145.3285186244615,4.0,5150.733708121884,36.33212965611538,30.12167179070729,37.09706700667434,37.09706700667434,2.4999999999999996e+16,0.8952612633111197,0.0077375152253349,0.8875237480857847,8.60279807766741,52456.55427150454,43.0,1,1,1,packing,168.66393104490638,67.46557241796255
thickness_grids_L10000mm.csv,2,40,93,10.0,1.4091515151515153,1.4924493419038876,0.0832978267523722,62.38285641895749,62.38285641895749,1,3.053011211684979,10.140907247444137,30.369783224146953,2108.114117926746,2108.11411792764,3513.5235298794005,99.66888153596996,10.01950559013137,31.157069546460573,69.63466296347428,575.4927730808166,0.7673236974410889,0.1210000650237452,0.0144061381525216,0.0144061381525277,0.8862030040525186,8.0,20000.0,10.412228344046536,1264.8684707560478,1264.868470756584,1.000000000000424,182312.95872350203,134.024759355582,134.024759355582,167.5422322933628,167.5422322933628,4.0,5059.473883024191,41.8855580733407,33.5061898388955,34.550381650446155,34.550381650446155,2.4999999999999996e+16,0.8789999349762547,0.0072030690762638,0.8717968658999908,9.077348037374822,59802.32473460363,43.0,1,1,1,packing,182.312958723502,72.92518348940081
thickness_grids_L10000mm.csv,3,40,94,10.0,1.4242929292929294,1.5075907560453017,0.0832978267523722,63.730673676359615,63.730673676359615,1,3.050862521468324,9.47012431857347,30.373121529873135,2108.3458459367675,2108.3458459379112,3513.909743229852,99.20153674400976,9.964410481375582,30.84213721813429,70.30776934210466,634.1083331753384,0.8454777775671181,0.1108765894780691,0.0144061381525199,0.0144061381525277,0.8963264795981948,8.0,20000.0,10.412228344046536,1265.0075075620607,1265.0075075627467,1.0000000000005422,184215.68494076713,137.12967314946815,137.12967314946815,171.38595570110985,171.38595570110985,4.0,5060.030030248243,42.84648892527746,34.28241828736704,34.16074885717337,34.16074885717337,2.5e+16,0.8891234105219309,0.0072030690762638,0.881920341445667,9.182755976391771,61122.39107808487,43.0,1,1,1,packing,184.21568494076712,73.68627397630685
thickness_grids_L10000mm.csv,4,40,95,10.0,1.4394343434343435,1.5227321701867158,0.0832978267523722,65.09289591658843,65.09289591658843,1,3.0486964327396566,8.850596761107948,30.37648768008503,2108.579506767745,2108.57950676911,3514.299177948517,98.74149151453868,9.910060574288371,30.531915197041435,70.98016595832223,704.9156282652792,0.9398875043537056,0.1006931370396719,0.0144061381525184,0.0144061381525277,0.906509932036592,8.0,20000.0,10.412228344046536,1265.1477040606471,1265.147704061466,1.0000000000006473,186118.4111580322,140.288853374987,140.288853374987,175.2954719102103,175.2954719102103,4.0,5060.5908162425885,43.823867977552574,35.07221334374675,33.77766692460464,33.77766692460464,2.4999999999999996e+16,0.899306862960328,0.0072030690762638,0.8921037938840641,9.288788408511104,62460.999409073134,43.0,0,1,1,mechanical,186.1184111580322,74.44736446321288
thickness_grids_L10000mm.csv,5,40,96,10.0,1.4545757575757576,1.53787358432813,0.0832978267523722,66.4695231396439,66.4695231396439,1,3.0311157350355193,8.447391894214894,30.226338913861607,2098.1569518377773,2110.4780756762393,3517.463459460399,98.28856406016246,9.856437259762842,30.226338913877488,70.92941499268389,746.2499999954869,0.9949999999939824,0.0950477922855783,0.0143220340747564,0.0144061381525277,0.9121552767906856,8.0,20000.0,10.412228344046536,1258.8941711026664,1266.2868454057436,1.0058723556536942,188021.1373752973,142.0556913149013,142.0556913149013,179.27106076331617,179.27106076331617,4.0,5035.576684410666,44.81776519082904,35.51392282872533,33.40103339844022,33.40103339844021,2.499999999999999e+16,0.9049522077144216,0.0072030690762638,0.8977491386381578,9.34756902717159,63495.654494220114,43.0,0,1,1,mechanical,188.0211373752973,75.20845495011892
thickness_grids_L10000mm.csv,6,41,96,10.0,1.4545757575757576,1.5419892868074687,0.087413529231711,66.4695231396439,66.4695231396439,1,3.0462128839683107,8.28117030680965,28.9499463212319,2108.8474825062262,2108.847482507918,3514.745804179863,95.8169356447468,10.082187394224157,30.059058814711516,68.4655709440969,518.0550984020601,0.6907401312027469,0.1321588594635566,0.0137278520904715,0.0137278520904825,0.8747050665816847,8.0,20000.0,10.926691153963883,1265.3084895037357,1265.3084895047507,1.0000000000008022,188279.73458876633,143.8724988752817,143.8724988752817,179.7276677192985,179.7276677192985,4.0,5061.233958014943,44.931916929824624,35.96812471882043,33.35857793436355,33.35857793436355,2.5000000000000004e+16,0.8678411405364433,0.0068639260452412,0.8609772144912021,9.407632113345484,63988.286476929105,43.0,1,1,1,packing,188.27973458876633,75.31189383550652
thickness_grids_L10000mm.csv,7,40,97,10.0,1.4697171717171718,1.553014998469544,0.0832978267523722,67.86055534552604,67.86055534552604,1,2.9984267608472304,8.233341258522778,29.925346157540403,2077.263583112975,2114.0181816788977,3523.363636131496,97.84257875108176,9.80352257023512,29.925346157543448,70.15907393117263,746.249999999115,0.99499999999882,0.0940155094556192,0.0141556711370261,0.0144061381525277,0.9131875596206448,8.0,20000.0,10.412228344046536,1246.3581498677852,1268.410909007339,1.0176937577227645,189923.8635925624,142.37996322046476,142.37996322046476,183.31295418498377,183.31295418498377,4.0,4985.432599471141,45.82823854624594,35.59499080511619,33.03074883716729,33.03074883716729,2.5e+16,0.9059844905443808,0.0072030690762638,0.8987814214681169,9.358317391712765,64211.37714535939,43.0,0,1,1,mechanical,189.9238635925624,75.96954543702495
thickness_grids_L10000mm.csv,8,41,97,10.0,1.4697171717171718,1.5571307009488828,0.087413529231711,67.86055534552604,67.86055534552604,1,3.044010096651238,7.751139324795807,28.95321003422027,2109.085226398487,2109.085226400017,3515.1420440000284,95.38352783913858,10.028194506011069,29.76132806982084,69.1047567831966,564.8553245612599,0.7531404327483465,0.1223406309161949,0.0137278520904725,0.0137278520904825,0.8845232951290464,8.0,20000.0,10.926691153963883,1265.451135839092,1265.45113584001,1.0000000000007254,190182.46080603145,147.14628599367504,147.14628599367504,183.7758925271035,183.7758925271035,4.0,5061.804543356368,45.94397313177588,36.78657149841876,32.989119758893175,32.989119758893175,2.5000000000000004e+16,0.877659369083805,0.0068639260452412,0.8707954430385638,9.514912864361538,65366.18287215551,43.0,1,1,1,packing,190.18246080603143,76.07298432241257
thickness_grids_L10000mm.csv,9,41,98,10.0,1.484858585858586,1.572272115090297,0.087413529231711,69.26599253423487,69.26599253423487,1,3.041790328679979,7.260345550435495,28.956499721285113,2109.3248623621585,2109.3248623638756,3515.541437273126,94.9566836651471,9.97490459124283,29.46805062689416,69.74327097717817,620.1117168758886,0.8268156225011849,0.1124688811373271,0.0137278520904713,0.0137278520904825,0.8943950449079142,8.0,20000.0,10.926691153963883,1265.5949174172952,1265.5949174183254,1.000000000000814,192085.18702329652,150.4750502193217,150.4750502193217,187.8905979373605,187.8905979373605,4.0,5062.379669669181,46.97264948434013,37.618762554830425,32.625897961066904,32.625897961066904,2.4999999999999996e+16,0.8875311188626729,0.0068639260452412,0.8806671928174317,9.62277842534444,66762.73703833303,43.0,1,1,1,packing,192.08518702329653,76.83407480931861
thickness_grids_L10000mm.csv,10,41,99,10.0,1.5,1.587413529231711,0.087413529231711,70.68583470577035,70.68583470577035,1,3.039553714211045,6.805509893689257,28.959815202636,2109.5663773004776,2109.566377302003,3515.943962170005,94.53624453136048,9.92230064944286,29.179168791654465,70.38111520945894,686.3444387956291,0.9151259183941722,0.1025448903366377,0.0137278520904725,0.0137278520904825,0.9043190357086036,8.0,20000.0,10.926691153963883,1265.7398263802866,1265.7398263812015,1.000000000000723,193987.9132405616,153.858958171949,153.858958171949,192.07192646224323,192.07192646224323,4.0,5062.959305521146,48.017981615560814,38.46473954298725,32.26881756068991,32.26881756068991,2.5e+16,0.8974551096633623,0.0068639260452412,0.8905911836181211,9.73121480783835,68177.97136142744,43.0,1,1,1,packing,193.98791324056157,77.59516529622464
thickness_grids_L10000mm.csv,11,45,93,10.0,1.4091515151515153,1.5140440771349863,0.104892561983471,62.38285641895749,62.38285641895749,1,3.376791930418261,6.775996952477489,26.690727091253997,2073.821293187608,2073.821293187754,3456.36882197959,88.17185771801678,11.15511078488936,27.51681970943952,68.72616184223287,549.9539072070188,0.7332718762760252,0.1249671307751293,0.0128703120075629,0.0128703120075638,0.8814680252286526,9.0,22500.0,11.654729109274564,1244.2927759125646,1244.292775912652,1.0000000000000704,206628.5204490001,166.4075719373009,166.4075719373009,214.9601319765619,214.9601319765619,4.0,4977.171103650258,53.740032994140485,41.601892984325225,30.50254228152299,30.50254228152299,2.5e+16,0.8750328692248707,0.0064351560037819,0.8685977132210888,10.123271052527144,75523.9711285803,43.0,1,1,1,packing,206.6285204490001,82.65140817960004
thickness_grids_L10000mm.csv,12,45,94,10.0,1.4242929292929294,1.5291854912764005,0.104892561983471,63.730673676359615,63.730673676359615,1,3.3744276945612266,6.327697722911029,26.693892953283957,2074.0672749499845,2074.067274949989,3456.778791583315,87.76534864513253,11.094590946672792,27.240228692494178,69.38074001263246,603.6700153243386,0.8048933537657847,0.114931565675588,0.0128703120075637,0.0128703120075638,0.8915035903281939,9.0,22500.0,11.654729109274564,1244.440364969991,1244.4403649699934,1.000000000000002,208769.08744342337,170.24644584179478,170.24644584179478,219.8669088765008,219.8669088765008,4.0,4977.761459879964,54.9667272191252,42.561611460448695,30.16025870774599,30.16025870774599,2.5e+16,0.885068434324412,0.0064351560037819,0.8786332783206301,10.240232845220788,77181.50264341607,43.0,1,1,1,packing,208.76908744342333,83.50763497736934
thickness_grids_L10000mm.csv,13,45,95,10.0,1.4394343434343435,1.5443269054178146,0.104892561983471,65.09289591658843,65.09289591658843,1,3.372044501157456,5.9136565090639825,26.69708503302131,2074.315293780878,2074.3152937815853,3457.192156302642,87.36509648952396,11.034874887883973,26.967758339739383,70.03466105115076,668.0324257716818,0.890709901028909,0.1048372179991858,0.0128703120075594,0.0128703120075638,0.901597938004596,9.0,22500.0,11.654729109274564,1244.589176268527,1244.5891762689512,1.0000000000003408,210909.65443784653,174.1519672346531,174.1519672346531,224.8569630777558,224.8569630777558,4.0,4978.356705074108,56.21424076943895,43.53799180866328,29.823720969888388,29.823720969888388,2.5e+16,0.8951627820008141,0.0064351560037819,0.8887276259970323,10.35787973292409,78862.15892397276,43.0,1,1,1,packing,210.90965443784657,84.36386177513862
thickness_grids_L10000mm.csv,14,45,96,10.0,1.4545757575757576,1.5594683195592287,0.104892561983471,66.4695231396439,66.4695231396439,1,3.369522640472373,5.531707444475441,26.69935345477515,2074.491546054522,2074.5778144479577,3457.629690746596,86.97094779865188,10.975942850724222,26.699353454789364,70.68289793062614,746.2499999954044,0.9949999999938728,0.0947174511639014,0.012869776813785,0.0128703120075638,0.9117177048398806,9.0,22500.0,11.654729109274564,1244.6949276327134,1244.7466886687746,1.0000415853193518,213050.2214322698,178.1117813109294,178.1117813109294,229.93061625533105,229.93061625533105,4.0,4978.779710530854,57.482654063832754,44.52794532773235,29.49284009627923,29.49284009627923,2.5e+16,0.9052825488360986,0.0064351560037819,0.8988473928323167,10.475822874038352,80563.12856189793,43.0,0,1,1,mechanical,213.0502214322698,85.22008857290793
thickness_grids_L10000mm.csv,15,45,97,10.0,1.4697171717171718,1.5746097337006428,0.104892561983471,67.86055534552604,67.86055534552604,1,3.3333540243235515,5.390438971181309,26.434960647802992,2053.9487024298473,2078.350916152608,3463.9181935876804,86.5827542326381,10.91777574794187,26.434960647821292,69.91265678749194,746.2499999939686,0.994999999991958,0.093685302228552,0.0127191998436619,0.0128703120075638,0.91274985377523,9.0,22500.0,11.654729109274564,1232.3692214579085,1247.0105496915648,1.0118806344549367,215190.788426693,178.5181576100467,178.5181576100467,235.08813208885948,235.08813208885948,4.0,4929.476885831634,58.77203302221487,44.629539402511675,29.16752946057738,29.16752946057738,2.5000000000000004e+16,0.906314697771448,0.0064351560037819,0.899879541767666,10.487852290280273,81465.34188370328,43.0,0,1,1,mechanical,215.19078842669305,86.07631537067721
thickness_grids_L10000mm.csv,16,46,97,10.0,1.4697171717171718,1.579233547597184,0.1095163758800122,67.86055534552604,67.86055534552604,1,3.366847338412114,5.179122681082865,25.576596200793485,2074.856387598067,2074.856387599173,3458.0939793319553,84.60912096492584,11.137760141723296,26.29842885275353,68.53499591968443,562.3206181634408,0.7497608242179211,0.1218788600416648,0.0123269236144041,0.0123269236144106,0.8842846017655405,9.0,22500.0,12.168486208890242,1244.9138325588403,1244.9138325595038,1.000000000000533,215517.62657149415,182.6846073836401,182.6846073836401,235.75090402201607,235.75090402201607,4.0,4979.655330235361,58.93772600550402,45.671151845910025,29.12650093130321,29.12650093130321,2.4999999999999996e+16,0.8781211399583352,0.0061634618072053,0.8719576781511298,10.61040498131798,82535.68943975476,43.0,1,1,1,packing,215.51762657149416,86.20705062859766
thickness_grids_L10000mm.csv,17,46,98,10.0,1.484858585858586,1.594374961738598,0.1095163758800122,69.26599253423487,69.26599253423487,1,3.3644053565552694,4.851110050558506,25.5797315484935,2075.110737166385,2075.1107371668686,3458.5178952781143,84.23675531837071,11.079341871695798,26.040644668590303,69.15920112318412,617.2432248498939,0.8229909664665253,0.1120452980913687,0.0123269236144078,0.0123269236144106,0.8941181637158365,9.0,22500.0,12.168486208890242,1245.066442299831,1245.066442300121,1.000000000000233,217658.19356591735,186.79907169018955,186.79907169018955,241.00144882634655,241.00144882634655,4.0,4980.265769199324,60.25036220658664,46.69976792254739,28.80747350457253,28.80747350457253,2.5e+16,0.8879547019086312,0.0061634618072053,0.8817912401014258,10.730064544294423,84288.90014986164,43.0,1,1,1,packing,217.65819356591737,87.06327742636695
thickness_grids_L10000mm.csv,18,46,99,10.0,1.5,1.6095163758800122,0.1095163758800122,70.68583470577035,70.68583470577035,1,3.3619450222384337,4.547131680828693,25.582891310874142,2075.3670673327338,2075.3670673335873,3458.9451122226455,83.86989738470659,11.021662117929235,25.786712939007025,69.78278396959925,683.0706694824023,0.9107608926432031,0.1021604163189692,0.0123269236144056,0.0123269236144106,0.904003045488236,9.0,22500.0,12.168486208890242,1245.22024039964,1245.2202404001523,1.0000000000004114,219798.7605603406,190.98118696439653,190.98118696439653,246.33620203089197,246.33620203089197,4.0,4980.88096159856,61.58405050772299,47.74529674109913,28.493833170049673,28.493833170049673,2.5000000000000004e+16,0.8978395836810308,0.0061634618072053,0.8916761218738254,10.850348591818378,86065.39035750089,43.0,1,1,1,packing,219.7987605603406,87.91950422413623
thickness_grids_L10000mm.csv,19,50,94,10.0,1.4242929292929294,1.553320783593511,0.1290278543005815,63.730673676359615,63.730673676359615,1,3.688783709910019,4.431119539139737,23.738032251731852,2041.91157783931,2041.9115778406012,3403.185963067669,78.50258940731909,12.198950187640206,24.33841307493593,68.57767074872625,576.822695976306,0.7690969279684081,0.1188886484999598,0.0116253967651408,0.0116253967651482,0.8869240498826143,10.0,25000.0,12.90278543005816,1225.146946703586,1225.1469467043607,1.0000000000006324,233861.2341408067,206.79904347400972,206.79904347400972,275.5511052047202,275.5511052047202,4.0,4900.587786814343,68.88777630118005,51.69976086850243,26.941012859860727,26.941012859860727,2.5000000000000004e+16,0.8811113515000402,0.0058126983825741,0.875298653117466,11.293790708393573,95288.50421900395,43.0,1,1,1,packing,233.8612341408067,93.54449365632269
thickness_grids_L10000mm.csv,20,50,95,10.0,1.4394343434343435,1.5684621977349251,0.1290278543005815,65.09289591658843,65.09289591658843,1,3.686188377895132,4.141133037544151,23.741066622171346,2042.1725900439503,2042.1725900455424,3403.6209834092374,78.15119492434356,12.134249527765514,24.09651609880384,69.21344583657354,635.638696225,0.8475182616333333,0.1088880306495275,0.0116253967651391,0.0116253967651482,0.8969246677330466,10.0,25000.0,12.90278543005816,1225.3035540263704,1225.3035540273254,1.0000000000007794,236239.6419123881,211.52002403475657,211.52002403475657,281.76957467590745,281.76957467590745,4.0,4901.214216105482,70.44239366897686,52.88000600868914,26.6420690538767,26.6420690538767,2.5e+16,0.8911119693504724,0.0058126983825741,0.8852992709678983,11.42282653468571,97350.12845196469,43.0,1,1,1,packing,236.23964191238807,94.49585676495522
thickness_grids_L10000mm.csv,21,50,96,10.0,1.4545757575757576,1.5836036118763392,0.1290278543005815,66.4695231396439,66.4695231396439,1,3.6835727849904862,3.8730731205943782,23.744125540575,2042.4357138293535,2042.4357138298396,3404.059523049733,77.80507257143596,12.070381255717146,23.858213611700084,69.8486149487865,706.7470330775908,0.9423293774367878,0.0988311399690278,0.0116253967651454,0.0116253967651482,0.9069815584135464,10.0,25000.0,12.90278543005816,1225.461428297612,1225.4614282979037,1.000000000000238,238618.0496839694,216.32130058495844,216.32130058495844,288.09119728473536,288.09119728473536,4.0,4901.845713190448,72.02279932118384,54.0803251462396,26.34814249990722,26.34814249990722,2.5e+16,0.9011688600309722,0.0058126983825741,0.895356161648398,11.55258843722975,99439.96071903982,43.0,0,1,1,mechanical,238.61804968396945,95.44721987358776
thickness_grids_L10000mm.csv,22,50,97,10.0,1.4697171717171718,1.5987450260177534,0.1290278543005815,67.86055534552604,67.86055534552604,1,3.6617552924123817,3.701626759084154,23.623459346278917,2032.0561804049264,2044.6334093906385,3407.7223489843977,77.46409637979116,12.007325461218842,23.623459346286847,69.75050147853251,746.2499999970719,0.9949999999960958,0.0934680086818173,0.0115538850327792,0.0116253967651482,0.9123446897007568,10.0,25000.0,12.90278543005816,1219.2337082429556,1226.780045634383,1.0061894100699549,240996.4574555508,218.90375059813204,218.90375059813204,294.5162594647663,294.5162594647663,4.0,4876.934832971822,73.62906486619157,54.72593764953301,26.059156844457508,26.059156844457508,2.5e+16,0.9065319913181826,0.0058126983825741,0.9007192929356085,11.62178776946186,101028.81747122204,43.0,0,1,1,mechanical,240.9964574555508,96.39858298222032
thickness_grids_L10000mm.csv,23,51,97,10.0,1.4697171717171718,1.6038769513314968,0.1341597796143251,67.86055534552604,67.86055534552604,1,3.6804836966240546,3.6268559316121194,22.839332755667407,2042.746566025716,2042.7465660265584,3404.577610044264,75.84400800452993,12.222013573405713,23.506829093702983,68.01199849929473,556.5730658980129,0.7420974211973507,0.1221977897718775,0.0111806981519461,0.0111806981519507,0.8833925593040979,10.0,25000.0,13.4159779614325,1225.6479396154296,1225.647939615935,1.0000000000004123,241399.51792716148,221.90035399818012,221.90035399818012,295.431304246449,295.431304246449,4.0,4902.591758461718,73.85782606161224,55.47508849954503,26.01876879500217,26.01876879500217,2.4999999999999996e+16,0.8778022102281224,0.0055903490759753,0.8722118611521471,11.70157510691723,101888.08640255898,43.0,1,1,1,packing,241.39951792716147,96.5598071708646
thickness_grids_L10000mm.csv,24,50,98,10.0,1.484858585858586,1.6138864401591675,0.1290278543005815,69.26599253423487,69.26599253423487,1,3.6228201596934024,3.608172456403099,23.39220807468884,2012.164276819894,2048.5682775693763,3414.280462615627,77.12814446198149,11.945062892072809,23.39220807470158,68.9886955852027,746.2499999951965,0.9949999999935956,0.0924471632638482,0.0114188081162926,0.0116253967651482,0.913365535118726,10.0,25000.0,12.90278543005816,1207.2985660919362,1229.1409665416256,1.0180919625543778,243374.86522713213,219.3970430928632,219.3970430928632,301.0449845012566,301.0449845012566,4.0,4829.194264367745,75.26124612531414,54.84926077321579,25.77503714143482,25.77503714143482,2.5e+16,0.9075528367361516,0.0058126983825741,0.9017401383535776,11.63495951884717,102140.7679385714,43.0,0,1,1,mechanical,243.37486522713215,97.34994609085284
thickness_grids_L10000mm.csv,25,51,98,10.0,1.484858585858586,1.6190183654729111,0.1341597796143251,69.26599253423487,69.26599253423487,1,3.677824730360906,3.397115203745488,22.842325296250326,2043.01421841578,2043.014218416496,3405.023697360827,75.51634763143146,12.158827407602042,23.277831291262633,68.62145674756022,610.4172955075896,0.8138897273434529,0.1124172877351031,0.0111806981519467,0.0111806981519507,0.8931730613408722,10.0,25000.0,13.415977961432525,1225.808531049468,1225.8085310498975,1.0000000000003504,243777.9256987428,226.87274436014096,226.87274436014096,301.972254328807,301.972254328807,4.0,4903.234124197872,75.49306358220176,56.71818609003524,25.73543285668805,25.73543285668805,2.5e+16,0.8875827122648968,0.0055903490759753,0.8819923631889215,11.83279010669436,104038.3723676761,43.0,1,1,1,packing,243.7779256987428,97.51117027949714
thickness_grids_L10000mm.csv,26,51,99,10.0,1.5,1.634159779614325,0.1341597796143251,70.68583470577035,70.68583470577035,1,3.67514600311013,3.1842090445962694,22.84534094538922,2043.2839376316892,2043.283937632983,3405.4732293883053,75.19345647263437,12.096424022562536,23.05224402053857,69.23033824963149,674.8479771294298,0.8997973028392398,0.1025865685248305,0.0111806981519436,0.0111806981519507,0.9030037805511448,10.0,25000.0,13.4159779614325,1225.9703625790137,1225.9703625797897,1.0000000000006333,246156.3334703242,231.9261857021116,231.9261857021116,308.61699516544587,308.61699516544587,4.0,4903.881450316054,77.15424879136147,57.9815464255279,25.456874328074203,25.456874328074203,2.4999999999999996e+16,0.8974134314751695,0.0055903490759753,0.8918230823991942,11.96467881896439,106216.97208143966,43.0,1,1,1,packing,246.1563334703242,98.46253338812969
thickness_grids_L10000mm.csv,27,54,95,10.0,1.4394343434343435,1.589599632690542,0.1501652892561983,65.09289591658843,65.09289591658843,1,3.943467011309024,3.161669257135272,21.83592859041602,1987.2718381560696,2016.6485579669477,3361.080929944913,71.94807847874515,12.99348790380884,21.83592859042851,69.08220557116917,746.2499999949623,0.9949999999932831,0.092572469777736,0.0108278304140556,0.0109878921298844,0.912921476287206,11.0,27500.0,13.651389932381676,1192.3631028936418,1209.9891347801686,1.0147824365277252,261689.74938886508,245.52607911412625,245.52607911412625,345.39064236134317,345.39064236134317,4.0,4769.452411574567,86.34766059033579,61.38151977853156,24.063550931794587,24.063550931794587,2.5e+16,0.907427530222264,0.0054939460649422,0.9019335841573216,12.312647050442182,116183.25383698184,43.0,0,1,1,mechanical,261.6897493888651,104.67589975554604
thickness_grids_L10000mm.csv,28,55,95,10.0,1.4394343434343435,1.5951380471380472,0.1557037037037037,65.09289591658843,65.09289591658843,1,3.991782193199218,3.011354879158586,21.320555282274427,2011.9329833149643,2011.932983316318,3353.2216388605298,70.53107370842851,13.205316670649676,21.730954799075597,68.53261378769939,609.2371115934692,0.8123161487912923,0.1124892303563899,0.0105970504281565,0.0105970504281636,0.8928092948576919,11.0,27500.0,14.154882154882152,1207.159789988979,1207.1597899897906,1.0000000000006726,262168.23404773755,252.51068631034664,252.51068631034664,346.561437443052,346.561437443052,4.0,4828.639159955915,86.640359360763,63.12767157758666,24.0228693684877,24.0228693684877,2.5000000000000004e+16,0.8875107696436101,0.0052985252140818,0.8822122444295283,12.48761035549406,118039.66260996048,43.0,1,1,1,packing,262.16823404773754,104.86729361909502
thickness_grids_L10000mm.csv,29,55,96,10.0,1.4545757575757576,1.6102794612794613,0.1557037037037037,66.4695231396439,66.4695231396439,1,3.9889569400737326,2.8164064219723497,21.32347032479426,2012.208063870596,2012.208063870907,3353.6801064515116,70.22499378181429,13.136908394637944,21.51757646239543,69.15022806061793,674.4524540995435,0.8992699387993914,0.1025279508441256,0.010597050428162,0.0105970504281636,0.902770574369956,11.0,27500.0,14.154882154882152,1207.324838322358,1207.324838322544,1.0000000000001543,264784.4825964771,258.21077568765486,258.21077568765486,354.28770987453106,354.28770987453106,4.0,4829.299353289432,88.57192746863277,64.55269392191371,23.759481250530587,23.759481250530587,2.5e+16,0.8974720491558743,0.0052985252140818,0.8921735239417925,12.628611093102004,120555.69219971666,43.0,1,1,1,packing,264.78448259647706,105.91379303859084
thickness_grids_L10000mm.csv,30,55,97,10.0,1.4697171717171718,1.6254208754208754,0.1557037037037037,67.86055534552604,67.86055534552604,1,3.982550213464303,2.645482278995964,21.307361598508,2010.6879497222812,2012.832159664227,3354.720266107045,69.92338447160046,13.069351100373607,21.307361598519236,69.64272140092743,746.24999999539,0.9949999999938534,0.0933235797673134,0.0105857617070577,0.0105970504281636,0.9119749454467684,11.0,27500.0,14.154882154882152,1206.4127698333689,1207.6992957985362,1.001066406123457,267400.73114521656,263.53429571206595,263.53429571206595,362.1389898500025,362.1389898500025,4.0,4825.6510793334755,90.53474746250062,65.88357392801649,23.500513659591753,23.500513659591753,2.5e+16,0.9066764202326866,0.0052985252140818,0.9013778950186048,12.758897881004089,122995.48537735568,43.0,0,1,1,mechanical,267.4007311452166,106.96029245808664
thickness_grids_L10000mm.csv,31,56,97,10.0,1.4697171717171718,1.6310609121518214,0.1613437404346495,67.86055534552604,67.86055534552604,1,3.985571005818746,2.6374710085885074,20.58144575725585,2012.537843653641,2012.537843654363,3354.2297394239386,68.56869032158498,13.278240376108112,21.20567266511939,67.57115029147478,550.5645203728435,0.7340860271637913,0.1227306660547531,0.0102266130409175,0.0102266130409212,0.8823826404657075,11.0,27500.0,14.667612766786329,1207.5227061921846,1207.5227061926178,1.0000000000003586,267887.9953391143,264.91390283773484,264.91390283773484,363.3658716222674,363.3658716222674,4.0,4830.0908247687385,90.84146790556684,66.22847570943372,23.4608061183413,23.4608061183413,2.5e+16,0.8772693339452469,0.0051133065204606,0.8721560274247863,12.79244688248544,123541.7182892592,43.0,1,1,1,packing,267.8879953391143,107.1551981356457
thickness_grids_L10000mm.csv,32,55,98,10.0,1.484858585858586,1.6405622895622896,0.1557037037037037,69.26599253423487,69.26599253423487,1,3.9404582564216257,2.57802702389122,21.100270542873886,1991.1456198034075,2016.9430142622464,3361.571690437078,69.6261418601777,13.002625013657882,21.100270542875965,68.87992248018634,746.2499999991315,0.994999999998842,0.0923014036586485,0.0104615105105445,0.0105970504281636,0.9129971215554332,11.0,27500.0,14.154882154882152,1194.6873718820443,1210.165808557348,1.0129560561529327,270016.97969395603,264.12884146598014,264.12884146598014,370.1155022524434,370.1155022524434,4.0,4778.749487528178,92.52887556311084,66.03221036649504,23.2458997159657,23.2458997159657,2.5e+16,0.9076985963413514,0.0052985252140818,0.9024000711272696,12.773366663363774,124338.8934302412,43.0,0,1,1,mechanical,270.01697969395605,108.00679187758242
thickness_grids_L10000mm.csv,33,56,98,10.0,1.484858585858586,1.6462023262932357,0.1613437404346495,69.26599253423487,69.26599253423487,1,3.982699140769619,2.470383560040311,20.58430720246948,2012.8176474559543,2012.8176474569732,3354.6960790949556,68.27843384965604,13.210668552085,21.00053737905508,68.16582121044534,603.1758872394984,0.8042345163193312,0.1130115156333815,0.010226613040916,0.0102266130409212,0.8921017908870791,11.0,27500.0,14.667612766786329,1207.6905884735727,1207.690588474184,1.000000000000506,270504.24388785375,270.8163105949661,270.8163105949661,371.3585686835925,371.3585686835925,4.0,4830.762353894291,92.83964217089812,67.70407764874153,23.20696104320717,23.20696104320717,2.4999999999999996e+16,0.8869884843666185,0.0051133065204606,0.8818751778461579,12.935003617288269,126130.32110238523,43.0,1,1,1,packing,270.50424388785376,108.20169755514152
thickness_grids_L10000mm.csv,34,56,99,10.0,1.5,1.6613437404346496,0.1613437404346495,70.68583470577035,70.68583470577035,1,3.9798061984836743,2.3155398709395203,20.587190529654816,2013.0995909668504,2013.099590968065,3355.165984946775,67.99232784221088,13.14391526157902,20.79844534271277,68.75995922313977,665.9986722230034,0.8879982296306712,0.1032433878488516,0.010226613040915,0.0102266130409212,0.9018699186716088,11.0,27500.0,14.667612766786329,1207.85975458011,1207.859754580839,1.0000000000006035,273120.4924365932,276.8139862884981,276.8139862884981,379.47660209790735,379.47660209790735,4.0,4831.4390183204405,94.86915052447684,69.20349657212452,22.957389163008305,22.957389163008305,2.4999999999999996e+16,0.8967566121511483,0.0051133065204606,0.8916433056306877,13.078278733088238,128752.689936168,43.0,1,1,1,packing,273.1204924365932,109.2481969746373
thickness_grids_L10000mm.csv,35,59,95,10.0,1.4394343434343435,1.6183079277624732,0.1788735843281298,65.09289591658843,65.09289591658843,1,4.264339200218467,2.3121835877608716,19.83902786490099,1971.4877909891572,1985.7771267294547,3309.628544549091,65.31928489617431,14.04018326955378,19.83902786490616,69.18615495282077,746.2499999977022,0.9949999999969364,0.092711765431201,0.0099905611751987,0.010062972723228,0.912319720930413,12.0,30000.0,14.906132027344142,1182.8926745934943,1191.4662760376727,1.0072479960594267,288185.41967288667,292.64456852050336,292.64456852050336,418.29221234606,418.29221234606,4.0,4731.570698373977,104.573053086515,73.16114213012584,21.86629023612299,21.86629023612299,2.4999999999999996e+16,0.9072882345687988,0.005031486361614,0.9022567482071848,13.4491582113385,139685.1531212785,43.0,0,1,1,mechanical,288.18541967288667,115.27416786915468
thickness_grids_L10000mm.csv,36,60,95,10.0,1.4394343434343435,1.624354453627181,0.1849201101928375,65.09289591658843,65.09289591658843,1,4.289391336521069,2.2586378603209525,19.306383423451905,1983.4103056054987,1983.4103056055403,3305.683842675901,64.11937896342863,14.245708406202745,19.745940642522783,67.9961781094494,588.9547320641188,0.7852729760854918,0.115452299485127,0.00973393320025,0.0097339332002502,0.8894146671149982,12.0,30000.0,15.410009182736458,1190.0461833632992,1190.0461833633242,1.000000000000021,288755.29130997584,297.2817804483172,297.2817804483172,419.82728203923944,419.82728203923944,4.0,4760.184733453197,104.95682050980986,74.3204451120793,21.826277330452776,21.826277330452776,2.5000000000000004e+16,0.884547700514873,0.0048669666001251,0.8796807339147479,13.555888187502612,141065.92064395364,43.0,1,1,1,packing,288.75529130997586,115.50211652399034
thickness_grids_L10000mm.csv,37,59,96,10.0,1.4545757575757576,1.6334493419038876,0.1788735843281298,66.4695231396439,66.4695231396439,1,4.219017187691511,2.2505441661809065,19.644866432425715,1952.1931513418615,1990.074722992845,3316.791204988075,65.04077088443596,13.9684396025826,19.644866432433687,68.42078680437118,746.2499999963943,0.9949999999951924,0.0916861464719621,0.0098714215126968,0.010062972723228,0.9133453398896518,12.0,30000.0,14.906132027344162,1171.3158908051169,1194.0448337957068,1.019404622757203,291039.5089987843,293.3065664388507,293.3065664388507,427.566539748588,427.566539748588,4.0,4685.263563220467,106.891634937147,73.32664160971268,21.62783971214562,21.62783971214562,2.5e+16,0.9083138535280378,0.005031486361614,0.9032823671664238,13.46444622295468,141228.01390545518,43.0,0,1,1,mechanical,291.0395089987843,116.41580359951372
thickness_grids_L10000mm.csv,38,60,96,10.0,1.4545757575757576,1.6394958677685951,0.1849201101928375,66.4695231396439,66.4695231396439,1,4.286359390869393,2.1124108610311163,19.309168465309547,1983.6964224095025,1983.696422409588,3306.16070401598,63.847232053094274,14.173172872952646,19.553574868614874,68.59686344104863,649.6842709653304,0.8662456946204404,0.105584922564193,0.0097339332002498,0.0097339332002502,0.8992820440359321,12.0,30000.0,15.410009182736458,1190.2178534457014,1190.2178534457528,1.000000000000043,291609.3806358735,303.95129703448487,303.95129703448487,429.1222919076086,429.1222919076086,4.0,4760.871413782806,107.28057297690216,75.98782425862122,21.58859902123618,21.58859902123618,2.4999999999999996e+16,0.894415077435807,0.0048669666001251,0.8895481108356819,13.707944556463728,144049.41556809118,43.0,1,1,1,packing,291.6093806358735,116.6437522543494
thickness_grids_L10000mm.csv,39,60,97,10.0,1.4697171717171718,1.6546372819100092,0.1849201101928375,67.86055534552604,67.86055534552604,1,4.28330474264445,1.9771244253850293,19.311975251206103,1983.9847730524352,1983.9847730529468,3306.6412884215783,63.57898339303648,14.101517714139469,19.36404778424883,69.19703675933302,723.3227327067764,0.9644303102757018,0.0956655081202658,0.0097339332002477,0.0097339332002502,0.9092014584798592,12.0,30000.0,15.410009182736458,1190.390863831461,1190.390863831768,1.0000000000002578,294463.4699617711,310.73056056493715,310.73056056493715,438.56583268590487,438.56583268590487,4.0,4761.563455325844,109.64145817147622,77.68264014123429,21.354902886723433,21.354902886723433,2.4999999999999996e+16,0.904334491879734,0.0048669666001251,0.899467525279609,13.860802824132012,147072.4812496831,43.0,0,1,1,mechanical,294.4634699617711,117.78538798470844
thickness_grids_L10000mm.csv,40,60,98,10.0,1.484858585858586,1.6697786960514234,0.1849201101928375,69.26599253423487,69.26599253423487,1,4.2497616869419055,1.9055312808511573,19.17732436123357,1970.1516300461656,1987.157199452221,3311.928665753702,63.31454423113988,14.030722911669992,19.17732436123939,68.80663533378228,746.2499999973163,0.994999999996422,0.0922031964275105,0.0096506327564422,0.0097339332002502,0.9126637701726148,12.0,30000.0,15.410009182736458,1182.0909780276993,1192.2943196713325,1.0086316043631915,297317.55928766873,313.11442525446034,313.11442525446034,448.15811661047906,448.15811661047906,4.0,4728.363912110797,112.03952915261976,78.27860631361509,21.125128757629753,21.125128757629753,2.5e+16,0.9077968035724896,0.0048669666001251,0.9029298369723644,13.914157079110868,149066.5178868295,43.0,0,1,1,mechanical,297.31755928766876,118.92702371506748
thickness_grids_L10000mm.csv,41,61,98,10.0,1.484858585858586,1.6759268441995716,0.1910682583409856,69.26599253423487,69.26599253423487,1,4.279591037348175,1.8529568789044313,18.6938629165993,1984.3354606332043,1984.3354606337016,3307.2257677228363,62.17016004836125,14.232631367870823,19.08892566351024,67.81025849091914,597.5300180771318,0.7967066907695092,0.113484270981288,0.0094207170548821,0.0094207170548844,0.8912260875461542,12.0,30000.0,15.922354861748811,1190.6012763799229,1190.601276380221,1.0000000000002505,297897.0085993309,318.7920417663974,318.7920417663974,449.784804653902,449.784804653902,4.0,4762.4051055196915,112.44620116347552,79.69801044159935,21.086893672255105,21.086893672255105,2.4999999999999996e+16,0.886515729018712,0.0047103585274422,0.8818053704912697,14.04041802795788,150705.07847477263,43.0,1,1,1,packing,297.8970085993309,119.15880343973237
thickness_grids_L10000mm.csv,42,61,99,10.0,1.5,1.6910682583409855,0.1910682583409856,70.68583470577035,70.68583470577035,1,4.2764870909439425,1.736805949736377,18.696625182574472,1984.628672493733,1984.6286724943009,3307.7144541571683,61.91531665946631,14.161916914967788,18.906659364485797,68.38982775141926,658.9682963126826,0.8786243950835768,0.1037831837041338,0.0094207170548817,0.0094207170548844,0.9009271748233084,12.0,30000.0,15.922354861748811,1190.7772034962395,1190.7772034965806,1.0000000000002864,300751.0979252285,325.80725998697216,325.80725998697216,459.54678224431103,459.54678224431103,4.0,4763.108813984958,114.88669556107776,81.45181499674304,20.861721006138986,20.861721006138986,2.4999999999999996e+16,0.8962168162958661,0.0047103585274422,0.8915064577684239,14.194882182129524,153813.90917004176,43.0,1,1,1,packing,300.75109792522846,120.3004391700914
thickness_grids_L10000mm.csv,43,64,96,10.0,1.4545757575757576,1.6646981940618306,0.2101224364860728,66.4695231396439,66.4695231396439,1,4.527530645729117,1.6970206393923597,17.96234009810054,1935.5336750791655,1961.216589112791,3268.6943151879855,59.42738469055591,14.979078667510445,17.96234009810643,68.51944828751516,746.2499999970818,0.994999999996109,0.0918183561645334,0.0091587743025497,0.0092803035820938,0.9128217956265134,13.0,32500.0,16.163264345082535,1161.3202050474993,1176.7299534676747,1.0132691641402598,318483.36425745615,344.765319941521,344.765319941521,511.2691697751031,511.2691697751031,4.0,4645.280820189997,127.81729244377576,86.19132998538025,19.778356257280553,19.778356257280553,2.5e+16,0.9081816438354664,0.0046401517910469,0.9035414920444196,14.604179982664242,167554.67457503904,43.0,0,1,1,mechanical,318.4833642574562,127.39334570298246
thickness_grids_L10000mm.csv,44,65,96,10.0,1.4545757575757576,1.6712528313437405,0.2166770737679828,66.4695231396439,66.4695231396439,1,4.576270799263122,1.6258701423938742,17.609823526980918,1956.741041741951,1956.741041742876,3261.23506957146,58.40310196490692,15.177233871702038,17.88030928172296,68.18666381951972,631.9228368317557,0.842563782442341,0.1079034651784136,0.0089995677257813,0.0089995677257855,0.8965963186844792,13.0,32500.0,16.667467212921757,1174.0446250451705,1174.0446250457255,1.0000000000004727,319152.6042682395,353.7389696543016,353.7389696543016,513.2674140223296,513.2674140223296,4.0,4696.178500180682,128.3168535055824,88.4347424135754,19.739818326390843,19.739818326390843,2.5e+16,0.8920965348215864,0.0044997838628927,0.8875967509586936,14.793989744899903,170077.8885092242,43.0,1,1,1,packing,319.15260426823954,127.6610417072958
thickness_grids_L10000mm.csv,45,65,97,10.0,1.4697171717171718,1.6863942454851546,0.2166770737679828,67.86055534552604,67.86055534552604,1,4.573010444940085,1.5217423403364736,17.61251154008692,1957.039724210699,1957.0397242123197,3261.7328736871996,58.163499464982586,15.101894466456072,17.708484904030648,68.77059596507351,701.1920204988913,0.9349226939985218,0.0980766950487312,0.0089995677257781,0.0089995677257855,0.9064230888141616,13.0,32500.0,16.667467212921757,1174.2238345264195,1174.2238345273918,1.000000000000828,322244.5343712952,361.57502040728184,361.57502040728184,524.4772226094352,524.4772226094352,4.0,4696.895338105678,131.1193056523588,90.39375510182046,19.527726407999328,19.527726407999328,2.5e+16,0.9019233049512688,0.0044997838628927,0.897423521088376,14.957777113845305,173617.21256709023,43.0,0,1,1,mechanical,322.2445343712952,128.89781374851808
thickness_grids_L10000mm.csv,46,65,98,10.0,1.484858585858586,1.7015356596265687,0.2166770737679828,69.26599253423487,69.26599253423487,1,4.550002754253107,1.4501995025362844,17.539189940464595,1948.892488492672,1959.1503119591105,3265.2505199318507,57.927228966536134,15.027435830198211,17.539189940471058,68.75666735741126,746.2499999967451,0.9949999999956604,0.0921362376652745,0.0089524473101432,0.0089995677257855,0.9123635461976184,13.0,32500.0,16.667467212921757,1169.3354930956032,1175.4901871754662,1.0052634116694514,325336.464474351,366.353685193203,366.353685193203,535.8611798147049,535.8611798147049,4.0,4677.341972382413,133.96529495367622,91.58842129830074,19.31918716015231,19.31918716015231,2.5e+16,0.9078637623347254,0.0044997838628927,0.9033639784718328,15.056789492513827,176437.55654477852,43.0,0,1,1,mechanical,325.33646447435103,130.1345857897404
thickness_grids_L10000mm.csv,47,66,98,10.0,1.484858585858586,1.7081919191919193,0.2233333333333333,69.26599253423487,69.26599253423487,1,4.568989367415972,1.426243901431635,17.090803241251884,1957.408234468165,1957.4082344699084,3262.3470574498474,56.94279944188938,15.222868201590476,17.459798582945776,67.56294683789794,594.6117125841901,0.7928156167789202,0.1136253212104896,0.0087313432835743,0.008731343283582,0.8907403504313014,13.0,32500.0,17.179487179487182,1174.4449406808988,1174.444940681945,1.0000000000008908,326016.080299255,371.0009793150026,371.0009793150026,537.9472960753759,537.9472960753759,4.0,4697.779762723595,134.48682401884398,92.75024482875064,19.28169164826794,19.28169164826794,2.4999999999999996e+16,0.8863746787895104,0.004365671641791,0.8820090071477193,15.152462430486462,177924.0105033704,43.0,1,1,1,packing,326.01608029925495,130.40643211970198
thickness_grids_L10000mm.csv,48,65,99,10.0,1.5,1.7166770737679828,0.2166770737679828,70.68583470577035,70.68583470577035,1,4.502773101258794,1.4131221626464172,17.372393488471886,1930.3586591938704,1963.4985442816928,3272.4975738028215,57.694216901232146,14.953838579206035,17.372393488474184,68.00111172023456,746.2499999988206,0.9949999999984276,0.0911237677994533,0.0088476732203675,0.0089995677257855,0.9133760160634397,13.0,32500.0,16.667467212921757,1158.2151955163222,1178.0991265690157,1.0171677345709744,328428.39457740675,367.1712723955089,367.1712723955089,547.4193860172915,547.4193860172915,4.0,4632.860782065289,136.85484650432286,91.79281809887722,19.114146539414183,19.114146539414183,2.5000000000000004e+16,0.9088762322005468,0.0044997838628927,0.904376448337654,15.073664800806476,178313.01951304186,43.0,0,1,1,mechanical,328.4283945774068,131.3713578309627
thickness_grids_L10000mm.csv,49,66,99,10.0,1.5,1.7233333333333334,0.2233333333333333,70.68583470577035,70.68583470577035,1,4.565676810842938,1.3368395819048111,17.093454883301888,1957.711926805516,1957.7119268068056,3262.8532113446763,56.714865290264136,15.148590326160038,17.294509777168106,68.12823749227866,655.1214713290208,0.8734952951053612,0.1039932905176644,0.0087313432835763,0.008731343283582,0.9003723811241265,13.0,32500.0,17.179487179487182,1174.6271560833095,1174.6271560840833,1.0000000000006588,329108.0104023108,379.1079549991133,379.1079549991133,549.531787508406,549.531787508406,4.0,4698.508624333238,137.3829468771015,94.77698874977833,19.07737375446392,19.07737375446392,2.4999999999999996e+16,0.8960067094823355,0.004365671641791,0.8916410378405445,15.31793577828628,181563.2347018056,43.0,1,1,1,packing,329.1080104023108,131.6432041609243
thickness_grids_L10000mm.csv,50,69,96,10.0,1.4545757575757576,1.6984876033057852,0.2439118457300275,66.4695231396439,66.4695231396439,1,4.826164453529504,1.314390018676979,16.51084651357469,1917.7100227100923,1934.1415220557856,3223.5692034263097,54.588019354361705,15.95622358793053,16.510846513580812,68.61282011842945,746.2499999967133,0.9949999999956178,0.091943477546039,0.008536524512449,0.0086096679466907,0.9123613564273064,14.0,35000.0,17.422274695001967,1150.6260136260553,1160.4849132334714,1.0085682919477432,346697.4241797009,400.4566048560586,400.4566048560586,604.9466551868427,604.9466551868427,4.0,4602.504054504221,151.23666379671067,100.11415121401468,18.182619809783706,18.182619809783706,2.5000000000000004e+16,0.908056522453961,0.0043048339733453,0.9037516884806156,15.745410172781131,196578.65315628488,43.0,0,1,1,mechanical,346.6974241797009,138.67896967188037
thickness_grids_L10000mm.csv,51,70,96,10.0,1.4545757575757576,1.7055503520048976,0.2509745944291399,66.4695231396439,66.4695231396439,1,4.859119772609965,1.2790935303132935,16.15911706701148,1931.203739155333,1931.2037391570116,3218.672898595019,53.69893100649236,16.147512041629298,16.436350931514383,67.91492688797197,620.5859492099198,0.8274479322798931,0.1094367782165158,0.0083673807891781,0.0083673807891854,0.8947469121780768,14.0,35000.0,17.92675674493857,1158.7222434931998,1158.7222434942069,1.000000000000869,347474.0139596558,407.8053745022315,407.8053745022315,607.4691854093777,607.4691854093777,4.0,4634.888973972799,151.86729635234445,101.95134362555788,18.14482865646581,18.14482865646581,2.5000000000000004e+16,0.8905632217834841,0.0041836903945927,0.8863795313888914,15.889910242901296,198818.50937469825,43.0,1,1,1,packing,347.4740139596558,138.9896055838623
thickness_grids_L10000mm.csv,52,70,97,10.0,1.4697171717171718,1.7206917661463117,0.2509745944291399,67.86055534552604,67.86055534552604,1,4.85565526348776,1.19717741542441,16.161697413987024,1931.5121208389876,1931.5121208394849,3219.186868065808,53.48419165913993,16.068906012207282,16.279864608122747,68.48324543833091,686.8978792225977,0.9158638389634636,0.0996993112219787,0.0083673807891833,0.0083673807891854,0.904484379172614,14.0,35000.0,17.92675674493857,1158.9072725033925,1158.9072725036908,1.0000000000002571,350803.7848398697,416.77206163960415,416.77206163960415,620.6277890704059,620.6277890704059,4.0,4635.62909001357,155.15694726760148,104.19301540990104,17.951444018023917,17.951444018023917,2.5000000000000004e+16,0.9003006887780213,0.0041836903945927,0.8961169983834285,16.06447144502423,202918.4700293454,43.0,1,1,1,packing,350.8037848398697,140.32151393594788
thickness_grids_L10000mm.csv,53,70,98,10.0,1.484858585858586,1.7358331802877258,0.2509745944291399,69.26599253423487,69.26599253423487,1,4.8405709622737705,1.132108432209835,16.125669920069704,1927.206413375084,1932.856058143193,3221.4267635719884,53.272371558942645,15.991192684574198,16.125669920074166,68.72151627426504,746.2499999975539,0.9949999999967386,0.0920891340361679,0.0083429233398584,0.0083673807891854,0.9120945563584248,14.0,35000.0,17.92675674493857,1156.3238480250502,1159.7136348859158,1.002931520323355,354133.5557200836,423.8477295587291,423.8477295587291,633.9877865635,633.9877865635,4.0,4625.295392100201,158.496946640875,105.96193238968227,17.761291911569753,17.761291911569753,2.5000000000000004e+16,0.907910865963832,0.0041836903945927,0.9037271755692392,16.20089724022014,206576.07442174447,43.0,0,1,1,mechanical,354.13355572008356,141.65342228803345
thickness_grids_L10000mm.csv,54,71,98,10.0,1.484858585858586,1.7429975512702789,0.2581389654116927,69.26599253423487,69.26599253423487,1,4.851321249940587,1.122106952933165,15.716286379346144,1931.898050513473,1931.8980505149489,3219.8300841915816,52.41613900434368,16.179873721682046,16.053603396896296,67.4265713259517,595.0889015667955,0.7934518687557273,0.1133050392108235,0.0081351530817876,0.0081351530817938,0.8907625373300733,14.0,35000.0,18.43849752940663,1159.1388303080837,1159.138830308969,1.0000000000007645,354921.3194537069,427.6805719238199,427.6805719238199,636.617552500032,636.617552500032,4.0,4636.555321232334,159.154388125008,106.92014298095498,17.724569411512533,17.724569411512533,2.4999999999999996e+16,0.8866949607891764,0.0040675765408969,0.8826273842482795,16.274322843848537,207969.60077513452,43.0,1,1,1,packing,354.92131945370693,141.96852778148275
thickness_grids_L10000mm.csv,55,70,99,10.0,1.5,1.75097459442914,0.2509745944291399,70.68583470577035,70.68583470577035,1,4.790716108237016,1.1028037044478247,15.973739171139488,1909.0489095207615,1937.3124978566732,3228.8541630944555,53.063407814077706,15.914352916951868,15.973739171139806,67.96481915603236,746.2499999998233,0.9949999999997644,0.0910751345474686,0.0082453084821431,0.0083673807891854,0.913108555847124,14.0,35000.0,17.92675674493857,1145.429345712457,1162.387498714004,1.0148050624554226,357463.32660029747,424.79500620816054,424.79500620816054,647.5492241280876,647.5492241280876,4.0,4581.717382849828,161.8873060320219,106.19875155204014,17.574323003240266,17.574323003240266,2.5000000000000004e+16,0.9089248654525314,0.0041836903945927,0.9047411750579386,16.219074962393545,208751.30715915625,43.0,0,1,1,mechanical,357.4633266002975,142.98533064011897
thickness_grids_L10000mm.csv,56,71,99,10.0,1.5,1.7581389654116928,0.2581389654116927,70.68583470577035,70.68583470577035,1,4.847801785952942,1.0517694267582594,15.718836921170931,1932.2115715743728,1932.2115715752295,3220.35261929205,52.211608205019864,16.10243358163905,15.903032912482464,67.97793053263877,655.2557801109158,0.873674373481221,0.1037425881556238,0.0081351530817902,0.0081351530817938,0.900324988385273,14.0,35000.0,18.43849752940663,1159.3269429446236,1159.3269429451375,1.0000000000004434,358251.0903339208,436.9548477688911,436.9548477688911,650.2115795239932,650.2115795239932,4.0,4637.3077717784945,162.5528948809983,109.23871194222278,17.53830619801927,17.53830619801927,2.5e+16,0.8962574118443761,0.0040675765408969,0.8921898353034792,16.450640074004905,212184.5761272185,43.0,1,1,1,packing,358.2510903339208,143.30043613356833
thickness_grids_L10000mm.csv,57,74,96,10.0,1.4545757575757576,1.7348175696357515,0.2802418120599939,66.4695231396439,66.4695231396439,1,5.114376195011214,1.0422263256150623,15.244853214910847,1898.775684237884,1908.775879622991,3181.293132704985,50.370965417487014,16.898559980817446,15.244853214915008,68.69849267600449,746.2499999975801,0.9949999999967734,0.0920582816431856,0.0079867172346718,0.0080287805144448,0.9119561086140368,15.0,37500.0,18.68278747066626,1139.2654105427307,1145.2655277737945,1.0052666544384994,375741.54923159943,460.382993868263,460.382993868263,709.4134933951082,709.4134933951082,4.0,4557.061642170923,177.35337334877704,115.09574846706576,16.790563652588695,16.790563652588695,2.5e+16,0.9079417183568144,0.0040143902572224,0.903927328099592,16.887882159811888,228431.9608582422,43.0,0,1,1,mechanical,375.74154923159944,150.29661969263978
thickness_grids_L10000mm.csv,58,75,96,10.0,1.4545757575757576,1.7423884297520662,0.2878126721763086,66.4695231396439,66.4695231396439,1,5.135282253854061,1.0253578078409484,14.907854790203046,1906.9642327043205,1906.964232705688,3178.273721176147,49.591675931410514,17.082756502083242,15.17661476423227,67.77569823043103,615.2038580367306,0.8202718107156408,0.1101678693087527,0.0078175848998757,0.0078175848998813,0.8937409231411878,15.0,37500.0,19.18751147842057,1144.178539622592,1144.178539623413,1.0000000000007174,376633.4701762033,466.4160159179603,466.4160159179603,712.5508376498439,712.5508376498439,4.0,4576.714158490368,178.13770941246096,116.60400397949007,16.75355865001435,16.75355865001435,2.5000000000000004e+16,0.8898321306912472,0.0039087924499406,0.8859233382413065,16.99866422150574,230469.60041258475,43.0,1,1,1,packing,376.6334701762033,150.65338807048133
thickness_grids_L10000mm.csv,59,74,97,10.0,1.4697171717171718,1.7499589837771656,0.2802418120599939,67.86055534552604,67.86055534552604,1,5.06149787506837,1.0139899773611998,15.10050684376538,1880.7970670760665,1913.3750146236457,3188.958357706076,50.1738619386363,16.817640507956394,15.100506843773854,67.93432295128018,746.2499999949807,0.9949999999933078,0.091034268612043,0.0078920790374884,0.0080287805144448,0.9129801216451796,15.0,37500.0,18.68278747066626,1128.4782402456397,1148.0250087741874,1.0173213517385085,379309.1608889714,461.42205624183424,461.42205624183424,724.6728110403113,724.6728110403113,4.0,4513.912960982559,181.16820276007783,115.35551406045856,16.612845041701917,16.612845041701917,2.5000000000000004e+16,0.908965731387957,0.0040143902572224,0.9049513411307346,16.907013577639916,230860.9702009755,43.0,0,1,1,mechanical,379.3091608889714,151.72366435558857
thickness_grids_L10000mm.csv,60,75,97,10.0,1.4697171717171718,1.7575298438934803,0.2878126721763086,67.86055534552604,67.86055534552604,1,5.1316145571152605,0.9596962193283676,14.910337321719494,1907.2817900507696,1907.2817900523028,3178.802983420505,49.398705756146455,17.001299976737275,15.03355760886378,68.32899920036348,679.7810793483039,0.9063747724644052,0.1005161827479362,0.007817584899875,0.0078175848998813,0.9033926097020044,15.0,37500.0,19.18751147842057,1144.3690740304617,1144.3690740313816,1.0000000000008038,380201.0818335753,476.58898045130894,476.58898045130894,727.8497995529198,727.8497995529198,4.0,4577.476296121847,181.9624498882299,119.14724511282724,16.57654872243371,16.57654872243371,2.5000000000000004e+16,0.8994838172520637,0.0039087924499406,0.895575024802123,17.183856068177523,235176.1932201853,43.0,1,1,1,packing,380.2010818335753,152.08043273343014
thickness_grids_L10000mm.csv,61,79,94,10.0,1.4242929292929294,1.7434052647689011,0.3191123354759718,63.730673676359615,63.730673676359615,1,5.413787627555655,0.9550835622691984,14.163170496659356,1883.1843395555609,1883.184339555953,3138.640565926589,47.02420415292587,17.97472216399629,14.400827230119605,68.03608600349551,623.0213323103286,0.8306951097471048,0.1092034613826137,0.0075208625088709,0.0075208625088725,0.8945569698718225,16.0,40000.0,19.94452096724823,1129.9106037333363,1129.910603733572,1.0000000000002085,398064.695010172,505.0382178869213,505.0382178869213,791.1631862719114,791.1631862719114,4.0,4519.642414933346,197.79079656797785,126.25955447173033,15.899444915493437,15.899444915493437,2.4999999999999996e+16,0.8907965386173863,0.0037604312544362,0.88703610736295,17.691510242006615,253468.3820347199,43.0,1,1,1,packing,398.064695010172,159.22587800406882
