candidate_rank,source_file,pareto_rank,row_i,col_j,solenoid_length_m,ri,rf,th,v,v_bore,valid,b0,scan,je_coil,je_tape,je_max,j_crit,je_mech,b0_mech,je_closed,stress,sigma_struct,util,f_struct,f_tape_min,f_tape_built,fill,n_tp,n_tot,pitch,i0,i_max,i_margin,length_tape,em_tot,em_dump,l_self,l_dump,r_ee,u_ee,tau_ee,miits,j_cu_max,j_cu,gamma_op,f_cu_req,f_cu_have,f_cu_add,t_cu_add,m_cu,n_eval,binding_code,feasible,converged,binding,length_tape_km,pancake_length_m,scan_error_yrs,abs_scan_error_yrs,target_scan_yrs,scan_margin_yrs,search_pool,pick_rule
0,thickness_grids_L10000mm.csv,44,65,97,10.0,1.4697171717171718,1.6863942454851546,0.2166770737679828,67.86055534552604,67.86055534552604,1,4.573010444940085,1.5217423403364736,17.61251154008692,1957.039724210699,1957.0397242123197,3261.7328736871996,58.163499464982586,15.101894466456072,17.708484904030648,68.77059596507351,701.1920204988913,0.9349226939985218,0.0980766950487312,0.0089995677257781,0.0089995677257855,0.9064230888141616,13.0,32500.0,16.667467212921757,1174.2238345264195,1174.2238345273918,1.000000000000828,322244.5343712952,361.57502040728184,361.57502040728184,524.4772226094352,524.4772226094352,4.0,4696.895338105678,131.1193056523588,90.39375510182046,19.527726407999328,19.527726407999328,2.5e+16,0.9019233049512688,0.0044997838628927,0.897423521088376,14.957777113845305,173617.21256709023,43.0,0,1,1,mechanical,322.2445343712952,128.89781374851808,0.021742340336473598,0.021742340336473598,1.5,0.25,pareto,closest
1,thickness_grids_L10000mm.csv,45,65,98,10.0,1.484858585858586,1.7015356596265687,0.2166770737679828,69.26599253423487,69.26599253423487,1,4.550002754253107,1.4501995025362844,17.539189940464595,1948.892488492672,1959.1503119591105,3265.2505199318507,57.927228966536134,15.027435830198211,17.539189940471058,68.75666735741126,746.2499999967451,0.9949999999956604,0.0921362376652745,0.0089524473101432,0.0089995677257855,0.9123635461976184,13.0,32500.0,16.667467212921757,1169.3354930956032,1175.4901871754662,1.0052634116694514,325336.464474351,366.353685193203,366.353685193203,535.8611798147049,535.8611798147049,4.0,4677.341972382413,133.96529495367622,91.58842129830074,19.31918716015231,19.31918716015231,2.5e+16,0.9078637623347254,0.0044997838628927,0.9033639784718328,15.056789492513827,176437.55654477852,43.0,0,1,1,mechanical,325.33646447435103,130.1345857897404,-0.04980049746371562,0.04980049746371562,1.5,0.25,pareto,closest
2,thickness_grids_L10000mm.csv,46,66,98,10.0,1.484858585858586,1.7081919191919193,0.2233333333333333,69.26599253423487,69.26599253423487,1,4.568989367415972,1.426243901431635,17.090803241251884,1957.408234468165,1957.4082344699084,3262.3470574498474,56.94279944188938,15.222868201590476,17.459798582945776,67.56294683789794,594.6117125841901,0.7928156167789202,0.1136253212104896,0.0087313432835743,0.008731343283582,0.8907403504313014,13.0,32500.0,17.179487179487182,1174.4449406808988,1174.444940681945,1.0000000000008908,326016.080299255,371.0009793150026,371.0009793150026,537.9472960753759,537.9472960753759,4.0,4697.779762723595,134.48682401884398,92.75024482875064,19.28169164826794,19.28169164826794,2.4999999999999996e+16,0.8863746787895104,0.004365671641791,0.8820090071477193,15.152462430486462,177924.0105033704,43.0,1,1,1,packing,326.01608029925495,130.40643211970198,-0.07375609856836496,0.07375609856836496,1.5,0.25,pareto,closest
3,thickness_grids_L10000mm.csv,47,65,99,10.0,1.5,1.7166770737679828,0.2166770737679828,70.68583470577035,70.68583470577035,1,4.502773101258794,1.4131221626464172,17.372393488471886,1930.3586591938704,1963.4985442816928,3272.4975738028215,57.694216901232146,14.953838579206035,17.372393488474184,68.00111172023456,746.2499999988206,0.9949999999984276,0.0911237677994533,0.0088476732203675,0.0089995677257855,0.9133760160634397,13.0,32500.0,16.667467212921757,1158.2151955163222,1178.0991265690157,1.0171677345709744,328428.39457740675,367.1712723955089,367.1712723955089,547.4193860172915,547.4193860172915,4.0,4632.860782065289,136.85484650432286,91.79281809887722,19.114146539414183,19.114146539414183,2.5000000000000004e+16,0.9088762322005468,0.0044997838628927,0.904376448337654,15.073664800806476,178313.01951304186,43.0,0,1,1,mechanical,328.4283945774068,131.3713578309627,-0.08687783735358279,0.08687783735358279,1.5,0.25,pareto,closest
4,thickness_grids_L10000mm.csv,43,65,96,10.0,1.4545757575757576,1.6712528313437405,0.2166770737679828,66.4695231396439,66.4695231396439,1,4.576270799263122,1.6258701423938742,17.609823526980918,1956.741041741951,1956.741041742876,3261.23506957146,58.40310196490692,15.177233871702038,17.88030928172296,68.18666381951972,631.9228368317557,0.842563782442341,0.1079034651784136,0.0089995677257813,0.0089995677257855,0.8965963186844792,13.0,32500.0,16.667467212921757,1174.0446250451705,1174.0446250457255,1.0000000000004727,319152.6042682395,353.7389696543016,353.7389696543016,513.2674140223296,513.2674140223296,4.0,4696.178500180682,128.3168535055824,88.4347424135754,19.739818326390843,19.739818326390843,2.5e+16,0.8920965348215864,0.0044997838628927,0.8875967509586936,14.793989744899903,170077.8885092242,43.0,1,1,1,packing,319.15260426823954,127.6610417072958,0.12587014239387417,0.12587014239387417,1.5,0.25,pareto,closest
5,thickness_grids_L10000mm.csv,48,66,99,10.0,1.5,1.7233333333333334,0.2233333333333333,70.68583470577035,70.68583470577035,1,4.565676810842938,1.3368395819048111,17.093454883301888,1957.711926805516,1957.7119268068056,3262.8532113446763,56.714865290264136,15.148590326160038,17.294509777168106,68.12823749227866,655.1214713290208,0.8734952951053612,0.1039932905176644,0.0087313432835763,0.008731343283582,0.9003723811241265,13.0,32500.0,17.179487179487182,1174.6271560833095,1174.6271560840833,1.0000000000006588,329108.0104023108,379.1079549991133,379.1079549991133,549.531787508406,549.531787508406,4.0,4698.508624333238,137.3829468771015,94.77698874977833,19.07737375446392,19.07737375446392,2.4999999999999996e+16,0.8960067094823355,0.004365671641791,0.8916410378405445,15.31793577828628,181563.2347018056,43.0,1,1,1,packing,329.1080104023108,131.6432041609243,-0.16316041809518889,0.16316041809518889,1.5,0.25,pareto,closest
6,thickness_grids_L10000mm.csv,49,69,96,10.0,1.4545757575757576,1.6984876033057852,0.2439118457300275,66.4695231396439,66.4695231396439,1,4.826164453529504,1.314390018676979,16.51084651357469,1917.7100227100923,1934.1415220557856,3223.5692034263097,54.588019354361705,15.95622358793053,16.510846513580812,68.61282011842945,746.2499999967133,0.9949999999956178,0.091943477546039,0.008536524512449,0.0086096679466907,0.9123613564273064,14.0,35000.0,17.422274695001967,1150.6260136260553,1160.4849132334714,1.0085682919477432,346697.4241797009,400.4566048560586,400.4566048560586,604.9466551868427,604.9466551868427,4.0,4602.504054504221,151.23666379671067,100.11415121401468,18.182619809783706,18.182619809783706,2.5000000000000004e+16,0.908056522453961,0.0043048339733453,0.9037516884806156,15.745410172781131,196578.65315628488,43.0,0,1,1,mechanical,346.6974241797009,138.67896967188037,-0.18560998132302098,0.18560998132302098,1.5,0.25,pareto,closest
7,thickness_grids_L10000mm.csv,42,64,96,10.0,1.4545757575757576,1.6646981940618306,0.2101224364860728,66.4695231396439,66.4695231396439,1,4.527530645729117,1.6970206393923597,17.96234009810054,1935.5336750791655,1961.216589112791,3268.6943151879855,59.42738469055591,14.979078667510445,17.96234009810643,68.51944828751516,746.2499999970818,0.994999999996109,0.0918183561645334,0.0091587743025497,0.0092803035820938,0.9128217956265134,13.0,32500.0,16.163264345082535,1161.3202050474993,1176.7299534676747,1.0132691641402598,318483.36425745615,344.765319941521,344.765319941521,511.2691697751031,511.2691697751031,4.0,4645.280820189997,127.81729244377576,86.19132998538025,19.778356257280553,19.778356257280553,2.5e+16,0.9081816438354664,0.0046401517910469,0.9035414920444196,14.604179982664242,167554.67457503904,43.0,0,1,1,mechanical,318.4833642574562,127.39334570298246,0.1970206393923597,0.1970206393923597,1.5,0.25,pareto,closest
8,thickness_grids_L10000mm.csv,50,70,96,10.0,1.4545757575757576,1.7055503520048976,0.2509745944291399,66.4695231396439,66.4695231396439,1,4.859119772609965,1.2790935303132935,16.15911706701148,1931.203739155333,1931.2037391570116,3218.672898595019,53.69893100649236,16.147512041629298,16.436350931514383,67.91492688797197,620.5859492099198,0.8274479322798931,0.1094367782165158,0.0083673807891781,0.0083673807891854,0.8947469121780768,14.0,35000.0,17.92675674493857,1158.7222434931998,1158.7222434942069,1.000000000000869,347474.0139596558,407.8053745022315,407.8053745022315,607.4691854093777,607.4691854093777,4.0,4634.888973972799,151.86729635234445,101.95134362555788,18.14482865646581,18.14482865646581,2.5000000000000004e+16,0.8905632217834841,0.0041836903945927,0.8863795313888914,15.889910242901296,198818.50937469825,43.0,1,1,1,packing,347.4740139596558,138.9896055838623,-0.22090646968670646,0.22090646968670646,1.5,0.25,pareto,closest
9,thickness_grids_L10000mm.csv,41,61,99,10.0,1.5,1.6910682583409855,0.1910682583409856,70.68583470577035,70.68583470577035,1,4.2764870909439425,1.736805949736377,18.696625182574472,1984.628672493733,1984.6286724943009,3307.7144541571683,61.91531665946631,14.161916914967788,18.906659364485797,68.38982775141926,658.9682963126826,0.8786243950835768,0.1037831837041338,0.0094207170548817,0.0094207170548844,0.9009271748233084,12.0,30000.0,15.922354861748811,1190.7772034962395,1190.7772034965806,1.0000000000002864,300751.0979252285,325.80725998697216,325.80725998697216,459.54678224431103,459.54678224431103,4.0,4763.108813984958,114.88669556107776,81.45181499674304,20.861721006138986,20.861721006138986,2.4999999999999996e+16,0.8962168162958661,0.0047103585274422,0.8915064577684239,14.194882182129524,153813.90917004176,43.0,1,1,1,packing,300.75109792522846,120.3004391700914,0.23680594973637703,0.23680594973637703,1.5,0.25,pareto,closest
0,thickness_grids_L10000mm.csv,32,56,98,10.0,1.484858585858586,1.6462023262932357,0.1613437404346495,69.26599253423487,69.26599253423487,1,3.982699140769619,2.470383560040311,20.58430720246948,2012.8176474559543,2012.8176474569732,3354.6960790949556,68.27843384965604,13.210668552085,21.00053737905508,68.16582121044534,603.1758872394984,0.8042345163193312,0.1130115156333815,0.010226613040916,0.0102266130409212,0.8921017908870791,11.0,27500.0,14.667612766786329,1207.6905884735727,1207.690588474184,1.000000000000506,270504.24388785375,270.8163105949661,270.8163105949661,371.3585686835925,371.3585686835925,4.0,4830.762353894291,92.83964217089812,67.70407764874153,23.20696104320717,23.20696104320717,2.4999999999999996e+16,0.8869884843666185,0.0051133065204606,0.8818751778461579,12.935003617288269,126130.32110238523,43.0,1,1,1,packing,270.50424388785376,108.20169755514152,-0.02961643995968899,0.02961643995968899,2.5,0.25,pareto,closest
1,thickness_grids_L10000mm.csv,31,55,98,10.0,1.484858585858586,1.6405622895622896,0.1557037037037037,69.26599253423487,69.26599253423487,1,3.9404582564216257,2.57802702389122,21.100270542873886,1991.1456198034075,2016.9430142622464,3361.571690437078,69.6261418601777,13.002625013657882,21.100270542875965,68.87992248018634,746.2499999991315,0.994999999998842,0.0923014036586485,0.0104615105105445,0.0105970504281636,0.9129971215554332,11.0,27500.0,14.154882154882152,1194.6873718820443,1210.165808557348,1.0129560561529327,270016.97969395603,264.12884146598014,264.12884146598014,370.1155022524434,370.1155022524434,4.0,4778.749487528178,92.52887556311084,66.03221036649504,23.2458997159657,23.2458997159657,2.5e+16,0.9076985963413514,0.0052985252140818,0.9024000711272696,12.773366663363774,124338.8934302412,43.0,0,1,1,mechanical,270.01697969395605,108.00679187758242,0.07802702389122018,0.07802702389122018,2.5,0.25,pareto,closest
2,thickness_grids_L10000mm.csv,30,56,97,10.0,1.4697171717171718,1.6310609121518214,0.1613437404346495,67.86055534552604,67.86055534552604,1,3.985571005818746,2.6374710085885074,20.58144575725585,2012.537843653641,2012.537843654363,3354.2297394239386,68.56869032158498,13.278240376108112,21.20567266511939,67.57115029147478,550.5645203728435,0.7340860271637913,0.1227306660547531,0.0102266130409175,0.0102266130409212,0.8823826404657075,11.0,27500.0,14.667612766786329,1207.5227061921846,1207.5227061926178,1.0000000000003586,267887.9953391143,264.91390283773484,264.91390283773484,363.3658716222674,363.3658716222674,4.0,4830.0908247687385,90.84146790556684,66.22847570943372,23.4608061183413,23.4608061183413,2.5e+16,0.8772693339452469,0.0051133065204606,0.8721560274247863,12.79244688248544,123541.7182892592,43.0,1,1,1,packing,267.8879953391143,107.1551981356457,0.13747100858850736,0.13747100858850736,2.5,0.25,pareto,closest
3,thickness_grids_L10000mm.csv,29,55,97,10.0,1.4697171717171718,1.6254208754208754,0.1557037037037037,67.86055534552604,67.86055534552604,1,3.982550213464303,2.645482278995964,21.307361598508,2010.6879497222812,2012.832159664227,3354.720266107045,69.92338447160046,13.069351100373607,21.307361598519236,69.64272140092743,746.24999999539,0.9949999999938534,0.0933235797673134,0.0105857617070577,0.0105970504281636,0.9119749454467684,11.0,27500.0,14.154882154882152,1206.4127698333689,1207.6992957985362,1.001066406123457,267400.73114521656,263.53429571206595,263.53429571206595,362.1389898500025,362.1389898500025,4.0,4825.6510793334755,90.53474746250062,65.88357392801649,23.500513659591753,23.500513659591753,2.5e+16,0.9066764202326866,0.0052985252140818,0.9013778950186048,12.758897881004089,122995.48537735568,43.0,0,1,1,mechanical,267.4007311452166,106.96029245808664,0.145482278995964,0.145482278995964,2.5,0.25,pareto,closest
4,thickness_grids_L10000mm.csv,33,56,99,10.0,1.5,1.6613437404346496,0.1613437404346495,70.68583470577035,70.68583470577035,1,3.9798061984836743,2.3155398709395203,20.587190529654816,2013.0995909668504,2013.099590968065,3355.165984946775,67.99232784221088,13.14391526157902,20.79844534271277,68.75995922313977,665.9986722230034,0.8879982296306712,0.1032433878488516,0.010226613040915,0.0102266130409212,0.9018699186716088,11.0,27500.0,14.667612766786329,1207.85975458011,1207.859754580839,1.0000000000006035,273120.4924365932,276.8139862884981,276.8139862884981,379.47660209790735,379.47660209790735,4.0,4831.4390183204405,94.86915052447684,69.20349657212452,22.957389163008305,22.957389163008305,2.4999999999999996e+16,0.8967566121511483,0.0051133065204606,0.8916433056306877,13.078278733088238,128752.689936168,43.0,1,1,1,packing,273.1204924365932,109.2481969746373,-0.1844601290604797,0.1844601290604797,2.5,0.25,pareto,closest
5,thickness_grids_L10000mm.csv,34,59,95,10.0,1.4394343434343435,1.6183079277624732,0.1788735843281298,65.09289591658843,65.09289591658843,1,4.264339200218467,2.3121835877608716,19.83902786490099,1971.4877909891572,1985.7771267294547,3309.628544549091,65.31928489617431,14.04018326955378,19.83902786490616,69.18615495282077,746.2499999977022,0.9949999999969364,0.092711765431201,0.0099905611751987,0.010062972723228,0.912319720930413,12.0,30000.0,14.906132027344142,1182.8926745934943,1191.4662760376727,1.0072479960594267,288185.41967288667,292.64456852050336,292.64456852050336,418.29221234606,418.29221234606,4.0,4731.570698373977,104.573053086515,73.16114213012584,21.86629023612299,21.86629023612299,2.4999999999999996e+16,0.9072882345687988,0.005031486361614,0.9022567482071848,13.4491582113385,139685.1531212785,43.0,0,1,1,mechanical,288.18541967288667,115.27416786915468,-0.18781641223912837,0.18781641223912837,2.5,0.25,pareto,closest
6,thickness_grids_L10000mm.csv,35,60,95,10.0,1.4394343434343435,1.624354453627181,0.1849201101928375,65.09289591658843,65.09289591658843,1,4.289391336521069,2.2586378603209525,19.306383423451905,1983.4103056054987,1983.4103056055403,3305.683842675901,64.11937896342863,14.245708406202745,19.745940642522783,67.9961781094494,588.9547320641188,0.7852729760854918,0.115452299485127,0.00973393320025,0.0097339332002502,0.8894146671149982,12.0,30000.0,15.410009182736458,1190.0461833632992,1190.0461833633242,1.000000000000021,288755.29130997584,297.2817804483172,297.2817804483172,419.82728203923944,419.82728203923944,4.0,4760.184733453197,104.95682050980986,74.3204451120793,21.826277330452776,21.826277330452776,2.5000000000000004e+16,0.884547700514873,0.0048669666001251,0.8796807339147479,13.555888187502612,141065.92064395364,43.0,1,1,1,packing,288.75529130997586,115.50211652399034,-0.24136213967904752,0.24136213967904752,2.5,0.25,pareto,closest
7,thickness_grids_L10000mm.csv,36,59,96,10.0,1.4545757575757576,1.6334493419038876,0.1788735843281298,66.4695231396439,66.4695231396439,1,4.219017187691511,2.2505441661809065,19.644866432425715,1952.1931513418615,1990.074722992845,3316.791204988075,65.04077088443596,13.9684396025826,19.644866432433687,68.42078680437118,746.2499999963943,0.9949999999951924,0.0916861464719621,0.0098714215126968,0.010062972723228,0.9133453398896518,12.0,30000.0,14.906132027344162,1171.3158908051169,1194.0448337957068,1.019404622757203,291039.5089987843,293.3065664388507,293.3065664388507,427.566539748588,427.566539748588,4.0,4685.263563220467,106.891634937147,73.32664160971268,21.62783971214562,21.62783971214562,2.5e+16,0.9083138535280378,0.005031486361614,0.9032823671664238,13.46444622295468,141228.01390545518,43.0,0,1,1,mechanical,291.0395089987843,116.41580359951372,-0.24945583381909353,0.24945583381909353,2.5,0.25,pareto,closest
0,thickness_grids_L10000mm.csv,24,51,98,10.0,1.484858585858586,1.6190183654729111,0.1341597796143251,69.26599253423487,69.26599253423487,1,3.677824730360906,3.397115203745488,22.842325296250326,2043.01421841578,2043.014218416496,3405.023697360827,75.51634763143146,12.158827407602042,23.277831291262633,68.62145674756022,610.4172955075896,0.8138897273434529,0.1124172877351031,0.0111806981519467,0.0111806981519507,0.8931730613408722,10.0,25000.0,13.415977961432525,1225.808531049468,1225.8085310498975,1.0000000000003504,243777.9256987428,226.87274436014096,226.87274436014096,301.972254328807,301.972254328807,4.0,4903.234124197872,75.49306358220176,56.71818609003524,25.73543285668805,25.73543285668805,2.5e+16,0.8875827122648968,0.0055903490759753,0.8819923631889215,11.83279010669436,104038.3723676761,43.0,1,1,1,packing,243.7779256987428,97.51117027949714,-0.10288479625451208,0.10288479625451208,3.5,0.25,pareto,closest
1,thickness_grids_L10000mm.csv,23,50,98,10.0,1.484858585858586,1.6138864401591675,0.1290278543005815,69.26599253423487,69.26599253423487,1,3.6228201596934024,3.608172456403099,23.39220807468884,2012.164276819894,2048.5682775693763,3414.280462615627,77.12814446198149,11.945062892072809,23.39220807470158,68.9886955852027,746.2499999951965,0.9949999999935956,0.0924471632638482,0.0114188081162926,0.0116253967651482,0.913365535118726,10.0,25000.0,12.90278543005816,1207.2985660919362,1229.1409665416256,1.0180919625543778,243374.86522713213,219.3970430928632,219.3970430928632,301.0449845012566,301.0449845012566,4.0,4829.194264367745,75.26124612531414,54.84926077321579,25.77503714143482,25.77503714143482,2.5e+16,0.9075528367361516,0.0058126983825741,0.9017401383535776,11.63495951884717,102140.7679385714,43.0,0,1,1,mechanical,243.37486522713215,97.34994609085284,0.10817245640309903,0.10817245640309903,3.5,0.25,pareto,closest
2,thickness_grids_L10000mm.csv,22,51,97,10.0,1.4697171717171718,1.6038769513314968,0.1341597796143251,67.86055534552604,67.86055534552604,1,3.6804836966240546,3.6268559316121194,22.839332755667407,2042.746566025716,2042.7465660265584,3404.577610044264,75.84400800452993,12.222013573405713,23.506829093702983,68.01199849929473,556.5730658980129,0.7420974211973507,0.1221977897718775,0.0111806981519461,0.0111806981519507,0.8833925593040979,10.0,25000.0,13.4159779614325,1225.6479396154296,1225.647939615935,1.0000000000004123,241399.51792716148,221.90035399818012,221.90035399818012,295.431304246449,295.431304246449,4.0,4902.591758461718,73.85782606161224,55.47508849954503,26.01876879500217,26.01876879500217,2.4999999999999996e+16,0.8778022102281224,0.0055903490759753,0.8722118611521471,11.70157510691723,101888.08640255898,43.0,1,1,1,packing,241.39951792716147,96.5598071708646,0.1268559316121194,0.1268559316121194,3.5,0.25,pareto,closest
3,thickness_grids_L10000mm.csv,21,50,97,10.0,1.4697171717171718,1.5987450260177534,0.1290278543005815,67.86055534552604,67.86055534552604,1,3.6617552924123817,3.701626759084154,23.623459346278917,2032.0561804049264,2044.6334093906385,3407.7223489843977,77.46409637979116,12.007325461218842,23.623459346286847,69.75050147853251,746.2499999970719,0.9949999999960958,0.0934680086818173,0.0115538850327792,0.0116253967651482,0.9123446897007568,10.0,25000.0,12.90278543005816,1219.2337082429556,1226.780045634383,1.0061894100699549,240996.4574555508,218.90375059813204,218.90375059813204,294.5162594647663,294.5162594647663,4.0,4876.934832971822,73.62906486619157,54.72593764953301,26.059156844457508,26.059156844457508,2.5e+16,0.9065319913181826,0.0058126983825741,0.9007192929356085,11.62178776946186,101028.81747122204,43.0,0,1,1,mechanical,240.9964574555508,96.39858298222032,0.20162675908415384,0.20162675908415384,3.5,0.25,pareto,closest
0,thickness_grids_L6000mm.csv,40,92,99,6.0,1.5,1.9320655035200491,0.4320655035200491,42.411500823462205,42.411500823462205,1,6.003507359412608,2.454571020332832,12.740522175983845,1834.9133763582704,1834.9133763585896,3058.1889605976494,39.6291052881549,18.67377348888002,12.743050823372473,77.51882567180223,744.6796710597774,0.9929062280797032,0.1040968737087756,0.0069433916282563,0.0069433916282575,0.8993748221053531,20.0,30000.0,21.60327517600246,1100.9480258149622,1100.9480258151536,1.000000000000174,323464.55317492626,599.3510658606568,599.3510658606568,988.9575346221694,988.9575346221694,4.0,4403.792103259849,247.23938365554235,149.8377664651642,14.220870317448114,14.220870317448114,2.4999999999999996e+16,0.8959031262912244,0.0034716958141287,0.8924314304770956,19.2794417683102,224375.45476995132,43.0,0,1,1,mechanical,323.46455317492627,215.64303544995084,-0.04542897966716808,0.04542897966716808,2.5,0.25,pareto,closest
1,thickness_grids_L6000mm.csv,41,96,97,6.0,1.4697171717171718,1.939992653810836,0.470275482093664,40.71633320731563,40.71633320731563,1,6.247524839382938,2.397804460590817,12.162074057099735,1815.7222985591816,1815.7222985597425,3026.203830932904,37.85259524600693,19.444465468986863,12.25107711608378,77.42571573508226,692.6787011569589,0.923571601542612,0.1117772433391709,0.0066982016284906,0.0066982016284927,0.8915718574750755,21.0,31500.0,22.394070575888765,1089.433379135509,1089.4333791358454,1.0000000000003086,337425.45917067927,633.0381148177379,633.0381148177379,1066.7398029398032,1066.7398029398032,4.0,4357.733516542036,266.6849507349508,158.2595287044345,13.692594527550328,13.692594527550328,2.5e+16,0.8882227566608291,0.0033491008142463,0.8848736558465827,19.81592309977308,240547.46635206268,43.0,0,1,1,mechanical,337.4254591706793,224.95030611378616,-0.10219553940918313,0.10219553940918313,2.5,0.25,pareto,closest
2,thickness_grids_L6000mm.csv,39,92,98,6.0,1.484858585858586,1.916924089378635,0.4320655035200491,41.55959552054093,41.55959552054093,1,6.01381956764489,2.608366697548699,12.73482846802498,1834.0933580928895,1834.0933580932297,3056.8222634887156,39.753940140341115,18.773163981536097,12.853201334206164,76.9639065698491,679.2782838098882,0.9057043784131844,0.1133024688176094,0.0069433916282562,0.0069433916282575,0.8901692269965193,20.0,30000.0,21.60327517600246,1100.4560148557337,1100.4560148559376,1.0000000000001854,320610.4638490286,587.0974260723103,587.0974260723103,969.6048852938624,969.6048852938624,4.0,4401.824059422935,242.4012213234656,146.77435651807758,14.362088559154303,14.362088559154303,2.5e+16,0.8866975311823906,0.0034716958141287,0.8832258353682618,19.080570764015203,220110.5151775059,43.0,0,1,1,mechanical,320.6104638490286,213.74030923268572,0.10836669754869899,0.10836669754869899,2.5,0.25,pareto,closest
3,thickness_grids_L6000mm.csv,38,91,98,6.0,1.484858585858586,1.9076256504438325,0.4227670645852464,41.55959552054093,41.55959552054093,1,5.968437497077808,2.688608834257639,12.908056488556294,1819.0337170558296,1837.7081280014252,3062.846880002375,40.28502939866006,18.627024157122857,12.908056488564975,77.00086575691935,746.2499999946332,0.9949999999928444,0.1031837397085067,0.0070239970601829,0.0070961062280079,0.9003643134054973,20.0,30000.0,21.13835322926232,1091.4202302334977,1102.624876800855,1.010266115889166,319734.1066256057,575.0018369778404,575.0018369778404,965.4176376276318,965.4176376276318,4.0,4365.68092093399,241.35440940690796,143.7504592444601,14.393200770424002,14.393200770424002,2.4999999999999996e+16,0.8968162602914933,0.0035480531140039,0.8932682071774893,18.882218891787645,217235.89696154845,43.0,0,1,1,mechanical,319.7341066256057,213.15607108373715,0.18860883425763886,0.18860883425763886,2.5,0.25,pareto,closest
4,thickness_grids_L6000mm.csv,42,96,98,6.0,1.484858585858586,1.9551340679522495,0.470275482093664,41.55959552054093,41.55959552054093,1,6.225986925195222,2.2705831195838004,12.146408366989604,1813.3835080928727,1817.3984632338745,3028.997438723124,37.73625881763899,19.342792281125384,12.146408366996386,77.70327720814332,746.2499999955822,0.9949999999941096,0.104124994584393,0.0066834041145695,0.0066982016284927,0.8992241062298534,21.0,31500.0,22.394070575888755,1088.0301048557235,1090.4390779403248,1.002214068410286,340422.2529628718,643.9926459924507,643.9926459924507,1088.0004613193028,1088.0004613193028,4.0,4352.120419422894,272.0001153298257,160.9981614981127,13.558150739292856,13.558150739292856,2.5e+16,0.8958750054156069,0.0033491008142463,0.8925259046013606,19.987288098451824,244774.63141609597,43.0,0,1,1,mechanical,340.4222529628718,226.94816864191455,-0.22941688041619956,0.22941688041619956,2.5,0.25,pareto,closest
5,thickness_grids_L6000mm.csv,43,97,98,6.0,1.484858585858586,1.9649406183042548,0.4800820324456689,41.55959552054093,41.55959552054093,1,6.233363458885675,2.25985419267633,11.920870282258152,1816.8240106754504,1816.824010675804,3028.040017793007,37.256944970531066,19.481470217376668,12.094948428900365,76.78258109494212,646.3922165854707,0.8618562887806276,0.1187863639518149,0.0065613786542946,0.0065613786542958,0.8844943253753329,21.0,31500.0,22.861049164079475,1090.09440640527,1090.0944064054825,1.0000000000001947,341392.7108389737,649.3438261187293,649.3438261187293,1092.8900927518507,1092.8900927518507,4.0,4360.37762562108,273.2225231879627,162.3359565296823,13.52778690048132,13.52778690048132,2.5e+16,0.881213636048185,0.0032806893271479,0.877932946721037,20.070468257754793,246490.1741437329,43.0,1,1,1,packing,341.3927108389737,227.5951405593158,-0.2401458073236702,0.2401458073236702,2.5,0.25,pareto,closest
0,thickness_grids_L6000mm.csv,30,82,99,6.0,1.5,1.8436541169268443,0.3436541169268443,42.411500823462205,42.411500823462205,1,5.463336424449269,3.5790190793536203,14.484612530271209,1843.5913807843913,1879.0215436113,3131.7025726855,45.46863437311845,17.149954534266918,14.484612530278316,76.1116621784651,746.249999996039,0.9949999999947188,0.1019921771241126,0.0077085931130055,0.0078567369544266,0.9019361913531008,18.0,27000.0,19.091895384824685,1106.1548284706346,1127.41292616678,1.01921801283961,283618.7786668313,470.3036123616514,470.3036123616514,768.7346755654879,768.7346755654879,4.0,4424.619313882538,192.183668891372,117.57590309041284,16.129717538410695,16.129717538410695,2.5e+16,0.8980078228758873,0.0039283684772133,0.894079454398674,17.069671409100614,174273.8194424464,43.0,0,1,1,mechanical,283.6187786668313,189.07918577788757,0.07901907935362029,0.07901907935362029,3.5,0.25,pareto,closest
1,thickness_grids_L6000mm.csv,29,83,98,6.0,1.484858585858586,1.8368965411692688,0.3520379553106826,41.55959552054093,41.55959552054093,1,5.554367941605039,3.584525213787283,14.35313991167649,1871.4259358499055,1871.4259358513511,3119.043226418919,44.97457363116951,17.40422872636412,14.551105351294364,76.38727021744086,650.7792494996871,0.8677056659995829,0.1173781589934938,0.0076696275480156,0.0076696275480215,0.886456654780517,18.0,27000.0,19.557664183926818,1122.855561509943,1122.8555615108107,1.0000000000007727,281761.2406105633,476.7638217717561,476.7638217717561,756.2850218484672,756.2850218484672,4.0,4491.422246039772,189.0712554621168,119.19095544293904,16.261936023822784,16.261936023822784,2.5e+16,0.8826218410065062,0.0038348137740107,0.8787870272324955,17.187021567804496,174317.46706808967,43.0,1,1,1,packing,281.76124061056333,187.84082707370888,0.08452521378728317,0.08452521378728317,3.5,0.25,pareto,closest
2,thickness_grids_L6000mm.csv,31,83,99,6.0,1.5,1.8520379553106827,0.3520379553106826,42.411500823462205,42.411500823462205,1,5.544844007353888,3.373171801426477,14.35921055729297,1872.2174535055503,1872.2174535064016,3120.362422510669,44.82414489645868,17.308952342624266,14.422770642963156,76.96590217396252,712.644985232267,0.9501933136430228,0.1080003420621525,0.007669627548018,0.0076696275480215,0.8958344717118583,18.0,27000.0,19.557664183926818,1123.3304721033303,1123.3304721038407,1.0000000000004543,284329.9210038712,486.94883133643526,486.94883133643526,771.78839428887,771.78839428887,4.0,4493.321888413321,192.9470985722175,121.73720783410882,16.097775856202723,16.097775856202723,2.4999999999999996e+16,0.8919996579378474,0.0038348137740107,0.8881648441638367,17.37042976212601,177775.63475459637,43.0,0,1,1,mechanical,284.32992100387116,189.55328066924747,-0.12682819857352312,0.12682819857352312,3.5,0.25,pareto,closest
3,thickness_grids_L6000mm.csv,28,82,98,6.0,1.484858585858586,1.8285127027854304,0.3436541169268443,41.55959552054093,41.55959552054093,1,5.524016325922603,3.663957338543169,14.614234585298808,1860.089585545411,1873.950965760043,3123.2516096000713,45.622245872127344,17.244695885503585,14.614234585303384,76.95911954974692,746.2499999974957,0.994999999996661,0.1031277983919667,0.0077986216567686,0.0078567369544266,0.9008005700852466,18.0,27000.0,19.091895384824685,1116.0537513272463,1124.3705794560256,1.0074519960341413,281050.09827352344,469.1148719794299,469.1148719794299,753.2497110964091,753.2497110964091,4.0,4464.215005308985,188.31242777410228,117.27871799485747,16.29466780116101,16.29466780116101,2.5e+16,0.8968722016080333,0.0039283684772133,0.8929438331308199,17.047990246657964,172477.06440150333,43.0,0,1,1,mechanical,281.0500982735234,187.36673218234895,0.16395733854316896,0.16395733854316896,3.5,0.25,pareto,closest
4,thickness_grids_L6000mm.csv,32,86,97,6.0,1.4697171717171718,1.8475163758800124,0.3777992041628406,40.71633320731563,40.71633320731563,1,5.76200587205101,3.3139880927126817,13.870265444628096,1838.6579812308223,1854.3499470394495,3090.5832450657495,43.26113810568584,17.971604998598874,13.870265444632947,77.09654699759204,746.249999997209,0.9949999999962788,0.1033119557760541,0.0074798532320032,0.0075436897923468,0.9004598891201193,19.0,28500.0,19.884168640149507,1103.1947887384931,1112.6099682236695,1.0085344669692853,297009.80148612824,508.6483226798135,508.6483226798135,835.8786046298335,835.8786046298335,4.0,4412.779154953973,208.96965115745837,127.16208066995335,15.46832873926891,15.46832873926891,2.5e+16,0.8966880442239459,0.0037718448961734,0.8929161993277724,17.75489628895478,189796.2378296576,43.0,0,1,1,mechanical,297.00980148612825,198.0065343240855,-0.1860119072873183,0.1860119072873183,3.5,0.25,pareto,closest
0,thickness_grids_L7000mm.csv,56,94,97,7.0,1.4697171717171718,1.9206844199571471,0.4509672482399756,47.50238874186823,47.50238874186823,1,6.177571903758727,1.5004396360380026,12.115150694418553,1821.178723558188,1821.1787235593567,3035.297872598928,38.40897153864944,19.58491391598963,12.192650049227474,74.61970840047427,697.4535300723741,0.9299380400964988,0.1069887887623581,0.0066523677976757,0.00665236779768,0.8963373951364819,20.0,35000.0,22.548362411998777,1092.7072341349128,1092.707234135614,1.0000000000006417,372794.12565931136,648.7297551340813,648.7297551340813,1086.6412247427982,1086.6412247427982,4.0,4370.828936539651,271.66030618569954,162.18243878352033,13.566627766775657,13.566627766775657,2.5000000000000004e+16,0.8930112112376418,0.00332618389884,0.8896850273388018,20.060940428964347,269035.1213865278,43.0,0,1,1,mechanical,372.79412565931136,213.02521466246364,0.00043963603800256656,0.00043963603800256656,1.5,0.25,pareto,closest
1,thickness_grids_L7000mm.csv,55,90,99,7.0,1.5,1.9135702479338843,0.4135702479338843,49.48008429403925,49.48008429403925,1,5.92554730286041,1.5471269412145818,12.68767667469176,1841.1388028270992,1841.138802827776,3068.564671379627,40.24152208721972,18.794066776825048,12.707529977551047,74.55498221750244,733.6295889846862,0.978172785312915,0.1016248299372487,0.0068912113824362,0.0068912113824387,0.9018207757539708,19.0,33250.0,21.76685515441497,1104.6832816962592,1104.6832816966655,1.0000000000003677,356574.56984627416,611.824462597307,611.824462597307,1002.723677642479,1002.723677642479,4.0,4418.733126785037,250.68091941061977,152.95611564932676,14.122915567452212,14.122915567452212,2.5e+16,0.8983751700627512,0.0034456056912193,0.8949295643715319,19.47980220107882,249903.187368707,43.0,0,1,1,mechanical,356.57456984627413,203.7568970550138,0.04712694121458183,0.04712694121458183,1.5,0.25,pareto,closest
2,thickness_grids_L7000mm.csv,57,94,98,7.0,1.484858585858586,1.9358258340985617,0.4509672482399756,48.48619477396441,48.48619477396441,1,6.151252086633693,1.425476805657503,12.084016054311624,1816.4984892335335,1823.241026891104,3038.735044818507,38.28540692021616,19.48881796806048,12.08401605431724,74.71663695356227,746.2499999961874,0.9949999999949166,0.1001227965881996,0.0066277666397824,0.00665236779768,0.9032033873106404,20.0,35000.0,22.548362411998777,1089.89909354012,1093.9446161346625,1.003711832240728,376123.8965395253,658.7437314650302,658.7437314650302,1109.1081802117576,1109.1081802117576,4.0,4359.59637416048,277.2770450529394,164.68593286625756,13.42851670038557,13.42851670038557,2.4999999999999996e+16,0.8998772034118003,0.00332618389884,0.8965510195129603,20.215757308825214,273525.0991059576,43.0,0,1,1,mechanical,376.1238965395252,214.9279408797287,-0.0745231943424971,0.0745231943424971,1.5,0.25,pareto,closest
3,thickness_grids_L7000mm.csv,58,95,98,7.0,1.484858585858586,1.9454291398836856,0.4605705540250995,48.48619477396441,48.48619477396441,1,6.166613663536802,1.411325840216411,11.868127856076672,1822.0367406379837,1822.0367406393389,3036.7279010655648,37.789704247748816,19.63532154196209,12.03169108854244,73.9739330727614,648.3932690931686,0.8645243587908915,0.1140880644492501,0.0065136600110007,0.0065136600110056,0.8891687655562527,20.0,35000.0,23.028527701254973,1093.22204438279,1093.2220443836034,1.000000000000744,377179.83516119054,665.9374424695271,665.9374424695271,1114.4142802932445,1114.4142802932445,4.0,4372.88817753116,278.6035700733111,166.48436061738178,13.396509720459456,13.396509720459456,2.5e+16,0.8859119355507499,0.0032568300055028,0.8826551055452471,20.326247548702856,275786.6204800855,43.0,1,1,1,packing,377.1798351611905,215.53133437782316,-0.08867415978358895,0.08867415978358895,1.5,0.25,pareto,closest
4,thickness_grids_L7000mm.csv,59,94,99,7.0,1.5,1.9509672482399756,0.4509672482399756,49.48008429403925,49.48008429403925,1,6.086530030542447,1.389827017458776,11.97728364523051,1800.4542156264226,1828.3342043237335,3047.2236738728893,38.1633008749364,19.39355230452645,11.977283645236112,73.87305679190204,746.2499999961244,0.9949999999948328,0.0989923709109356,0.0065509268583971,0.00665236779768,0.9043338129879044,20.0,35000.0,22.548362411998777,1080.2725293758535,1097.00052259424,1.0154849750998032,379453.6674197392,660.399798642639,660.399798642639,1131.8014943838618,1131.8014943838618,4.0,4321.090117503414,282.95037359596546,165.09994966065975,13.29321002236104,13.29321002236104,2.5e+16,0.9010076290890644,0.00332618389884,0.8976814451902244,20.241246556675996,276293.2216265753,43.0,0,1,1,mechanical,379.4536674197392,216.8306670969938,-0.1101729825412241,0.1101729825412241,1.5,0.25,pareto,closest
5,thickness_grids_L7000mm.csv,54,90,98,7.0,1.484858585858586,1.8984288337924704,0.4135702479338843,48.48619477396441,48.48619477396441,1,5.9335366140560355,1.6464924750211822,12.683265555343564,1840.4986948542928,1840.4986948552637,3067.4978247587724,40.37401002260443,18.88793273940873,12.822079535832325,74.01498603588611,666.2359914820031,0.8883146553093375,0.1110942473570725,0.0068912113824351,0.0068912113824387,0.8923513583341469,19.0,33250.0,21.76685515441497,1104.2992169125755,1104.299216913158,1.0000000000005276,353411.287510071,598.9944395047809,598.9944395047809,982.3794252087114,982.3794252087114,4.0,4417.196867650302,245.59485630217785,149.74860987619522,14.268403053566937,14.268403053566937,2.5e+16,0.8889057526429275,0.0034456056912193,0.8854601469517082,19.273682763704823,245075.45707527103,43.0,1,1,1,packing,353.411287510071,201.949307148612,0.14649247502118223,0.14649247502118223,1.5,0.25,pareto,closest
6,thickness_grids_L7000mm.csv,60,95,99,7.0,1.5,1.9605705540250995,0.4605705540250995,49.48008429403925,49.48008429403925,1,6.158291066600584,1.326169330149659,11.872376337356604,1822.6889824302712,1822.688982430751,3037.8149707179177,37.67005521726054,19.539741491589,11.92601060835001,74.49790487372104,711.0076210294189,0.9480101613725586,0.1047779273671647,0.0065136600110039,0.0065136600110056,0.8984789026383381,20.0,35000.0,23.028527701254973,1093.6133894581626,1093.6133894584505,1.0000000000002631,380509.6060414044,680.0077956811831,680.0077956811831,1137.1460564693905,1137.1460564693905,4.0,4374.45355783265,284.28651411734756,170.00194892029575,13.26193432925544,13.26193432925544,2.4999999999999996e+16,0.8952220726328353,0.0032568300055028,0.8919652426273325,20.54064629840014,281145.1400143474,43.0,0,1,1,mechanical,380.5096060414044,217.43406059508823,-0.1738306698503409,0.1738306698503409,1.5,0.25,pareto,closest
7,thickness_grids_L7000mm.csv,53,89,98,7.0,1.484858585858586,1.8893336394245488,0.4044750535659627,48.48619477396441,48.48619477396441,1,5.895181983809078,1.6897614250158477,12.877988464651052,1827.6579207233624,1843.5761480601425,3072.6269134335707,40.92429403897035,18.733994177807368,12.877988464656823,74.26683806778367,746.2499999963081,0.9949999999950776,0.0995200510125977,0.0069853303744472,0.007046170029211,0.9040030340020078,19.0,33250.0,21.28816071399804,1096.5947524340174,1106.1456888360854,1.0087096316856057,352461.2220994139,587.9553638920773,587.9553638920773,977.8720336030282,977.8720336030282,4.0,4386.37900973607,244.46800840075704,146.98884097301934,14.301249549345838,14.301249549345838,2.5000000000000004e+16,0.9004799489874022,0.0035230850146055,0.8969568639727967,19.094561873776573,242153.93503227565,43.0,0,1,1,mechanical,352.46122209941393,201.40641262823652,0.1897614250158477,0.1897614250158477,1.5,0.25,pareto,closest
8,thickness_grids_L7000mm.csv,61,99,97,7.0,1.4697171717171718,1.969717171717172,0.5,47.50238874186823,47.50238874186823,1,6.405580189008561,1.2979437605269937,11.362205770858656,1803.52472553312,1803.52472553409,3005.874542556817,36.01518283573385,20.30399258106939,11.4636194910105,74.6475083296073,680.0383620628193,0.906717816083759,0.109769554916244,0.0062999999999966,0.0063,0.8933804450837559,21.0,36750.0,23.809523809523807,1082.114835319872,1082.114835320454,1.000000000000538,397094.83621953794,718.8301545161197,718.8301545161197,1227.7489764979923,1227.7489764979923,4.0,4328.4593412794875,306.93724412449814,179.70753862902993,12.76321859537129,12.76321859537129,2.499999999999999e+16,0.8902304450837559,0.00315,0.8870804450837559,21.120962978184664,301658.37891258067,43.0,1,1,1,packing,397.094836219538,226.9113349825931,-0.20205623947300633,0.20205623947300633,1.5,0.25,pareto,closest
9,thickness_grids_L7000mm.csv,62,98,98,7.0,1.484858585858586,1.9748487909397,0.4899902050811142,48.48619477396441,48.48619477396441,1,6.297883704479657,1.2972859349282848,11.4123045294135,1775.211884703317,1811.816369394425,3019.6939489907086,36.36116522492807,20.065920021303143,11.412304529416284,73.88093502023744,746.2499999979748,0.9949999999972998,0.0990029280005868,0.0062988196387848,0.0064286999359069,0.9042114219673668,21.0,36750.0,23.33286690862449,1065.1271308219902,1087.089821636655,1.0206197834785369,399435.4294856066,707.1360032900584,707.1360032900584,1246.6084057605892,1246.6084057605892,4.0,4260.508523287961,311.6521014401473,176.7840008225146,12.666305900515658,12.666305900515658,2.5000000000000004e+16,0.9009970719994131,0.0032143499679534,0.8977827220314597,20.947844766022666,300958.1219680179,43.0,0,1,1,mechanical,399.4354294856067,228.2488168489181,-0.2027140650717152,0.2027140650717152,1.5,0.25,pareto,closest
0,thickness_grids_L7000mm.csv,42,80,97,7.0,1.4697171717171718,1.7969084787266607,0.3271913070094889,47.50238874186823,47.50238874186823,1,5.45707403692116,2.464054903835523,14.64844456955045,1879.5465585753973,1879.5465585766792,3132.577597627799,46.632071808585614,17.3721289756217,14.80870742977619,74.00735198711594,666.2554724925088,0.8883406299900118,0.1110795408707852,0.0077936055921079,0.0077936055921132,0.8928172619252714,17.0,29750.0,19.24654747114641,1127.7279351452385,1127.7279351460077,1.000000000000682,305306.61257750413,468.3294375714572,468.3294375714572,736.5000411668295,736.5000411668295,4.0,4510.911740580954,184.12501029170735,117.0823593928643,16.47891486702876,16.47891486702876,2.5e+16,0.8889204591292148,0.0038968027960566,0.8850236563331582,17.033649814703693,187206.07971795715,43.0,1,1,1,packing,305.30661257750415,174.4609214728595,-0.035945096164477164,0.035945096164477164,2.5,0.25,pareto,closest
1,thickness_grids_L7000mm.csv,41,79,97,7.0,1.4697171717171718,1.7888295071931437,0.3191123354759718,47.50238874186823,47.50238874186823,1,5.40692349795267,2.556753534733617,14.874607308324284,1861.4394813518916,1883.7626178800565,3139.6043631334273,47.3256913492615,17.20290070918212,14.874607308324316,74.08978723795073,746.2499999999826,0.9949999999999768,0.0992827969687805,0.0078962217251469,0.007990916415677,0.904712661239058,17.0,29750.0,18.77131385152776,1116.8636888111348,1130.2575707280337,1.0119924052067233,304551.53265836096,457.38955186271977,457.38955186271977,733.3577611206408,733.3577611206408,4.0,4467.454755244539,183.3394402801602,114.34738796567994,16.51418143038256,16.514181430382557,2.4999999999999996e+16,0.9007172030312195,0.0039954582078385,0.896721744823381,16.832645309569273,184549.09464940996,43.0,0,1,1,mechanical,304.55153265836094,174.02944723334912,0.056753534733616995,0.056753534733616995,2.5,0.25,pareto,closest
2,thickness_grids_L7000mm.csv,40,79,96,7.0,1.4545757575757576,1.7736880930517294,0.3191123354759718,46.52866619775073,46.52866619775073,1,5.466276407591354,2.6224440525284725,15.013135406167152,1878.7751773643145,1878.7751773647635,3131.2919622746062,47.49647479484073,17.29344687773508,15.016415351238464,74.93441340006021,744.4679726670233,0.9926239635560312,0.1006549860454184,0.0079909164156751,0.0079909164156771,0.90334047216242,17.0,29750.0,18.77131385152775,1127.2651064185884,1127.2651064188583,1.0000000000002394,301721.2274101791,455.99700185903595,455.99700185903595,717.6948914560387,717.6948914560387,4.0,4509.060425674354,179.42372286400968,113.99925046475896,16.693410396697146,16.693410396697143,2.5e+16,0.8993450139545816,0.0039954582078385,0.895349555746743,16.806887517748052,182555.47781114196,43.0,0,1,1,mechanical,301.7212274101791,172.41212994867377,0.12244405252847246,0.12244405252847246,2.5,0.25,pareto,closest
3,thickness_grids_L7000mm.csv,39,76,99,7.0,1.5,1.7954851545760635,0.2954851545760637,49.48008429403925,49.48008429403925,1,5.1899987731898385,2.6288802618841896,15.450445038192264,1902.2404751580077,1902.240475158544,3170.4007919309065,49.1538318111577,16.511390200533434,15.545562959486109,74.10175470579236,698.8832497012681,0.9318443329350242,0.106028803433859,0.0081222354586396,0.0081222354586419,0.898032314295462,16.0,28000.0,18.467822161003983,1141.3442850948045,1141.3442850951262,1.000000000000282,289886.0146456508,436.11236735023033,436.11236735023033,669.568572731835,669.568572731835,4.0,4565.377140379218,167.39214318295876,109.02809183755758,17.28293383225256,17.28293383225256,2.5e+16,0.893971196566141,0.0040611177293209,0.88991007883682,16.434701075243424,171527.78308532902,43.0,0,1,1,mechanical,289.8860146456508,165.6491512260862,0.12888026188418955,0.12888026188418955,2.5,0.25,pareto,closest
4,thickness_grids_L7000mm.csv,43,80,98,7.0,1.484858585858586,1.8120498928680748,0.3271913070094889,48.48619477396441,48.48619477396441,1,5.449794012986465,2.313629998784331,14.65320439004294,1880.1572926491497,1880.1572926501967,3133.595487750328,46.46702341221605,17.281933647583195,14.670877627887528,74.58247162978267,736.4846219981415,0.981979495997522,0.1012681995008049,0.0077936055921089,0.0077936055921132,0.9026286032952516,17.0,29750.0,19.24654747114641,1128.0943755894896,1128.094375590118,1.000000000000557,308136.91782568593,478.7247388781837,478.7247388781837,752.358788970139,752.358788970139,4.0,4512.377502357958,188.08969724253475,119.68118471954593,16.304312790427474,16.304312790427474,2.5e+16,0.8987318004991951,0.0038968027960566,0.8948349977031385,17.222484262136643,191026.96656236373,43.0,0,1,1,mechanical,308.13691782568594,176.07823875753482,-0.18637000121566905,0.18637000121566905,2.5,0.25,pareto,closest
0,thickness_grids_L7000mm.csv,31,71,98,7.0,1.484858585858586,1.7429975512702789,0.2581389654116927,48.48619477396441,48.48619477396441,1,4.939768892920066,3.4275810484959988,16.770519782754505,1924.0553893940332,1924.0553893947592,3206.758982324599,53.34164053460899,15.711819312907858,16.916263250301835,74.1347066071954,681.2479873060611,0.9083306497414148,0.1088219091851632,0.0087162354447758,0.008716235444779,0.8955362085372263,15.0,26250.0,17.20926436077952,1154.43323363642,1154.4332336368554,1.0000000000003773,266190.9895902802,376.33412159824326,376.33412159824326,564.7626289816234,564.7626289816234,4.0,4617.73293454568,141.19065724540584,94.0835303995608,18.81837082352485,18.81837082352485,2.5e+16,0.8911780908148368,0.0043581177223895,0.8868199730924472,15.261519357367304,146314.76660355393,43.0,1,1,1,packing,266.1909895902802,152.10913690873156,-0.07241895150400124,0.07241895150400124,3.5,0.25,pareto,closest
1,thickness_grids_L7000mm.csv,30,70,98,7.0,1.484858585858586,1.7358331802877258,0.2509745944291399,48.48619477396441,48.48619477396441,1,4.868180641935341,3.633687009841201,16.992588741130785,1895.4258078250969,1930.3977260378133,3217.329543396356,54.2090034180131,15.530254105391638,16.992588741139386,73.69491294308294,746.2499999957903,0.9949999999943872,0.0987536521855928,0.008802636115827,0.0089650508455558,0.9057288732371852,15.0,26250.0,16.73163962860933,1137.2554846950582,1158.238635622688,1.01845069222353,265600.16679006274,363.8178661669466,363.8178661669466,562.5976814117797,562.5976814117797,4.0,4549.021938780233,140.64942035294493,90.95446654173664,18.85454380185744,18.85454380185744,2.5000000000000004e+16,0.9012463478144072,0.0044825254227779,0.8967638223916292,15.004329108230962,143541.7921720255,43.0,0,1,1,mechanical,265.60016679006276,151.77152388003586,0.13368700984120085,0.13368700984120085,3.5,0.25,pareto,closest
2,thickness_grids_L7000mm.csv,29,71,97,7.0,1.4697171717171718,1.7278561371288643,0.2581389654116927,47.50238874186823,47.50238874186823,1,4.946369984438579,3.650424511199403,16.76544237273879,1923.4728661191764,1923.4728661196136,3205.7881101993557,53.54163198424713,15.79658415666804,17.079072303176975,73.53736913377095,619.2653312087434,0.8256871082783246,0.1187493719214564,0.0087162354447771,0.008716235444779,0.8856087458009331,15.0,26250.0,17.20926436077952,1154.083719671506,1154.083719671768,1.000000000000227,263693.66143011977,367.9963184250779,367.9963184250779,552.5846800678811,552.5846800678811,4.0,4616.334878686024,138.14617001697027,91.99907960626948,19.024601899341317,19.024601899341317,2.5e+16,0.8812506280785436,0.0043581177223895,0.876892510356154,15.090675026706649,143327.47075052155,43.0,1,1,1,packing,263.6936614301198,150.6820922457827,0.15042451119940292,0.15042451119940292,3.5,0.25,pareto,closest
3,thickness_grids_L7000mm.csv,28,70,97,7.0,1.4697171717171718,1.7206917661463117,0.2509745944291399,47.50238874186823,47.50238874186823,1,4.923341704716477,3.719202697571317,17.157039920246277,1913.7693935948323,1925.506710986568,3209.1778516442805,54.41339518074165,15.614333185320143,17.157039920253258,74.56488234050282,746.2499999966568,0.9949999999955426,0.0999194403227294,0.008910402556559,0.0089650508455558,0.9045630851000483,15.0,26250.0,16.73163962860933,1148.2616361568994,1155.3040265919408,1.0061330886735984,263102.8386299023,362.8772571129465,362.8772571129465,550.4375277542256,550.4375277542256,4.0,4593.0465446275975,137.6093819385564,90.71931427823662,19.06167146460539,19.06167146460539,2.5e+16,0.9000805596772705,0.0044825254227779,0.8955980342544926,14.984823561237084,142008.19864365432,43.0,0,1,1,mechanical,263.1028386299023,150.344479217087,0.21920269757131683,0.21920269757131683,3.5,0.25,pareto,closest
0,thickness_grids_L8000mm.csv,51,81,97,8.0,1.4697171717171718,1.8050890725436184,0.3353719008264463,54.28844427642083,54.28844427642083,1,5.516277655601637,1.5121636820775604,14.145318929803269,1860.3696067782107,1874.595961196414,3124.3266019940233,45.59888470821326,17.78228614600564,14.145318929805995,72.17359030580172,746.2499999983701,0.9949999999978268,0.0967150288857077,0.0075457961195944,0.0076034992607195,0.907086720744652,17.0,34000.0,19.72775887214391,1116.2217640669262,1124.7575767178485,1.0076470580718857,349795.6461225891,508.071756855843,508.071756855843,815.5565443881021,815.5565443881021,4.0,4464.887056267705,203.88913609702553,127.01793921396074,15.65986303564157,15.65986303564157,2.5e+16,0.9032849711142924,0.0038017496303597,0.8994832214839326,17.744788102974233,223400.9090699903,43.0,0,1,1,mechanical,349.7956461225891,174.89782306129456,0.012163682077560356,0.012163682077560356,1.5,0.25,pareto,closest
1,thickness_grids_L8000mm.csv,52,82,97,8.0,1.4697171717171718,1.813371288644016,0.3436541169268443,54.28844427642083,54.28844427642083,1,5.548463634048266,1.4773802833884266,13.890091687064135,1871.9165461768343,1871.9165461771572,3119.8609102952623,44.94081600467237,17.95182414228419,14.08227661045578,71.64560936140077,645.55376979603,0.86073835972804,0.1109831786499179,0.0074202515680683,0.0074202515680696,0.8927269471341168,17.0,34000.0,20.214948054520256,1123.1499277061005,1123.1499277062942,1.0000000000001723,350680.3039973085,516.7556086153235,516.7556086153235,819.2939118249415,819.2939118249415,4.0,4492.599710824402,204.82347795623537,129.18890215383087,15.624104464041874,15.624104464041874,2.5000000000000004e+16,0.8890168213500821,0.0037101257840348,0.8853066955660472,17.89642886318662,225871.7847503771,43.0,1,1,1,packing,350.6803039973085,175.34015199865425,-0.02261971661157336,0.02261971661157336,1.5,0.25,pareto,closest
2,thickness_grids_L8000mm.csv,53,81,98,8.0,1.484858585858586,1.8202304866850323,0.3353719008264463,55.412794027387896,55.412794027387896,1,5.456899557371421,1.474768750926828,14.01167151828964,1842.7925140566967,1879.5611908885855,3132.6019848143096,45.43479999233195,17.69475823378992,14.011671518293664,71.32863564408078,746.2499999975419,0.9949999999967224,0.0955827613324163,0.0074547567731303,0.0076034992607195,0.9082189882979436,17.0,34000.0,19.72775887214391,1105.675508434018,1127.7367145331514,1.019952694918945,353030.2806919397,509.34629088628833,509.34629088628833,833.2738714956967,833.2738714956967,4.0,4422.702033736072,208.31846787392416,127.33657272157208,15.49248612170648,15.49248612170648,2.4999999999999996e+16,0.9044172386675836,0.0038017496303597,0.9006154890372239,17.76712520424432,225749.3672087845,43.0,0,1,1,mechanical,353.0302806919397,176.51514034596983,-0.02523124907317209,0.02523124907317209,1.5,0.25,pareto,closest
3,thickness_grids_L8000mm.csv,50,78,99,8.0,1.5,1.8111349862258952,0.3111349862258953,56.54866776461627,56.54866776461627,1,5.279018070876794,1.5736956409901277,14.614440185627672,1894.6098524393497,1894.6098524407776,3157.683087401296,47.322218936862605,17.093699501905107,14.785409592970025,71.53118680275055,659.0370921624516,0.8787161228832688,0.1085389390876928,0.0077136937543105,0.0077136937543163,0.8953179077894654,16.0,32000.0,19.445936639118464,1136.7659114636097,1136.7659114644664,1.0000000000007536,332871.59512868524,480.8199413951248,480.8199413951248,744.1669586613041,744.1669586613041,4.0,4547.063645854439,186.041739665326,120.2049853487812,16.393806556925195,16.393806556925195,2.5e+16,0.8914610609123071,0.0038568468771581,0.887604214035149,17.26029530674205,206812.11804402823,43.0,1,1,1,packing,332.8715951286852,166.4357975643426,0.07369564099012771,0.07369564099012771,1.5,0.25,pareto,closest
4,thickness_grids_L8000mm.csv,54,82,98,8.0,1.484858585858586,1.8285127027854304,0.3436541169268443,55.412794027387896,55.412794027387896,1,5.542538011091084,1.3857122167962046,13.893747385598992,1872.409211216735,1872.409211217409,3120.6820186956816,44.78010942850411,17.86382404689172,13.949918453654409,72.19876337130555,713.6625399509958,0.9515500532679944,0.1011665308596176,0.0074202515680669,0.0074202515680696,0.902543594924417,17.0,34000.0,20.214948054520256,1123.445526730041,1123.4455267304454,1.0000000000003602,353914.93856665917,528.2307911017302,528.2307911017302,837.0466643531151,837.0466643531151,4.0,4493.782106920164,209.2616660882788,132.05769777543256,15.457532304495247,15.457532304495247,2.4999999999999996e+16,0.8988334691403823,0.0037101257840348,0.8951233433563475,18.094871888337064,230472.3130975956,43.0,0,1,1,mechanical,353.91493856665915,176.95746928332957,-0.1142877832037954,0.1142877832037954,1.5,0.25,pareto,closest
5,thickness_grids_L8000mm.csv,49,77,99,8.0,1.5,1.8032592592592591,0.3032592592592593,56.54866776461627,56.54866776461627,1,5.230532600480403,1.6328627562384856,14.851022162837843,1876.54582514377,1898.7576290238385,3164.596048373064,48.03909102665658,16.919376252843616,14.85102216283843,71.67775479826072,746.2499999996639,0.994999999999552,0.0960505926945299,0.0078214417342316,0.0079140205178309,0.9079064175643856,16.0,32000.0,18.95370370370371,1125.927495086262,1139.254577414303,1.011836536887324,332079.8406973232,469.6738770620741,469.6738770620741,740.9784063841697,740.9784063841697,4.0,4503.709980345048,185.24460159604243,117.41846926551852,16.429041318923353,16.429041318923357,2.500000000000001e+16,0.90394940730547,0.0039570102589154,0.8999923970465545,17.058189229206462,203914.78911541152,43.0,0,1,1,mechanical,332.0798406973232,166.0399203486616,0.13286275623848565,0.13286275623848565,1.5,0.25,pareto,closest
6,thickness_grids_L8000mm.csv,55,82,99,8.0,1.5,1.8436541169268443,0.3436541169268443,56.54866776461627,56.54866776461627,1,5.505669718727272,1.330125799465018,13.8198388636884,1862.4488316753416,1875.480892693934,3125.8014878232234,44.62145074905106,17.776688470676074,13.819838863696036,71.94155979916343,746.2499999953109,0.994999999993748,0.0964041002339906,0.0073686908341879,0.0074202515680696,0.907306025550044,17.0,34000.0,20.214948054520256,1117.469299005205,1125.2885356163604,1.0069972719770612,357149.5731360098,533.8432368962389,533.8432368962389,855.0126500032053,855.0126500032053,4.0,4469.87719602082,213.75316250080132,133.46080922405972,15.294269116611876,15.294269116611876,2.5e+16,0.9035958997660094,0.0037101257840348,0.8998857739819746,18.19114417604737,233811.04213613013,43.0,0,1,1,mechanical,357.1495731360098,178.5747865680049,-0.16987420053498203,0.16987420053498203,1.5,0.25,pareto,closest
7,thickness_grids_L8000mm.csv,48,77,98,8.0,1.484858585858586,1.7881178451178452,0.3032592592592593,55.412794027387896,55.412794027387896,1,5.28619771386928,1.6746889569010155,14.989133842365485,1893.9973441556883,1893.997344156568,3156.662240260947,48.215190875066725,17.003986651794822,14.992799398269202,72.48473537351742,744.1948202085314,0.992259760278042,0.0974002148432132,0.0079140205178272,0.0079140205178309,0.9065567954157022,16.0,32000.0,18.95370370370371,1136.398406493413,1136.398406493941,1.0000000000004643,329035.4787496991,468.2724511417638,468.2724511417638,725.2159917460997,725.2159917460997,4.0,4545.593625973652,181.30399793652492,117.06811278544096,16.606622435392875,16.60662243539287,2.4999999999999996e+16,0.9025997851567868,0.0039570102589154,0.8986427748978713,17.032608890888362,201743.72849526996,43.0,0,1,1,mechanical,329.03547874969905,164.51773937484953,0.1746889569010155,0.1746889569010155,1.5,0.25,pareto,closest
8,thickness_grids_L8000mm.csv,56,83,99,8.0,1.5,1.8520379553106827,0.3520379553106826,56.54866776461627,56.54866776461627,1,5.534892269372533,1.3022568411113684,13.56747324366818,1873.045309581703,1873.0453095823968,3121.742182637328,43.985051295149205,17.94383641000308,13.7591390776234,71.35904108394362,643.4281695507475,0.8579042260676634,0.1109044404036082,0.0072435371286843,0.007243537128687,0.8927173281607353,17.0,34000.0,20.708115018275453,1123.8271857490215,1123.8271857494378,1.0000000000003704,358045.0857085785,542.3729256845373,542.3729256845373,858.8729611888115,858.8729611888115,4.0,4495.308742996086,214.71824029720287,135.59323142113433,15.259859412442893,15.259859412442893,2.5e+16,0.8890955595963917,0.0036217685643435,0.8854737910320483,18.33649311036006,236262.46349338823,43.0,1,1,1,packing,358.04508570857854,179.02254285428927,-0.1977431588886316,0.1977431588886316,1.5,0.25,pareto,closest
0,thickness_grids_L8000mm.csv,36,68,98,8.0,1.484858585858586,1.7218093051729415,0.2369507193143557,55.412794027387896,55.412794027387896,1,4.753301290923272,2.5616889442120105,17.199402122082837,1940.6717640973252,1940.671764098037,3234.452940163396,55.60221628212829,15.36646940143926,17.425701633182644,71.76352430764221,649.929770462522,0.8665730272833627,0.1104173521033999,0.0088626023422753,0.0088626023422785,0.8940139490677392,14.0,28000.0,16.92505137959683,1164.403058458395,1164.4030584588224,1.000000000000367,282073.2400910738,362.7041963227776,362.7041963227776,535.027248519819,535.027248519819,4.0,4657.61223383358,133.75681212995474,90.6760490806944,19.334237423302344,19.334237423302344,2.4999999999999996e+16,0.8895826478966,0.0044313011711392,0.8851513467254607,14.981232022047749,152211.05177678802,43.0,1,1,1,packing,282.0732400910738,141.0366200455369,0.061688944212010544,0.061688944212010544,2.5,0.25,pareto,closest
1,thickness_grids_L8000mm.csv,37,68,99,8.0,1.5,1.736950719314356,0.2369507193143557,56.54866776461627,56.54866776461627,1,4.7481984744573245,2.4044617896358305,17.20347132127784,1941.1309068003216,1941.1309068007577,3235.218178001263,55.38867616766468,15.287404662118004,17.25747585409497,72.3521545619022,720.7250754646743,0.9609667672862324,0.1003880078894916,0.0088626023422765,0.0088626023422785,0.9040432932816476,14.0,28000.0,16.925051379596848,1164.678544080193,1164.6785440804545,1.0000000000002245,284737.0567952449,370.9287075818266,370.9287075818266,546.900464464842,546.900464464842,4.0,4658.714176320772,136.7251161162105,92.73217689545665,19.123212531791776,19.123212531791776,2.5000000000000004e+16,0.8996119921105084,0.0044313011711392,0.895180690939369,15.150979188171828,155380.75395102668,43.0,0,1,1,mechanical,284.73705679524494,142.36852839762247,-0.09553821036416954,0.09553821036416954,2.5,0.25,pareto,closest
2,thickness_grids_L8000mm.csv,38,72,96,8.0,1.4545757575757576,1.7199807162534435,0.2654049586776859,53.17561851171512,53.17561851171512,1,5.034274686042488,2.3357075368003533,16.24100243789344,1915.7522581836904,1915.7522581848289,3192.920430308048,52.5022561767693,16.274289733134864,16.486962012501223,71.76802468341587,637.6747473694504,0.8502329964926006,0.112546443119278,0.008477611010769,0.0084776110107741,0.891692362386109,15.0,30000.0,17.693663911845725,1149.451354910214,1149.4513549108972,1.0000000000005942,299194.8988976321,394.4998103350939,394.4998103350939,597.1667265621868,597.1667265621868,4.0,4597.805419640857,149.2916816405467,98.62495258377348,18.300678736336742,18.300678736336742,2.5e+16,0.8874535568807219,0.004238805505387,0.8832147513753349,15.62730497281956,168378.0958290828,43.0,1,1,1,packing,299.1948988976321,149.59744944881604,-0.16429246319964674,0.16429246319964674,2.5,0.25,pareto,closest
3,thickness_grids_L8000mm.csv,35,67,98,8.0,1.484858585858586,1.7149498010407105,0.2300912151821243,55.412794027387896,55.412794027387896,1,4.699247752228711,2.681602471763395,17.505483608465468,1918.027617058371,1945.5475341479264,3242.5792235798776,56.539021169733694,15.177579442398107,17.505483608476013,71.89735583412596,746.2499999948813,0.994999999993175,0.0963448654400256,0.0089977157078982,0.0091268151995189,0.908218542159734,14.0,28000.0,16.43508679872317,1150.8165702350227,1167.328520488756,1.0143480296346108,281469.8465929794,352.91443956921574,352.91443956921574,532.9509130535838,532.9509130535838,4.0,4603.266280940091,133.23772826339595,88.22860989230392,19.371863157718437,19.371863157718437,2.5e+16,0.9036551345599744,0.0045634075997594,0.8990917269602149,14.776650572605044,149821.65841032055,43.0,0,1,1,mechanical,281.46984659297937,140.73492329648968,0.18160247176339483,0.18160247176339483,2.5,0.25,pareto,closest
4,thickness_grids_L8000mm.csv,34,68,97,8.0,1.4697171717171718,1.7066678910315276,0.2369507193143557,54.28844427642083,54.28844427642083,1,4.7583740543014015,2.7311714203735344,17.195358978369125,1940.2155613300629,1940.215561331485,3233.692602219142,55.818717848781105,15.446396849878484,17.596954700140564,71.17443754847505,591.0245528643393,0.7880327371524525,0.1204255173554728,0.008862602342272,0.0088626023422785,0.8840057838156664,14.0,28000.0,16.925051379596848,1164.1293367980377,1164.129336798891,1.0000000000007332,279409.42338690266,354.58896602321107,354.58896602321107,523.302422467828,523.302422467828,4.0,4656.51734719215,130.825605616957,88.64724150580277,19.54963373501876,19.54963373501876,2.4999999999999996e+16,0.8795744826445272,0.0044313011711392,0.8751431814733879,14.811843310940938,149077.35111131257,43.0,1,1,1,packing,279.4094233869027,139.70471169345134,0.23117142037353444,0.23117142037353444,2.5,0.25,pareto,closest
5,thickness_grids_L8000mm.csv,33,67,97,8.0,1.4697171717171718,1.699808386899296,0.2300912151821243,54.28844427642083,54.28844427642083,1,4.7518473785692015,2.7462074494767132,17.67843320956322,1936.977228430679,1940.802560402086,3234.6709340034768,56.76033656062764,15.256807732623036,17.678433209564155,72.75433636973084,746.2499999995542,0.9949999999994056,0.0974932480666992,0.0091088261991475,0.0091268151995189,0.9070701595330602,14.0,28000.0,16.43508679872317,1162.1863370584072,1164.4815362412514,1.0019748977506082,278806.02988880826,352.0180283693648,352.0180283693648,521.2467628995794,521.2467628995794,4.0,4648.745348233629,130.31169072489485,88.0045070923412,19.58814509885211,19.58814509885211,2.5e+16,0.9025067519333008,0.0045634075997594,0.8979433443335413,14.757776804457515,148215.1592527014,43.0,0,1,1,mechanical,278.80602988880827,139.4030149444041,0.24620744947671325,0.24620744947671325,2.5,0.25,pareto,closest
0,thickness_grids_L8000mm.csv,28,63,97,8.0,1.4697171717171718,1.6733865932047751,0.2036694214876034,54.28844427642083,54.28844427642083,1,4.482275632979245,3.4688780824566647,18.81733081222673,1965.3922463933704,1965.3922463941049,3275.6537439901745,60.80976398834824,14.484845172360462,19.140001131123675,71.81756358800607,625.8796142825184,0.8345061523766913,0.1147466093305094,0.0095743385813955,0.0095743385813991,0.8900405599601902,13.0,26000.0,15.66687857596949,1179.235347836022,1179.2353478364628,1.000000000000374,256733.14413107943,307.7656423158607,307.7656423158607,442.6384673615974,442.6384673615974,4.0,4716.941391344088,110.65961684039937,76.94141057896518,21.256434610203236,21.256434610203236,2.4999999999999996e+16,0.8852533906694906,0.0047871692906995,0.880466221378791,13.79415738058419,127614.49812665864,43.0,1,1,1,packing,256.7331441310795,128.36657206553974,-0.031121917543335265,0.031121917543335265,3.5,0.25,pareto,closest
1,thickness_grids_L8000mm.csv,27,62,97,8.0,1.4697171717171718,1.667035200489746,0.1973180287725742,54.28844427642083,54.28844427642083,1,4.43895056115097,3.6063015791735498,19.230037737940407,1945.863148550058,1969.4081241047895,3282.3468735079828,61.89944756802236,14.288510051901564,19.230037737946088,72.38490191105082,746.2499999975076,0.9949999999966768,0.0969981935159699,0.0097643741297561,0.0098825232145793,0.9079430680913196,13.0,26000.0,15.17830990558263,1167.5178891300347,1181.6448744628738,1.0121000161662324,256214.35342504585,300.5689074138217,300.5689074138217,441.0085007629793,441.0085007629793,4.0,4670.071556520139,110.25212519074482,75.14222685345543,21.295680252086516,21.295680252086516,2.5000000000000004e+16,0.90300180648403,0.0049412616072896,0.8980605448767404,13.631041264115565,125858.77249800492,43.0,0,1,1,mechanical,256.21435342504583,128.10717671252291,0.10630157917354977,0.10630157917354977,3.5,0.25,pareto,closest
2,thickness_grids_L8000mm.csv,26,62,96,8.0,1.4545757575757576,1.6518937863483318,0.1973180287725742,53.17561851171512,53.17561851171512,1,4.488032713546009,3.697788266622636,19.417774190421746,1964.8599622589677,1964.859962260217,3274.7666037670283,62.15051852915729,14.364857557170254,19.42389758743357,73.21003987407923,743.6259027874348,0.9915012037165798,0.0984500937899769,0.009882523214573,0.0098825232145793,0.9064911678173128,13.0,26000.0,15.17830990558263,1178.9159773553804,1178.91597735613,1.000000000000636,253740.80934260125,299.6031391417049,299.6031391417049,431.13238639327005,431.13238639327005,4.0,4715.663909421522,107.78309659831751,74.90078478542623,21.53821331095366,21.53821331095366,2.4999999999999996e+16,0.9015499062100232,0.0049412616072896,0.8966086446027334,13.609003871804685,124443.29739444773,43.0,0,1,1,mechanical,253.74080934260124,126.87040467130062,0.19778826662263604,0.19778826662263604,3.5,0.25,pareto,closest
3,thickness_grids_L8000mm.csv,29,63,98,8.0,1.484858585858586,1.6885280073461892,0.2036694214876034,55.412794027387896,55.412794027387896,1,4.477495044188859,3.2536236137154964,18.82156497251535,1965.834486894124,1965.834486895822,3276.390811493037,60.56779369844328,14.408578485277271,18.951508841481697,72.42511909771697,692.5412328714805,0.9233883104953072,0.1045787826920009,0.0095743385813908,0.0095743385813991,0.9002083865986986,13.0,26000.0,15.66687857596949,1179.5006921364743,1179.5006921374932,1.0000000000008638,259206.68821352403,314.8761013123078,314.8761013123078,452.6612256699171,452.6612256699171,4.0,4718.002768545897,113.16530641747929,78.71902532807695,21.019788909068566,21.019788909068566,2.5e+16,0.8954212173079991,0.0047871692906995,0.8906340480172995,13.95345548591121,130323.89842317931,43.0,0,1,1,mechanical,259.20668821352405,129.60334410676202,-0.24637638628450365,0.24637638628450365,3.5,0.25,pareto,closest
0,thickness_grids_L9000mm.csv,49,73,96,9.0,1.4545757575757576,1.7273483318028773,0.2727725742271197,59.82257082567951,59.82257082567951,1,5.0928189537597275,1.5059991856682866,15.760227399752171,1910.6479103267484,1910.6479103276124,3184.413183879354,51.38908031186732,16.60606002630864,15.837701365078946,70.5414742320128,706.2314199905136,0.9416418933206848,0.0998843611814387,0.0082486298572141,0.0082486298572178,0.90423995374717,15.0,33750.0,18.184838281807977,1146.3887461960492,1146.3887461965674,1.000000000000452,337375.4403421905,428.68223241702646,428.68223241702646,652.3815214391434,652.3815214391434,4.0,4585.554984784197,163.09538035978585,107.1705581042566,17.509114073874013,17.509114073874013,2.5e+16,0.9001156388185613,0.0041243149286089,0.8959913238899523,16.293457326841814,197919.7874614236,43.0,0,1,1,mechanical,337.3754403421905,149.94464015208467,0.005999185668286611,0.005999185668286611,1.5,0.25,pareto,closest
1,thickness_grids_L9000mm.csv,48,70,99,9.0,1.5,1.75097459442914,0.2509745944291399,63.61725123519331,63.61725123519331,1,4.804861674538898,1.5484649185946011,16.19963212816366,1936.0457634605427,1936.0457634612712,3226.7429391021187,53.29607093093214,15.807781719582234,16.50911236721772,69.29169443158109,611.1828573129818,0.8149104764173091,0.1133730987420306,0.0083673807891823,0.0083673807891854,0.890810591652562,14.0,31500.0,17.92675674493857,1161.6274580763256,1161.6274580767629,1.000000000000376,321716.99394026777,404.2083136973784,404.2083136973784,599.103006641432,599.103006641432,4.0,4646.509832305303,149.775751660358,101.0520784243446,18.27108122388256,18.27108122388256,2.500000000000001e+16,0.8866269012579694,0.0041836903945927,0.8824432108633766,15.819344782370282,183267.15273339103,43.0,1,1,1,packing,321.7169939402678,142.985330640119,0.048464918594601114,0.048464918594601114,1.5,0.25,pareto,closest
2,thickness_grids_L9000mm.csv,50,73,97,9.0,1.4697171717171718,1.7424897459442916,0.2727725742271197,61.074499810973435,61.074499810973435,1,5.0629507781751615,1.438997519838212,15.684419908972083,1901.4575972575133,1913.2483226944464,3188.7472044907445,51.18976185118082,16.52412050322507,15.68441990897974,70.40961456890145,746.2499999957744,0.9949999999943658,0.0943512423039197,0.0081977962415686,0.0082486298572178,0.9097730726246892,15.0,33750.0,18.18483828180799,1140.874558354508,1147.9489936166678,1.0062008879156383,340586.29083382536,433.9687533482492,433.9687533482492,666.8262156313825,666.8262156313825,4.0,4563.498233418032,166.70655390784563,108.4921883370623,17.318435845782385,17.318435845782385,2.5e+16,0.9056487576960802,0.0041243149286089,0.9015244427674712,16.394076198823527,201031.6340844472,43.0,0,1,1,mechanical,340.5862908338254,151.3716848150335,-0.06100248016178811,0.06100248016178811,1.5,0.25,pareto,closest
3,thickness_grids_L9000mm.csv,47,69,99,9.0,1.5,1.7439118457300276,0.2439118457300275,63.61725123519331,63.61725123519331,1,4.781586377581878,1.5788355844141573,16.583744596402603,1926.1770255352044,1938.131029400572,3230.218382334287,54.17413138029524,15.62001194118378,16.583744596408437,70.28174750768041,746.2499999969498,0.994999999995933,0.0941798961580806,0.0085565652398288,0.0086096679466907,0.9101249378152648,14.0,31500.0,17.422274695001967,1155.7062153211227,1162.8786176403432,1.0062060774824402,321018.06313830835,398.4864945680396,398.4864945680396,596.6899248689903,596.6899248689903,4.0,4622.824861284491,149.17248121724757,99.6216236420099,18.307989109608833,18.307989109608833,2.5e+16,0.9058201038419194,0.0043048339733453,0.901515269868574,15.706446673389124,181570.0792948897,43.0,0,1,1,mechanical,321.0180631383084,142.67469472813704,0.07883558441415728,0.07883558441415728,1.5,0.25,pareto,closest
4,thickness_grids_L9000mm.csv,51,74,97,9.0,1.4697171717171718,1.7499589837771656,0.2802418120599939,61.074499810973435,61.074499810973435,1,5.087330272732398,1.4116113231795966,15.34400468798908,1911.1251902307115,1911.125190230929,3185.208650384882,50.39198622100647,16.7075468378808,15.613706158672302,69.53696878391706,620.3501032953806,0.8271334710605075,0.1120931042237723,0.0080287805144439,0.0080287805144448,0.8919212860334501,15.0,33750.0,18.68278747066626,1146.6751141384268,1146.675114138557,1.000000000000114,341378.24480007426,440.2893567769425,440.2893567769425,669.7109631517569,669.7109631517569,4.0,4586.700456553707,167.42774078793923,110.07233919423562,17.28109643137191,17.28109643137191,2.5e+16,0.8879068957762276,0.0040143902572224,0.8838925055190052,16.513575827526278,202961.16376646163,43.0,1,1,1,packing,341.37824480007424,151.72366435558857,-0.08838867682040341,0.08838867682040341,1.5,0.25,pareto,closest
5,thickness_grids_L9000mm.csv,52,73,98,9.0,1.484858585858586,1.7576311600857055,0.2727725742271197,62.339393280811386,62.339393280811386,1,5.008919687396922,1.4028882744220947,15.533621284890044,1883.175939977171,1917.9721932609152,3196.6203221015257,50.99312335704981,16.44307240536633,15.5336212848966,69.59586895108374,746.2499999963051,0.9949999999950736,0.0932607959148118,0.008098981486525,0.0082486298572178,0.910863519013797,15.0,33750.0,18.184838281807977,1129.9055639863027,1150.7833159565491,1.0184774308895248,343797.14132546016,435.0144226457921,435.0144226457921,681.4741037599733,681.4741037599733,4.0,4519.622255945211,170.36852593999333,108.75360566144802,17.131299953620026,17.131299953620026,2.4999999999999996e+16,0.9067392040851882,0.0041243149286089,0.9026148891565792,16.413905790064426,203171.1780836497,43.0,0,1,1,mechanical,343.7971413254602,152.7987294779823,-0.09711172557790526,0.09711172557790526,1.5,0.25,pareto,closest
6,thickness_grids_L9000mm.csv,46,69,98,9.0,1.484858585858586,1.7287704315886134,0.2439118457300275,62.339393280811386,62.339393280811386,1,4.810066604055534,1.6496621062996455,16.664702109259235,1935.5801190526204,1935.5801190529696,3225.966865088283,54.38554199651236,15.69773510415976,16.7447086037362,70.41893474421121,707.0544433179471,0.9427392577572627,0.0995947842626672,0.0086096679466892,0.0086096679466907,0.904710049710678,14.0,31500.0,17.422274695001967,1161.3480714315724,1161.3480714317818,1.0000000000001803,318021.2693461158,393.7365219176053,393.7365219176053,583.8629135725705,583.8629135725705,4.0,4645.39228572629,145.96572839314263,98.43413047940132,18.508002639248016,18.508002639248016,2.4999999999999996e+16,0.9004052157373328,0.0043048339733453,0.8961003817639874,15.61210700538832,178799.7991708343,43.0,0,1,1,mechanical,318.02126934611584,141.34278637605146,0.1496621062996455,0.1496621062996455,1.5,0.25,pareto,closest
7,thickness_grids_L9000mm.csv,53,74,98,9.0,1.484858585858586,1.7651003979185798,0.2802418120599939,62.339393280811386,62.339393280811386,1,5.082911905996494,1.3229670484256295,15.347090937772872,1911.5095885559913,1911.509588556667,3185.849314261112,50.19948997571967,16.625925154618603,15.4643171214907,70.09947846682911,685.6795026469996,0.914239336862666,0.10223359192774,0.008028780514442,0.0080287805144448,0.9017807983294824,15.0,33750.0,18.68278747066626,1146.9057531335948,1146.9057531340002,1.0000000000003535,344589.0952917092,450.1217846295851,450.1217846295851,684.391434073591,684.391434073591,4.0,4587.623012534379,171.09785851839774,112.53044615739628,17.094748477755036,17.094748477755036,2.4999999999999996e+16,0.8977664080722599,0.0040143902572224,0.8937520178150375,16.69777900031747,207145.04800629875,43.0,1,1,1,packing,344.58909529170916,153.1507090185374,-0.1770329515743705,0.1770329515743705,1.5,0.25,pareto,closest
8,thickness_grids_L9000mm.csv,54,74,99,9.0,1.5,1.780241812059994,0.2802418120599939,63.61725123519331,63.61725123519331,1,5.067594062028366,1.251461962471492,15.317339632398529,1907.8040064540992,1912.8435554776192,3188.072592462699,50.00954855411392,16.54517673300836,15.317339632409148,70.35939223970124,746.2499999939948,0.9949999999919932,0.0942839427005258,0.0080076280093768,0.0080287805144448,0.9097304475566966,15.0,33750.0,18.68278747066626,1144.6824038724594,1147.7061332865717,1.0026415444178078,347799.945783344,458.1286627879536,458.1286627879536,699.274105142669,699.274105142669,4.0,4578.729615489838,174.81852628566725,114.5321656969884,16.91185610429546,16.91185610429546,2.4999999999999996e+16,0.905716057299474,0.0040143902572224,0.9017016670422516,16.84630060729586,210926.55122743372,43.0,0,1,1,mechanical,347.79994578334396,154.5777536814862,-0.248538037528508,0.248538037528508,1.5,0.25,pareto,closest
0,thickness_grids_L9000mm.csv,35,63,95,9.0,1.4394343434343435,1.6431037649219469,0.2036694214876034,58.58360632492958,58.58360632492958,1,4.5430231972901,2.5502011417169443,18.763707954779992,1959.791561083273,1959.7915610832856,3266.319268472143,60.98197858380756,14.764807893543775,18.850605749493297,71.00608545688765,708.6364571993164,0.9448486095990886,0.1002010053751947,0.009574338581399,0.0095743385813991,0.9045861639155048,13.0,29250.0,15.66687857596949,1175.874936649964,1175.8749366499712,1.0000000000000062,283259.312961964,317.96253061495787,317.96253061495787,459.9214588490524,459.9214588490524,4.0,4703.499746599856,114.9803647122631,79.49063265373947,20.853221738266125,20.853221738266125,2.4999999999999996e+16,0.8997989946248053,0.0047871692906995,0.8950118253341057,14.022041591566248,143113.3604462746,43.0,0,1,1,mechanical,283.259312961964,125.89302798309512,0.05020114171694434,0.05020114171694434,2.5,0.25,pareto,closest
1,thickness_grids_L9000mm.csv,34,60,99,9.0,1.5,1.6849201101928375,0.1849201101928375,63.61725123519331,63.61725123519331,1,4.239285246483639,2.5553733992139245,19.35252237352429,1988.1503165674808,1988.150316569134,3313.583860948557,63.31967294391684,13.870551349448306,19.62824440912735,70.0582191973427,641.1764578614873,0.8549019438153164,0.1092651146784264,0.0097339332002421,0.0097339332002502,0.8956018519216987,12.0,27000.0,15.410009182736458,1192.8901899404882,1192.8901899414805,1.0000000000008318,270154.48375220975,301.4551453468718,301.4551453468718,423.69346203914944,423.69346203914944,4.0,4771.560759761953,105.92336550978736,75.36378633671795,21.72646731640878,21.72646731640878,2.5e+16,0.8907348853215735,0.0048669666001251,0.8858679187214484,13.651232762189156,132902.00719423057,43.0,1,1,1,packing,270.1544837522097,120.06865944542656,0.05537339921392448,0.05537339921392448,2.5,0.25,pareto,closest
2,thickness_grids_L9000mm.csv,36,63,96,9.0,1.4545757575757576,1.658245179063361,0.2036694214876034,59.82257082567951,59.82257082567951,1,4.513936244582564,2.44025945593953,18.662876667515015,1949.2601508550129,1962.4688939812552,3270.7814899687587,60.730190800421845,14.688636391816212,18.66287666752299,70.8286793840599,746.2499999963239,0.9949999999950986,0.0949128031951876,0.0095098968063915,0.0095743385813991,0.909874366095512,13.0,29250.0,15.66687857596949,1169.5560905130076,1177.481336388753,1.006776285412929,286042.05005471414,321.71090370027724,321.71090370027724,470.38521915990987,470.38521915990987,4.0,4678.22436205203,117.59630478997748,80.42772592506931,20.619976432546736,20.619976432546736,2.5e+16,0.9050871968048124,0.0047871692906995,0.9003000275141128,14.104891213005596,145368.6582520148,43.0,0,1,1,mechanical,286.04205005471414,127.1298000243174,-0.059740544060470135,0.059740544060470135,2.5,0.25,pareto,closest
3,thickness_grids_L9000mm.csv,37,64,96,9.0,1.4545757575757576,1.6646981940618306,0.2101224364860728,59.82257082567951,59.82257082567951,1,4.538307253259242,2.3882627582162965,18.191484021166673,1960.22510042308,1960.2251004238624,3267.041834039771,59.6717621941291,14.886569499512934,18.575836836270103,69.70433611714576,600.5336613975517,0.8007115485300689,0.1160706561476188,0.0092803035820901,0.0092803035820938,0.8885694956434281,13.0,29250.0,16.163264345082535,1176.1350602538478,1176.1350602543173,1.0000000000003992,286635.0278317105,326.5977865037736,326.5977865037736,472.20310659355266,472.20310659355266,4.0,4704.540241015391,118.05077664838817,81.6494466259434,20.580246767104388,20.580246767104388,2.4999999999999996e+16,0.8839293438523812,0.0046401517910469,0.8792891920613343,14.212183647061394,146772.22899806933,43.0,1,1,1,packing,286.63502783171054,127.39334570298246,-0.11173724178370348,0.11173724178370348,2.5,0.25,pareto,closest
4,thickness_grids_L9000mm.csv,38,63,97,9.0,1.4697171717171718,1.6733865932047751,0.2036694214876034,61.074499810973435,61.074499810973435,1,4.46461731706828,2.3797860176461083,18.478227606352373,1929.9743213856668,1967.026859173528,3278.378098622547,60.48197774482843,14.613354211378466,18.478227606357013,70.005138603471,746.2499999978172,0.9949999999970895,0.0938092309596995,0.0093939884553057,0.0095743385813991,0.910977938331,13.0,29250.0,15.66687857596949,1157.9845928314,1180.2161155041167,1.0191984615428762,288824.7871474644,322.4959057798584,322.4959057798584,481.0039457513577,481.0039457513577,4.0,4631.9383713256,120.25098643783944,80.6239764449646,20.391101120928106,20.391101120928106,2.5000000000000004e+16,0.9061907690403004,0.0047871692906995,0.9014035997496008,14.1221807452188,146961.83781285523,43.0,0,1,1,mechanical,288.8247871474644,128.36657206553974,-0.12021398235389169,0.12021398235389169,2.5,0.25,pareto,closest
5,thickness_grids_L9000mm.csv,33,59,99,9.0,1.5,1.6788735843281295,0.1788735843281298,63.61725123519331,63.61725123519331,1,4.179445627268068,2.704893746460822,19.720082618744097,1959.6677007008927,1993.8437403396192,3323.0729005660323,64.4987170328802,13.669764274275616,19.72008261875563,70.10945185021193,746.2499999949189,0.9949999999932252,0.0939490142052787,0.0098904855078488,0.010062972723228,0.9110824721563352,12.0,27000.0,14.906132027344142,1175.8006204205358,1196.3062442037717,1.0174397116544314,269641.59927882947,291.84696695655197,291.84696695655197,422.19959256859624,422.19959256859624,4.0,4703.202481682143,105.54989814214906,72.96174173913799,21.764870772086947,21.764870772086947,2.5e+16,0.9060509857947212,0.005031486361614,0.9010194994331072,13.430715617761429,130518.62686744468,43.0,0,1,1,mechanical,269.64159927882946,119.84071079059088,0.2048937464608218,0.2048937464608218,2.5,0.25,pareto,closest
6,thickness_grids_L9000mm.csv,32,60,98,9.0,1.484858585858586,1.6697786960514234,0.1849201101928375,62.339393280811386,62.339393280811386,1,4.243002672547862,2.7246212362609796,19.349090978215223,1987.797797679332,1987.7977976810844,3312.996329468474,63.57796637061363,13.941816777304478,19.821764969693916,69.46549457297716,582.7335287069925,0.77697803827599,0.1192062772277953,0.0097339332002416,0.0097339332002502,0.8856606893723299,12.0,27000.0,15.410009182736458,1192.678678607599,1192.678678608651,1.0000000000008815,267585.8033589019,294.763835775948,294.763835775948,414.43581934715326,414.43581934715326,4.0,4770.714714430396,103.60895483678831,73.690958943987,21.96778936765809,21.96778936765809,2.5e+16,0.8807937227722047,0.0048669666001251,0.8759267561720796,13.498039356016305,130169.18262124188,43.0,1,1,1,packing,267.5858033589019,118.9270237150675,0.22462123626097963,0.22462123626097963,2.5,0.25,pareto,closest
0,thickness_grids_L9000mm.csv,25,55,99,9.0,1.5,1.6557037037037037,0.1557037037037037,63.61725123519331,63.61725123519331,1,3.945401886385124,3.406119940339836,21.36852034021058,2016.4592482658873,2016.459248267621,3360.7654137793684,69.6203873342398,12.854442102033996,21.59412687322021,70.65408788080678,665.756368064306,0.8876751574190747,0.1061260414019535,0.0105970504281545,0.0105970504281636,0.8991724838121282,11.0,24750.0,14.154882154882152,1209.875548959532,1209.8755489605726,1.00000000000086,245369.905418426,256.14451996918217,256.14451996918217,349.97229438228624,349.97229438228624,4.0,4839.5021958381285,87.49307359557156,64.03612999229554,23.905518372774843,23.905518372774843,2.5e+16,0.8938739585980464,0.0052985252140818,0.8885754333839646,12.577680545273354,111268.39910800876,43.0,1,1,1,packing,245.369905418426,109.05329129707822,-0.09388005966016388,0.09388005966016388,3.5,0.25,pareto,closest
1,thickness_grids_L9000mm.csv,24,55,98,9.0,1.484858585858586,1.6405622895622896,0.1557037037037037,62.339393280811386,62.339393280811386,1,3.948868304396064,3.631689897211463,21.364927307022725,2016.120188523536,2016.1201885247433,3360.2003142079056,69.91072195068728,12.921562057352311,21.808977563352368,70.04490141443664,602.929647979879,0.8039061973065054,0.1161742529151165,0.0105970504281573,0.0105970504281636,0.8891242722989653,11.0,24750.0,14.154882154882152,1209.6721131141214,1209.6721131148458,1.0000000000005989,243015.28172456045,250.4181465179284,250.4181465179284,342.26339563023515,342.26339563023515,4.0,4838.688452456486,85.56584890755879,62.6045366294821,24.173234800514148,24.173234800514148,2.5e+16,0.8838257470848835,0.0052985252140818,0.8785272218708017,12.435449295437204,108961.856103529,43.0,1,1,1,packing,243.01528172456045,108.00679187758244,0.13168989721146307,0.13168989721146307,3.5,0.25,pareto,closest
2,thickness_grids_L9000mm.csv,26,58,95,9.0,1.4394343434343435,1.612363024181206,0.1729286807468625,58.58360632492958,58.58360632492958,1,4.243539674079214,3.349972067773485,20.62061791210868,1981.0534731811551,1987.7468858127204,3312.911476354534,66.82212955758608,13.751399647319325,20.620617912109452,71.42068141833367,746.2499999996809,0.9949999999995744,0.0957061057532518,0.0103738650324574,0.0104089153529996,0.909498351923248,12.0,27000.0,14.410723395571884,1188.6320839086932,1192.648131487632,1.0033787137612276,258862.61313933335,271.7132043595822,271.7132043595822,384.6323802513895,384.6323802513895,4.0,4754.528335634773,96.15809506284738,67.92830108989556,22.803004690510583,22.803004690510583,2.5e+16,0.904293894246748,0.0052044576764998,0.8990894365702483,12.956529178294424,120901.7849552043,43.0,0,1,1,mechanical,258.86261313933335,115.05005028414816,-0.15002793222651478,0.15002793222651478,3.5,0.25,pareto,closest
3,thickness_grids_L9000mm.csv,27,59,95,9.0,1.4394343434343435,1.6183079277624732,0.1788735843281298,58.58360632492958,58.58360632492958,1,4.25473809204235,3.3148427223974943,19.99196542101111,1986.6858403446024,1986.6858403462384,3311.143067243731,65.57911754656631,13.956705285947155,20.52156015842854,69.7013372885092,572.810179617381,0.763746906156508,0.1216831330320761,0.0100629727232197,0.010062972723228,0.883348353329538,12.0,27000.0,14.906132027344142,1192.0115042067614,1192.011504207743,1.0000000000008236,259366.877705598,274.2536117090963,274.2536117090963,386.03035623915366,386.03035623915366,4.0,4768.046016827046,96.50758905978842,68.56340292727407,22.761677673373445,22.761677673373445,2.4999999999999996e+16,0.8783168669679239,0.005031486361614,0.8732853806063099,13.017307180867135,121702.27634303292,43.0,1,1,1,packing,259.366877705598,115.27416786915468,-0.18515727760250567,0.18515727760250567,3.5,0.25,pareto,closest
4,thickness_grids_L9000mm.csv,28,58,96,9.0,1.4545757575757576,1.6275044383226205,0.1729286807468625,59.82257082567951,59.82257082567951,1,4.196545200229282,3.2665556895567325,20.413210018160964,1961.1274879162304,1992.2131639625636,3320.3552732709395,66.53962151358235,13.679207191787544,20.413210018169533,70.58675523313485,746.2499999963761,0.9949999999951682,0.0945886167282782,0.0102464989125754,0.0104089153529996,0.9106158409482216,12.0,27000.0,14.410723395571884,1176.6764927497384,1195.327898377538,1.0158509205739412,261431.29353264123,272.3851631917262,272.3851631917262,393.4588233482156,393.4588233482156,4.0,4706.7059709989535,98.3647058370539,68.09629079793154,22.545784596166033,22.545784596166033,2.5e+16,0.9054113832717218,0.0052044576764998,0.900206925595222,12.972633003530904,122252.37511969714,43.0,0,1,1,mechanical,261.43129353264123,116.1916860145072,-0.23344431044326752,0.23344431044326752,3.5,0.25,pareto,closest
