source_file,pareto_rank,solenoid_length_m,length_tape_km,scan,row_i,col_j,ri,rf,th,v,v_bore,b0,je_tape,je_max,je_coil,stress,length_tape,j_crit,converged,f_tape_min,pancake_length_m
thickness_grids_L1000mm.csv,0,1.0,704.718268991295,10.966472499232308,122,149,1.5,1.7688272600333317,0.2688272600333318,7.0685834705770345,7.0685834705770345,18.379834005837896,1212.1148179604932,1212.1148179604932,185.65018729424955,750.0,704718.268991295,2020.191363267489,True,0.153162212476393,2818.87307596518
thickness_grids_L1000mm.csv,1,1.0,710.2246833189831,10.953353579816287,123,148,1.49,1.7632194045313274,0.2732194045313274,6.9746498502347,6.9746498502347,18.59144720109381,1205.3820782830849,1205.3820782830849,183.9488067592505,750.0000000000001,710224.6833189832,2008.9701304718085,True,0.1526062234318784,2840.8987332759325
thickness_grids_L1000mm.csv,2,1.0,715.0527645490978,10.616722945589384,123,149,1.5,1.7732194045313274,0.2732194045313274,7.0685834705770345,7.0685834705770345,18.5293720788784,1207.3485421813452,1207.3485421813452,184.3679692919008,750.0,715052.7645490977,2012.247570302242,True,0.1527048427613113,2860.211058196391
thickness_grids_L1000mm.csv,3,1.0,720.6061748281318,10.6067652234161,124,148,1.49,1.767647403270123,0.277647403270123,6.9746498502347,6.9746498502347,18.74149517075904,1200.6576918778032,1200.6576918778032,182.69256461821897,750.0,720606.1748281318,2001.096153129672,True,0.1521604082946336,2882.424699312527
thickness_grids_L1000mm.csv,4,1.0,725.4906756407166,10.280786327707489,124,149,1.5,1.777647403270123,0.277647403270123,7.0685834705770345,7.0685834705770345,18.678919052254617,1202.6229970375064,1202.6229970375064,183.10781025184625,749.9999999999999,725490.6756407167,2004.3716617291773,True,0.1522570337528109,2901.9627025628665
thickness_grids_L1000mm.csv,5,1.0,731.0917233385708,10.273758632271328,125,148,1.49,1.7721112562497183,0.2821112562497185,6.9746498502347,6.9746498502347,18.891551857791143,1195.973554245161,1195.973554245161,181.4577985873399,749.9999999999999,731091.7233385708,1993.2892570752688,True,0.1517239222750765,2924.366893354283
thickness_grids_L1000mm.csv,6,1.0,736.0329237859029,9.958014065178324,125,149,1.5,1.7821112562497186,0.2821112562497185,7.0685834705770345,7.0685834705770345,18.82847471389123,1197.9376543924818,1197.9376543924818,181.86918548579993,749.9999999999999,736032.9237859029,1996.562757320803,True,0.151818573211168,2944.1316951436115
thickness_grids_L1000mm.csv,7,1.0,741.6822590995566,9.953700981446858,126,148,1.49,1.776610963470114,0.286610963470114,6.9746498502347,6.9746498502347,19.041617056099568,1191.3291449156504,1191.3291449156504,180.24400167821173,750.0000000000001,741682.2590995566,1985.5485748594176,True,0.15129656018864,2966.7290363982265
thickness_grids_L1000mm.csv,8,1.0,746.680438795537,9.647792781745917,126,149,1.5,1.786610963470114,0.286610963470114,7.0685834705770345,7.0685834705770345,18.97803885838579,1193.2919951181022,1193.2919951181022,180.6515866543046,750.0000000000001,746680.438795537,1988.819991863504,True,0.151389255432343,2986.721755182148
thickness_grids_L1000mm.csv,9,1.0,752.3787206972827,9.645993533781535,127,148,1.49,1.7811465249313094,0.2911465249313094,6.9746498502347,6.9746498502347,19.19169056602816,1186.7239522795255,1186.7239522795255,179.05068257966354,750.0000000000001,752378.7206972827,1977.8732537992096,True,0.1508781231184665,3009.5148827891308
thickness_grids_L1000mm.csv,10,1.0,757.4341588019385,9.349542141304893,127,149,1.5,1.7911465249313094,0.2911465249313094,7.0685834705770345,7.0685834705770345,19.127611286748795,1188.6855089096866,1188.6855089096866,179.45452113699494,750.0000000000003,757434.1588019384,1981.1425148494775,True,0.1509688809966215,3029.736635207754
thickness_grids_L1000mm.csv,11,1.0,768.2950302896379,9.062712832202072,128,149,1.5,1.7957179406333048,0.2957179406333048,7.0685834705770345,7.0685834705770345,19.27719180615572,1184.1176941053957,1184.1176941053957,178.27751143165196,750.0000000000001,768295.0302896379,1973.5294901756597,True,0.1505572565287449,3073.1801211585516
thickness_grids_L1000mm.csv,12,1.0,779.2640081266195,8.78678468864893,129,149,1.5,1.8003252105761,0.3003252105761002,7.0685834705770345,7.0685834705770345,19.426780229710573,1179.5880575096642,1179.5880575096642,177.12009458052793,750.0000000000002,779264.0081266195,1965.9800958494404,True,0.1501541944689252,3117.056032506478
thickness_grids_L1000mm.csv,13,1.0,790.3420555959954,8.521264938974024,130,149,1.5,1.8049683347596956,0.3049683347596955,7.0685834705770345,7.0685834705770345,19.57637637622012,1175.096114220651,1175.096114220651,175.9818216225154,750.0000000000001,790342.0555959954,1958.4935237010857,True,0.1497595128541722,3161.3682223839814
thickness_grids_L1000mm.csv,14,1.0,801.5301444281139,8.265686571283164,131,149,1.5,1.8096473131840909,0.3096473131840908,7.0685834705770345,7.0685834705770345,19.725980069978345,1170.641387461604,1170.641387461604,174.86225706981602,750.0,801530.1444281139,1951.0689791026732,True,0.1493730351093975,3206.1205777124555
thickness_grids_L1000mm.csv,15,1.0,812.8292548331069,8.019606807859535,132,149,1.5,1.814362145849286,0.314362145849286,7.0685834705770345,7.0685834705770345,19.87559114056073,1166.223408416044,1166.223408416044,173.76097840784576,750.0,812829.2548331069,1943.705680693407,True,0.1489945898477948,3251.3170193324277
thickness_grids_L1000mm.csv,16,1.0,824.240375533826,7.7826056803348225,133,149,1.5,1.8191128327552812,0.3191128327552813,7.0685834705770345,7.0685834705770345,20.02520942262747,1161.8417160667134,1161.8417160667134,172.67757561718508,750.0,824240.375533826,1936.402860111189,True,0.148624010680014,3296.961502135304
thickness_grids_L1000mm.csv,17,1.0,835.7645037992033,7.554284698298077,134,149,1.5,1.8238993739020768,0.3238993739020765,7.0685834705770345,7.0685834705770345,20.17483475573565,1157.4958570381668,1157.4958570381668,171.61165071645286,750.0000000000003,835764.5037992033,1929.1597617302784,True,0.1482611360316896,3343.058015196814
thickness_grids_L1000mm.csv,18,1.0,847.4026454779897,7.334265604592092,135,149,1.5,1.828721769289672,0.3287217692896717,7.0685834705770345,7.0685834705770345,20.324466984159475,1153.1853854429503,1153.1853854429503,170.56281732504593,749.9999999999998,847402.6454779897,1921.9756424049172,True,0.1479058089688944,3389.610581911959
thickness_grids_L1000mm.csv,19,1.0,859.155815032893,7.122189211078319,136,149,1.5,1.8335800189180669,0.3335800189180668,7.0685834705770345,7.0685834705770345,20.47410595671853,1148.90986273127,1148.90986273127,169.53070024474982,750.0000000000001,859155.815032893,1914.8497712187836,True,0.147557877031127,3436.623260131572
thickness_grids_L1000mm.csv,20,1.0,871.0250355750828,6.9177143091386055,137,149,1.5,1.838474122787262,0.3384741227872618,7.0685834705770345,7.0685834705770345,20.623751526613304,1144.6688575440794,1144.6688575440794,168.5149350592773,750.0000000000001,871025.0355750829,1907.7814292401324,True,0.1472171920714529,3484.1001423003313
thickness_grids_L1000mm.csv,21,1.0,883.0113388990654,6.720516649626741,138,149,1.5,1.843404080897257,0.3434040808972569,7.0685834705770345,7.0685834705770345,20.77340355126793,1140.4619455694965,1140.4619455694965,167.51516775084932,750.0,883011.3388990654,1900.7699092824944,True,0.1468836101034477,3532.0453555962617
thickness_grids_L1000mm.csv,22,1.0,895.115765517926,6.530287987391493,139,149,1.5,1.848369893248052,0.3483698932480519,7.0685834705770345,7.0685834705770345,20.923061892179547,1136.2887094024836,1136.2887094024836,166.53105433298185,749.9999999999998,895115.765517926,1893.814515670806,True,0.146556991154609,3580.463062071704
thickness_grids_L1000mm.csv,23,1.0,907.3393646989222,6.346735185866166,140,149,1.5,1.8533715598396467,0.3533715598396468,7.0685834705770345,7.0685834705770345,21.07272641477415,1132.1487384077018,1132.1487384077018,165.56226049868533,750.0000000000001,907339.364698922,1886.9145640128363,True,0.1462371991259192,3629.3574587956887
thickness_grids_L1000mm.csv,24,1.0,919.6831944994204,6.169579377563071,141,149,1.5,1.858409080672042,0.3584090806720418,7.0685834705770345,7.0685834705770345,21.222396988268393,1128.0416285854767,1128.0416285854767,164.60846128332955,750.0000000000001,919683.1944994204,1880.0693809757945,True,0.1459241016572611,3678.7327779976818
thickness_grids_L1000mm.csv,25,1.0,932.148321803176,5.998555176625521,142,149,1.5,1.8634824557452367,0.3634824557452367,7.0685834705770345,7.0685834705770345,21.372073485537268,1123.9669824407931,1123.9669824407931,163.6693407414703,750.0,932148.3218031762,1873.278304067989,True,0.1456175699984068,3728.5932872127046
thickness_grids_L1000mm.csv,26,1.0,944.735822356958,5.833409939879214,143,149,1.5,1.8685916850592317,0.3685916850592315,7.0685834705770345,7.0685834705770345,21.521755782987263,1119.9244088552475,1119.9244088552475,162.74459163696747,750.0,944735.8223569582,1866.540681425413,True,0.1453174788853115,3778.943289427833
thickness_grids_L1000mm.csv,27,1.0,957.4467808074822,5.673903073090153,144,149,1.5,1.8737367686140265,0.3737367686140264,7.0685834705770345,7.0685834705770345,21.67144376043473,1115.913522961893,1115.913522961893,161.8339151457621,750.0000000000001,957446.7808074822,1859.855871603155,True,0.1450237064214594,3829.787123229929
thickness_grids_L1000mm.csv,28,1.0,970.2822907386828,5.519805379380261,145,149,1.5,1.8789177064096212,0.3789177064096211,7.0685834705770345,7.0685834705770345,21.821137300989243,1111.9339460229037,1111.9339460229037,160.93702057071877,750.0000000000001,970282.2907386828,1853.2232433715055,True,0.1447361339640258,3881.129162954731
thickness_grids_L1000mm.csv,29,1.0,983.243454709296,5.370898446976268,146,149,1.5,1.884134498446016,0.384134498446016,7.0685834705770345,7.0685834705770345,21.970836290941712,1107.9853053099885,1107.9853053099885,160.05362506796305,749.9999999999998,983243.454709296,1846.6421755166475,True,0.1444546460146272,3932.973818837184
thickness_grids_L1000mm.csv,30,1.0,996.331384290752,5.226974073673935,147,149,1.5,1.889387144723211,0.3893871447232107,7.0685834705770345,7.0685834705770345,22.120540619657056,1104.0672339874968,1104.0672339874968,159.1834533841802,750.0000000000001,996331.384290752,1840.112056645828,True,0.1441791301144463,3985.325537163008
thickness_grids_L1000mm.csv,31,1.0,1009.5472001053832,5.087833725590132,148,149,1.5,1.8946756452412052,0.3946756452412053,7.0685834705770345,7.0685834705770345,22.270250179471105,1100.1793709981375,1100.1793709981375,158.32623760436906,749.9999999999999,1009547.2001053832,1833.632284996896,True,0.143909476743531,4038.188800421533
thickness_grids_L1000mm.csv,32,1.0,1022.892031864922,4.953288027950069,149,149,1.5,1.9,0.4,7.0685834705770345,7.0685834705770345,22.419964865591712,1096.3213609512627,1096.3213609512627,157.48171690956696,750.0,1022892.031864922,1827.202268252105,True,0.1436455792240719,4091.568127459688
thickness_grids_L5000mm.csv,0,5.0,185.90155985004816,10.67705661496554,31,147,1.48,1.4992279627043827,0.0192279627043826,34.40672274211541,34.40672274211541,4.94864544839159,1923.2721539346255,1923.2721539346255,238.4065287026476,750.0000000000001,185901.55985004816,3205.4535898910426,True,0.1239588106212197,148.72124788003853
thickness_grids_L5000mm.csv,1,5.0,186.70681008827728,10.346742275607586,31,148,1.49,1.5092279627043828,0.0192279627043826,34.8732492511735,34.8732492511735,4.932011298979017,1924.740464312466,1924.740464312466,238.02411633375988,750.0000000000002,186706.81008827727,3207.90077385411,True,0.1236655646551204,149.36544807062182
thickness_grids_L5000mm.csv,2,5.0,187.51377698395615,10.028754694083858,31,149,1.5,1.5192279627043828,0.0192279627043826,35.34291735288517,35.34291735288517,4.915543769537096,1926.196488908364,1926.196488908364,237.6489860856334,749.9999999999997,187513.77698395617,3210.3274815139407,True,0.1233773332337016,150.01102158716492
thickness_grids_L5000mm.csv,3,5.0,191.8022972998277,9.831394778312276,32,146,1.47,1.4903573712895817,0.0203573712895815,33.94333782571091,33.94333782571091,5.1091981115195235,1909.2251774769811,1909.2251774769811,232.1007219936674,749.9999999999997,191802.2972998277,3182.0419624616356,True,0.1215680186558118,153.44183783986216
thickness_grids_L5000mm.csv,4,5.0,192.63140640291252,9.525212922099405,32,147,1.48,1.5003573712895817,0.0203573712895815,34.40672274211541,34.40672274211541,5.091908051403942,1910.7271016951645,1910.7271016951645,231.7219058890917,750.0,192631.40640291251,3184.545169491941,True,0.1212742027281195,154.10512512233
thickness_grids_L5000mm.csv,5,5.0,193.4622835507875,9.230532981075484,32,148,1.49,1.5103573712895817,0.0203573712895815,34.8732492511735,34.8732492511735,5.074792345660733,1912.2164330696207,1912.2164330696207,231.3502883237838,750.0000000000001,193462.2835507875,3187.027388449368,True,0.1209854095607809,154.76982684063
thickness_grids_L5000mm.csv,6,5.0,194.2949402169272,8.946849983988855,32,149,1.5,1.5203573712895817,0.0203573712895815,35.34291735288517,35.34291735288517,5.057848083513342,1913.693354496762,1913.693354496762,230.98574742086905,749.9999999999999,194294.9402169272,3189.48892416127,True,0.1207015465033114,155.43595217354175
thickness_grids_L5000mm.csv,7,5.0,198.60566601526935,8.79564485231988,33,146,1.47,1.4915226341155805,0.0215226341155803,33.94333782571091,33.94333782571091,5.25338954617303,1896.7998135329728,1896.7998135329728,225.7532581944411,750.0000000000001,198605.66601526935,3161.3330225549544,True,0.11901796730671,158.88453281221547
thickness_grids_L5000mm.csv,8,5.0,199.4605447039795,8.52171964351703,33,147,1.48,1.5015226341155803,0.0215226341155803,34.40672274211541,34.40672274211541,5.235611527180359,1898.322210058822,1898.322210058822,225.38487569278956,750.0000000000002,199460.5447039795,3163.870350098037,True,0.1187284616376087,159.5684357631836
thickness_grids_L5000mm.csv,9,5.0,200.31725513913997,8.258084608530279,33,148,1.49,1.5115226341155803,0.0215226341155803,34.8732492511735,34.8732492511735,5.218012783177065,1899.831894744081,1899.831894744081,225.02349356959135,750.0000000000001,200317.25513914,3166.386491240135,True,0.1184438971638084,160.25380411131198
thickness_grids_L5000mm.csv,10,5.0,201.17580900530535,8.004287975470657,33,149,1.5,1.5215226341155803,0.0215226341155803,35.34291735288517,35.34291735288517,5.200590321238854,1901.3290516742995,1901.3290516742995,224.66899329885513,749.9999999999997,201175.80900530535,3168.8817527904994,True,0.1181641826284687,160.94064720424427
thickness_grids_L5000mm.csv,11,5.0,205.50740886403585,7.890390191425028,34,146,1.47,1.4927237511823792,0.0227237511823791,33.94333782571091,33.94333782571091,5.397987900893239,1884.51599331109,1884.51599331109,219.7290611208168,750.0000000000001,205507.40886403585,3140.8599888518165,True,0.1165970795157611,164.40592709122865
thickness_grids_L5000mm.csv,12,5.0,206.3882567630685,7.644657579773259,34,147,1.48,1.5027237511823792,0.0227237511823791,34.40672274211541,34.40672274211541,5.379720545963469,1886.0582021324803,1886.0582021324803,219.3705827948584,749.9999999999999,206388.25676306852,3143.4303368874675,True,0.1163116719021852,165.1106054104548
thickness_grids_L5000mm.csv,13,5.0,207.2710011752084,7.408156069184554,34,148,1.49,1.5127237511823792,0.0227237511823791,34.8732492511735,34.8732492511735,5.361637400526461,1887.5875863551144,1887.5875863551144,219.0189167437766,749.9999999999997,207271.0011752084,3145.979310591858,True,0.1160311279471257,165.81680094016673
thickness_grids_L5000mm.csv,14,5.0,208.15565398758653,7.180480384486772,34,149,1.5,1.5227237511823792,0.0227237511823791,35.34291735288517,35.34291735288517,5.343735389278364,1889.104331161378,1889.104331161378,218.6739476223065,749.9999999999998,208155.65398758653,3148.5072186022967,True,0.1157553577191106,166.52452319006923
thickness_grids_L5000mm.csv,15,5.0,212.50692452093045,7.096737022561393,35,146,1.47,1.4939607224899778,0.0239607224899779,33.94333782571091,33.94333782571091,5.5429613299935,1872.374006432268,1872.374006432268,214.0053887939928,750.0000000000003,212506.9245209304,3120.6233440537803,True,0.1142962827185212,170.00553961674433
thickness_grids_L5000mm.csv,16,5.0,213.41393606556989,6.875721371820192,35,147,1.48,1.5039607224899778,0.0239607224899779,34.40672274211541,34.40672274211541,5.524203369835747,1873.9353822199423,1873.9353822199423,213.65632245521297,750.0,213413.9360655699,3123.2256370332375,True,0.1140147757934463,170.73114885245593
thickness_grids_L5000mm.csv,17,5.0,214.3229099613177,6.663008313863868,35,148,1.49,1.5139607224899778,0.0239607224899779,34.8732492511735,34.8732492511735,5.505634566473778,1875.4838266748136,1875.4838266748136,213.31388963752465,750.0,214322.90996131767,3125.806377791356,True,0.1137380587364088,171.45832796905412
thickness_grids_L5000mm.csv,18,5.0,215.2338582889361,6.458233338034691,35,149,1.5,1.5239607224899778,0.0239607224899779,35.34291735288517,35.34291735288517,5.487251762010493,1877.0195259878492,1877.0195259878492,212.9779780181925,750.0000000000006,215233.85828893608,3128.3658766464155,True,0.1134660428777932,172.18708663114887
thickness_grids_L5000mm.csv,19,5.0,219.60371023742152,6.3988494237797156,36,146,1.47,1.4952335480383767,0.0252335480383766,33.94333782571091,33.94333782571091,5.688281155734255,1860.3737865555831,1860.3737865555831,208.56144784955197,750.0,219603.71023742153,3100.622977592639,True,0.1121072815349092,175.6829681899372
thickness_grids_L5000mm.csv,20,5.0,220.5370751135449,6.199568280220983,36,147,1.48,1.5052335480383767,0.0252335480383766,34.40672274211541,34.40672274211541,5.669031418106105,1861.953699048294,1861.953699048294,208.2213353574216,749.9999999999997,220537.07511354485,3103.25616508049,True,0.1118294914980165,176.42966009083588
thickness_grids_L5000mm.csv,21,5.0,221.47246925765197,6.0077732589306185,36,148,1.49,1.5152335480383767,0.0252335480383766,34.8732492511735,34.8732492511735,5.6499757963977455,1863.5205792857596,1863.5205792857596,207.88768633551803,750.0,221472.46925765197,3105.867632142933,True,0.1115564210271271,177.1779754061216
thickness_grids_L5000mm.csv,22,5.0,222.40990493476465,5.823135694945472,36,149,1.5,1.5252335480383767,0.0252335480383766,35.34291735288517,35.34291735288517,5.63111104992148,1865.0746143832264,1865.0746143832264,207.56039133637995,749.9999999999998,222409.9049347647,3108.457690638711,True,0.1112879826553316,177.9279239478117
thickness_grids_L5000mm.csv,23,5.0,226.79735115711017,5.7834073877349095,37,146,1.47,1.4965422278275753,0.0265422278275753,33.94333782571091,33.94333782571091,5.833921492514562,1848.5149654555903,1848.5149654555903,203.378207286437,749.9999999999997,226797.35115711016,3080.8582757593176,True,0.110022483500052,181.43788092568815
thickness_grids_L5000mm.csv,24,5.0,227.75725468634744,5.6032931263161565,37,147,1.48,1.5065422278275753,0.0265422278275753,34.40672274211541,34.40672274211541,5.814178892773177,1850.1127997045903,1850.1127997045903,203.04662166254488,750.0,227757.25468634744,3083.5213328409845,True,0.1097482389695188,182.20580374907792
thickness_grids_L5000mm.csv,25,5.0,228.71925548802056,5.429944971108867,37,148,1.49,1.5165422278275753,0.0265422278275753,34.8732492511735,34.8732492511735,5.794635379013214,1851.6975063780671,1851.6975063780671,202.72133756893433,749.9999999999999,228719.25548802057,3086.1625106301126,True,0.1094786469553866,182.9754043904165
thickness_grids_L5000mm.csv,26,5.0,229.68336600158833,5.263065868181901,37,149,1.5,1.526542227827575,0.0265422278275753,35.34291735288517,35.34291735288517,5.775287627573789,1853.2692734350671,1853.2692734350671,202.4022482961516,750.0000000000001,229683.36600158832,3088.782122391779,True,0.1092136211382793,183.74669280127063
thickness_grids_L5000mm.csv,27,5.0,234.08751107971008,5.239168361272857,38,146,1.47,1.497886761857574,0.0278867618575739,33.94333782571091,33.94333782571091,5.979858922100888,1836.7969192386856,1836.7969192386856,198.43823020480423,750.0,234087.5110797101,3061.328198731143,True,0.1080349319657247,187.27000886376808
thickness_grids_L5000mm.csv,28,5.0,235.07413455738416,5.0760034869047805,38,147,1.48,1.507886761857574,0.0278867618575739,34.40672274211541,34.40672274211541,5.959622454853179,1838.4120757360377,1838.4120757360377,198.11477302258092,750.0000000000003,235074.13455738415,3064.020126226729,True,0.1077640729395571,188.05930764590732
thickness_grids_L5000mm.csv,29,5.0,236.06292440921968,4.918968004297575,38,148,1.49,1.517886761857574,0.0278867618575739,34.8732492511735,34.8732492511735,5.939590053786988,1840.0140147341451,1840.0140147341451,197.79746299915575,750.0000000000002,236062.92440921967,3066.690024556909,True,0.1074978024163226,188.85033952737575
thickness_grids_L5000mm.csv,30,5.0,237.05389323888863,4.767792813342375,38,149,1.5,1.527886761857574,0.0278867618575739,35.34291735288517,35.34291735288517,5.919758312098984,1841.6029249590856,1841.6029249590856,197.4861960350325,750.0000000000001,237053.89323888865,3069.338208265143,True,0.1072360351726852,189.64311459111093
thickness_grids_L5000mm.csv,31,5.0,241.47392445515143,4.756611265337388,39,146,1.47,1.4992671501283723,0.0292671501283726,33.94333782571091,33.94333782571091,6.126072212184568,1825.2188079124312,1825.2188079124312,193.7255221422768,750.0000000000003,241473.92445515143,3042.031346520719,True,0.1061382456188075,193.17913956412113
thickness_grids_L5000mm.csv,32,5.0,242.48744544719304,4.608474800538239,39,147,1.48,1.5092671501283723,0.0292671501283726,34.40672274211541,34.40672274211541,6.10534094388979,1826.850702623541,1826.850702623541,193.40982116499973,750.0,242487.44544719305,3044.7511710392355,True,0.1058706225348594,193.98995635775444
thickness_grids_L5000mm.csv,33,5.0,243.50320302306932,4.465903175784105,39,148,1.49,1.5192671501283723,0.0292671501283726,34.8732492511735,34.8732492511735,6.084818731390535,1828.4692951070751,1828.4692951070751,193.10012004594265,749.9999999999999,243503.2030230693,3047.4488251784587,True,0.1056075267780937,194.80256241845544
thickness_grids_L5000mm.csv,34,5.0,244.52120994000637,4.328652076611116,39,149,1.5,1.5292671501283726,0.0292671501283726,35.34291735288517,35.34291735288517,6.064502084583854,1830.074774782955,1830.0747747829548,192.79631717591528,749.9999999999998,244521.20994000637,3050.124624638258,True,0.105348874173068,195.6169679520051
thickness_grids_L5000mm.csv,35,5.0,248.9563894249731,4.327646470656611,40,146,1.47,1.5006833926399712,0.0306833926399711,33.94333782571091,33.94333782571091,6.272542071826587,1813.7796093206484,1813.7796093206484,189.2253945806796,749.9999999999999,248956.3894249731,3022.966015534414,True,0.1043265640479628,199.16511153997848
thickness_grids_L5000mm.csv,36,5.0,249.9969820292632,4.1928693755142525,40,147,1.48,1.5106833926399712,0.0306833926399711,34.40672274211541,34.40672274211541,6.251315134226559,1815.427673638109,1815.4276736381091,188.9171016230037,749.9999999999999,249996.9820292632,3025.7127893968486,True,0.1040620369328262,199.99758562341057
thickness_grids_L5000mm.csv,37,5.0,251.03988254656736,4.0631552672415685,40,148,1.49,1.5206833926399712,0.0306833926399711,34.8732492511735,34.8732492511735,6.230302250791639,1817.0623559987755,1817.0623559987755,188.614667836924,750.0000000000002,251039.88254656736,3028.4372599979597,True,0.1038019786245855,200.83190603725387
thickness_grids_L5000mm.csv,38,5.0,252.085103876588,3.9382818643511217,40,149,1.5,1.5306833926399712,0.0306833926399711,35.34291735288517,35.34291735288517,6.2094998479730945,1818.6838464466791,1818.6838464466791,188.31799399165757,750.0,252085.103876588,3031.1397440777987,True,0.1035463059506416,201.6680831012704
thickness_grids_L5000mm.csv,39,5.0,257.60259683466273,3.822506665273504,41,147,1.48,1.5121354893923695,0.0321354893923697,34.40672274211541,34.40672274211541,6.397527522661294,1804.1418289246035,1804.1418289246035,184.6231312136342,750.0000000000001,257602.59683466275,3006.903048207673,True,0.1023329364985028,206.0820774677302
thickness_grids_L5000mm.csv,40,5.0,258.6728122854727,3.704250407077645,41,148,1.49,1.5221354893923698,0.0321354893923697,34.8732492511735,34.8732492511735,6.376023167622566,1805.7920526796936,1805.7920526796936,184.3276448828574,750.0,258672.81228547267,3009.6534211328226,True,0.1020757869707786,206.93824982837813
thickness_grids_L5000mm.csv,41,5.0,259.7454211410501,3.5904072671859817,41,149,1.5,1.5321354893923698,0.0321354893923697,35.34291735288517,35.34291735288517,6.354734216144106,1807.429010158552,1807.429010158552,184.0377862737162,750.0000000000002,259745.42114105012,3012.3816835975867,True,0.1018229680055716,207.7963369128401
thickness_grids_L5000mm.csv,42,5.0,265.30419492621763,3.491674812012235,42,147,1.48,1.5136234403855682,0.0336234403855682,34.40672274211541,34.40672274211541,6.543962142963029,1792.9918805209188,1792.9918805209188,180.51549793222676,750.0000000000001,265304.1949262176,2988.319800868198,True,0.1006783688723573,212.24335594097408
thickness_grids_L5000mm.csv,43,5.0,266.4018942813625,3.383653444291281,42,148,1.49,1.5236234403855682,0.0336234403855682,34.8732492511735,34.8732492511735,6.521965569320509,1794.657112155807,1794.657112155807,180.2266591492313,750.0000000000002,266401.8942813625,2991.095186926345,True,0.1004240074209699,213.12151542508997
thickness_grids_L5000mm.csv,44,5.0,267.5020607664583,3.279663246526212,42,149,1.5,1.5336234403855682,0.0336234403855682,35.34291735288517,35.34291735288517,6.500189329664649,1796.3090077102177,1796.3090077102174,179.94332157751836,750.0,267502.06076645834,2993.848346183696,True,0.1001739237542959,214.00164861316668
thickness_grids_L5000mm.csv,45,5.0,273.1017292333147,3.195475520896911,43,147,1.48,1.5151472456195667,0.0351472456195666,34.40672274211541,34.40672274211541,6.690604403443972,1781.9764339078586,1781.9764339078586,176.5827620195513,750.0,273101.7292333147,2969.9607231797645,True,0.0990937695131617,218.48138338665177
thickness_grids_L5000mm.csv,46,5.0,274.22707862269004,3.0966176217882677,43,148,1.49,1.5251472456195667,0.0351472456195666,34.8732492511735,34.8732492511735,6.668114913245501,1783.6561546763005,1783.6561546763007,176.300289282585,750.0,274227.07862269005,2972.7602577938346,True,0.0988420827749618,219.38166289815203
thickness_grids_L5000mm.csv,47,5.0,275.35497001380634,3.0014489278914773,43,149,1.5,1.5351472456195667,0.0351472456195666,35.34291735288517,35.34291735288517,6.645850694451295,1785.3224739422903,1785.3224739422906,176.0231966049457,750.0000000000003,275354.97001380636,2975.537456570484,True,0.0985946231978232,220.2839760110451
thickness_grids_L5000mm.csv,48,5.0,280.99519645531467,2.929695944129618,44,147,1.48,1.5167069050943651,0.0367069050943651,34.40672274211541,34.40672274211541,6.837440944370945,1771.094006591333,1771.094006591333,172.8143670560695,749.9999999999999,280995.1964553147,2951.8233443188883,True,0.0975749262393304,224.79615716425175
thickness_grids_L5000mm.csv,49,5.0,282.14835932738293,2.8390604239481068,44,148,1.49,1.5267069050943651,0.0367069050943651,34.8732492511735,34.8732492511735,6.814457884571161,1772.787712281923,1772.787712281923,172.53799584781692,749.9999999999999,282148.35932738293,2954.646187136538,True,0.0973258076262988,225.7186874619063
thickness_grids_L5000mm.csv,50,5.0,283.3041402337418,2.7518072640680793,44,149,1.5,1.5367069050943651,0.0367069050943651,35.34291735288517,35.34291735288517,6.791705040134628,1774.4679552589662,1774.4679552589662,172.26688858196437,750.0,283304.1402337418,2957.446592098277,True,0.097080867575782,226.64331218699343
thickness_grids_L5000mm.csv,51,5.0,288.98463345572276,2.690702525616129,45,147,1.48,1.5183024188099634,0.0383024188099635,34.40672274211541,34.40672274211541,6.984459512493608,1760.3430441405865,1760.3430441405865,169.20056003854822,750.0000000000002,288984.63345572277,2933.905073567644,True,0.0961179473522181,231.18770676457825
thickness_grids_L5000mm.csv,52,5.0,290.1657707186604,2.6074607054021306,45,148,1.49,1.5283024188099634,0.0383024188099635,34.8732492511735,34.8732492511735,6.960982271234659,1762.0502448164114,1762.0502448164114,168.930041533386,750.0000000000003,290165.7707186604,2936.7504080273525,True,0.0958712965367153,232.1326165749283
thickness_grids_L5000mm.csv,53,5.0,291.34960322404106,2.527325325439715,45,149,1.5,1.5383024188099634,0.0383024188099635,35.34291735288517,35.34291735288517,6.937740195426769,1763.7439256126704,1763.7439256126704,168.664675589982,750.0,291349.60322404106,2939.5732093544507,True,0.0956287775910514,233.07968257923284
thickness_grids_L5000mm.csv,54,5.0,297.07011408091523,2.475352759751913,46,147,1.48,1.5199337867663618,0.0399337867663618,34.40672274211541,34.40672274211541,7.1316488503774975,1749.7219340413233,1749.7219340413233,165.73231949314498,750.0000000000003,297070.1140809152,2916.203223402206,True,0.0947192329642653,237.65609126473217
thickness_grids_L5000mm.csv,55,5.0,298.27938422766584,2.398773179723345,46,148,1.49,1.5299337867663618,0.0399337867663618,34.8732492511735,34.8732492511735,7.107676853641756,1751.4421537587027,1751.4421537587027,165.46741938009194,750.0000000000002,298279.38422766584,2919.0702562645047,True,0.0944749554103106,238.62350738213263
thickness_grids_L5000mm.csv,56,5.0,299.49142801603784,2.3250514167059664,46,149,1.5,1.5399337867663618,0.0399337867663618,35.34291735288517,35.34291735288517,7.083944978194668,1753.14880031535,1753.1488003153502,165.2075649080819,750.0000000000001,299491.42801603785,2921.9146671922504,True,0.0942347648290692,239.59314241283028
thickness_grids_L5000mm.csv,57,5.0,305.2517463472114,2.2809216110029644,47,147,1.48,1.52160100896356,0.0416010089635602,34.40672274211541,34.40672274211541,7.278998598574168,1739.2290176682748,1739.2290176682748,162.40129077328143,750.0000000000001,305251.7463472114,2898.715029447125,True,0.0933754491924285,244.20139707776912
thickness_grids_L5000mm.csv,58,5.0,306.4893055661922,2.210357115352573,47,148,1.49,1.53160100896356,0.0416010089635602,34.8732492511735,34.8732492511735,7.25453130716578,1740.9617941795543,1740.9617941795543,162.14178818301608,750.0000000000002,306489.3055661922,2901.6029902992577,True,0.0931334557283762,245.19144445295376
thickness_grids_L5000mm.csv,59,5.0,307.72971803305876,2.1424259642044703,47,149,1.5,1.54160100896356,0.0416010089635602,35.34291735288517,35.34291735288517,7.230309098284627,1742.6809479790952,1742.680947979095,161.8872285170989,750.0000000000002,307729.71803305874,2904.468246631825,True,0.0928955060332942,246.183774426447
thickness_grids_L5000mm.csv,60,5.0,313.5296699481411,2.105039970235236,48,147,1.48,1.5233040854015585,0.0433040854015584,34.40672274211541,34.40672274211541,7.426499208949315,1728.8626006363552,1728.8626006363554,159.1997277783345,749.9999999999999,313529.6699481411,2881.437667727259,True,0.0920835049122681,250.82373595851288
thickness_grids_L5000mm.csv,61,5.0,314.7956722213648,2.0399166958942794,48,148,1.49,1.5333040854015585,0.0433040854015584,34.8732492511735,34.8732492511735,7.401536115767086,1730.6074850808898,1730.6074850808898,158.94541430402202,750.0,314795.6722213648,2884.3458084681497,True,0.0918437113408144,251.83653777709185
thickness_grids_L5000mm.csv,62,5.0,316.0646085724174,1.9772237091204063,48,149,1.5,1.5433040854015585,0.0433040854015584,35.34291735288517,35.34291735288517,7.376823071430174,1732.338700843614,1732.3387008436143,158.69594500409715,750.0000000000003,316064.6085724174,2887.2311680726907,True,0.0916079199332182,252.8516868579339
thickness_grids_L5000mm.csv,63,5.0,321.90405404084686,1.9456430245377796,49,147,1.48,1.5250430160803568,0.0450430160803567,34.40672274211541,34.40672274211541,7.574141867731995,1718.6209617513632,1718.6209617513632,156.12044041007292,750.0000000000001,321904.0540408469,2864.3682695856055,True,0.0908405308003331,257.5232432326775
thickness_grids_L5000mm.csv,64,5.0,323.1986512307896,1.885450987213955,49,148,1.49,1.5350430160803568,0.0450430160803567,34.8732492511735,34.8732492511735,7.548682495300932,1720.3775183381915,1720.3775183381915,155.87111921271642,749.9999999999998,323198.6512307896,2867.2958638969862,True,0.0906028575421521,258.5589209846317
thickness_grids_L5000mm.csv,65,5.0,324.49626456935374,1.8275052122506448,49,149,1.5,1.5450430160803568,0.0450430160803567,35.34291735288517,35.34291735288517,7.523478142816014,1722.1203637102192,1722.1203637102192,155.6265471862831,750.0000000000001,324496.2645693537,2870.2006061836987,True,0.0903691463533906,259.59701165548296
thickness_grids_L5000mm.csv,66,5.0,330.3750952763916,1.8009268170592465,50,147,1.48,1.526817800999955,0.0468178009999549,34.40672274211541,34.40672274211541,7.721918427053112,1708.5023607490657,1708.5023607490657,153.15674715723398,750.0000000000002,330375.0952763916,2847.5039345817763,True,0.0896438604217584,264.3000762211133
thickness_grids_L5000mm.csv,67,5.0,331.69843720290515,1.745211841175807,50,148,1.49,1.536817800999955,0.0468178009999549,34.8732492511735,34.8732492511735,7.695962325286101,1710.2701664341807,1710.2701664341807,152.91223214733202,750.0,331698.43720290513,2850.4502773903014,True,0.0894082321895058,265.3587497623241
thickness_grids_L5000mm.csv,68,5.0,333.0248786073576,1.6915760514905454,50,149,1.5,1.546817800999955,0.0468178009999549,35.34291735288517,35.34291735288517,7.670266219074466,1712.0242216699876,1712.0242216699876,152.6723748467147,750.0000000000001,333024.8786073576,2853.3737027833126,True,0.0891765273611555,266.4199028858861
thickness_grids_L5000mm.csv,69,5.0,338.9430160435735,1.669311593505413,51,147,1.48,1.5286284401603532,0.0486284401603531,34.40672274211541,34.40672274211541,7.869821343913733,1698.505044984397,1698.505044984397,150.30243226503538,750.0,338943.0160435735,2830.841741640662,True,0.0884910131464555,271.1544128348588
thickness_grids_L5000mm.csv,70,5.0,340.2952505518872,1.6176683760836312,51,148,1.49,1.5386284401603532,0.0486284401603531,34.8732492511735,34.8732492511735,7.843368088078351,1700.2836891450493,1700.2836891450493,150.06254735314528,750.0000000000005,340295.2505518872,2833.8061485750823,True,0.0882573586461921,272.23620044150977
thickness_grids_L5000mm.csv,71,5.0,341.65066914418304,1.5679523939013982,51,149,1.5,1.5486284401603532,0.0486284401603531,35.34291735288517,35.34291735288517,7.817179807662005,1702.0485467869098,1702.0485467869098,149.82723204033465,750.0000000000005,341650.66914418305,2836.747577978183,True,0.0880275902371734,273.32053531534643
thickness_grids_L5000mm.csv,72,5.0,347.60806290020633,1.5494107890866908,52,147,1.48,1.5304749335615513,0.0504749335615512,34.40672274211541,34.40672274211541,8.017843625670418,1688.6272552095786,1688.6272552095788,147.55170700613502,750.0000000000006,347608.0629002063,2814.3787586826315,True,0.0873796787011009,278.08645032016506
thickness_grids_L5000mm.csv,73,5.0,348.98933592099627,1.5014769230740417,52,148,1.49,1.5404749335615513,0.0504749335615512,34.8732492511735,34.8732492511735,7.990892814538977,1690.4163393176452,1690.4163393176452,147.3162854157589,750.0,348989.33592099627,2817.3605655294086,True,0.0871479303585202,279.191468736797
thickness_grids_L5000mm.csv,74,5.0,350.37387892721813,1.4553318657444878,52,149,1.5,1.5504749335615513,0.0504749335615512,35.34291735288517,35.34291735288517,7.964211962709243,1692.1916038740032,1692.1916038740032,147.08534848837377,750.0000000000001,350373.87892721815,2820.3193397900054,True,0.0869200320765363,280.29910314177454
thickness_grids_L5000mm.csv,75,5.0,356.3705051692483,1.4400047168889665,53,147,1.48,1.5323572812035493,0.0523572812035493,34.40672274211541,34.40672274211541,8.165978781249253,1678.8672305605164,1678.8672305605166,144.89917462283063,749.9999999999998,356370.5051692483,2798.1120509341945,True,0.0863077031853517,285.09640413539864
thickness_grids_L5000mm.csv,76,5.0,357.7809607715976,1.395455528485785,53,148,1.49,1.542357281203549,0.0523572812035493,34.8732492511735,34.8732492511735,8.138530035412886,1680.666367856611,1680.6663678566108,144.66805825971207,750.0000000000003,357780.96077159763,2801.1106130943513,True,0.0860777968944605,286.22476861727813
thickness_grids_L5000mm.csv,77,5.0,359.19477357540256,1.35256883847194,53,149,1.5,1.552357281203549,0.0523572812035493,35.34291735288517,35.34291735288517,8.11135623656132,1682.4516554810557,1682.4516554810557,144.4413446323034,750.0000000000001,359194.77357540256,2804.0860924684257,True,0.085851705849464,287.3558188603221
thickness_grids_L5000mm.csv,78,5.0,365.2306336802308,1.3400181860826224,54,147,1.48,1.5342754830863474,0.0542754830863474,34.40672274211541,34.40672274211541,8.31422077740593,1669.2232128543214,1669.2232128543214,142.33979855790733,750.0000000000001,365230.6336802307,2782.0386880905357,True,0.0852730763997168,292.1845069441846
thickness_grids_L5000mm.csv,79,5.0,366.6704141182089,1.2985622644906072,54,148,1.49,1.5442754830863474,0.0542754830863474,34.8732492511735,34.8732492511735,8.286273737735621,1671.0320280240512,1671.0320280240512,142.11283743043762,750.0000000000001,366670.4141182089,2785.053380040086,True,0.0850449512918565,293.3363312945671
thickness_grids_L5000mm.csv,80,5.0,368.1136403078631,1.2586534059393657,54,149,1.5,1.5542754830863474,0.0542754830863474,35.34291735288517,35.34291735288517,8.258606636330521,1672.8269661962916,1672.8269661962918,141.8901999659311,750.0000000000005,368113.64030786307,2788.0449436604863,True,0.0848206077694717,294.49091224629046
thickness_grids_L5000mm.csv,81,5.0,374.1887596390644,1.2485014141145303,55,147,1.48,1.5362295392099454,0.0562295392099454,34.40672274211541,34.40672274211541,8.46256399943951,1659.693450286769,1659.693450286769,139.8688736338415,749.9999999999998,374188.7596390644,2766.155750477948,True,0.0842739203493719,299.35100771125155
thickness_grids_L5000mm.csv,82,5.0,375.65800539261414,1.2098767318015533,55,148,1.49,1.5462295392099454,0.0562295392099454,34.8732492511735,34.8732492511735,8.434118325679252,1661.5115791402764,1661.5115791402764,139.64592531985647,750.0,375658.00539261417,2769.185965233794,True,0.0840475185807095,300.52640431409134
thickness_grids_L5000mm.csv,83,5.0,377.1307868023318,1.1726934555935036,55,149,1.5,1.5562295392099454,0.0562295392099454,35.34291735288517,35.34291735288517,8.405957584872858,1663.315806350251,1663.3158063502513,139.427224306496,750.0000000000001,377130.7868023318,2772.1930105837523,True,0.0838248658337683,301.70462944186545
thickness_grids_L5000mm.csv,84,5.0,383.2452136114642,1.1646137073783769,56,147,1.48,1.5382194495743435,0.0582194495743435,34.40672274211541,34.40672274211541,8.611003215845233,1650.276200606445,1650.276200606445,137.48199987762072,750.0000000000001,383245.2136114642,2750.460334344075,True,0.0833084788031838,306.59617088917133
thickness_grids_L5000mm.csv,85,5.0,384.7440634220927,1.1285842452117438,56,148,1.49,1.5482194495743435,0.0582194495743435,34.8732492511735,34.8732492511735,8.582058585323951,1652.1032897621678,1652.1032897621678,137.26292903329454,750.0000000000001,384744.0634220927,2753.5054829369465,True,0.0830837453589566,307.79525073767417
thickness_grids_L5000mm.csv,86,5.0,386.2465401681842,1.093899340038574,56,149,1.5,1.5582194495743436,0.0582194495743435,35.34291735288517,35.34291735288517,8.553403885677305,1653.916455198232,1653.916455198232,137.04803170289517,749.9999999999998,386246.5401681842,2756.527425330387,True,0.0828627294154765,308.99723213454735
thickness_grids_L5000mm.csv,87,5.0,392.40034460711666,1.0876094748391616,57,147,1.48,1.5402452141795415,0.0602452141795414,34.40672274211541,34.40672274211541,8.759533546457256,1640.9697338321432,1640.969733832143,135.17505872177617,750.0000000000003,392400.34460711665,2734.949556386905,True,0.0823751078004973,313.9202756856933
thickness_grids_L5000mm.csv,88,5.0,393.9289355089911,1.0539622799130433,57,148,1.49,1.5502452141795415,0.0602452141795414,34.8732492511735,34.8732492511735,8.730089652907845,1642.8054404055586,1642.8054404055588,134.95973662882753,750.0000000000001,393928.9355089911,2738.009067342598,True,0.0821519903145134,315.1431484071929
thickness_grids_L5000mm.csv,89,5.0,395.461246021366,1.0215707399017588,57,149,1.5,1.5602452141795415,0.0602452141795414,35.34291735288517,35.34291735288517,8.700940691221641,1644.627203647497,1644.6272036474968,134.74851671259214,749.9999999999999,395461.246021366,2741.0453394124947,True,0.0819325598006304,316.3689968170928
thickness_grids_L5000mm.csv,90,5.0,401.65451925340375,1.016826212667702,58,147,1.48,1.5423068330255394,0.0623068330255393,34.40672274211541,34.40672274211541,8.908150433689862,1631.7723345712106,1631.7723345712106,132.94419134174868,750.0000000000002,401654.51925340376,2719.6205576186844,True,0.0814722670100195,321.323615402723
thickness_grids_L5000mm.csv,91,5.0,403.2129866002215,0.985368827847956,58,148,1.49,1.5523068330255394,0.0623068330255393,34.8732492511735,34.8732492511735,8.878206986164876,1633.6163258691652,1633.6163258691652,132.73249548949232,750.0000000000002,403212.9866002215,2722.6938764486085,True,0.0812507155980288,322.5703892801772
thickness_grids_L5000mm.csv,92,5.0,404.775267649716,0.9550853780306212,58,149,1.5,1.5623068330255394,0.0623068330255393,35.34291735288517,35.34291735288517,8.848563474406015,1635.4463565866456,1635.4463565866458,132.52483280803096,750.0000000000003,404775.267649716,2725.7439276444097,True,0.0810328215745484,323.8202141197728
thickness_grids_L5000mm.csv,93,5.0,411.00812104884034,0.9516741582814544,59,147,1.48,1.5444043061123374,0.0644043061123372,34.40672274211541,34.40672274211541,9.056849616534096,1622.6823039890437,1622.6823039890437,130.7857789158753,750.0000000000002,411008.12104884034,2704.470506648406,True,0.0805985118555642,328.8064968390723
thickness_grids_L5000mm.csv,94,5.0,417.2362776986516,0.9500753834070343,60,145,1.46,1.526537633439935,0.0665376334399351,33.48309450196001,33.48309450196001,9.268464881584098,1609.9360201190002,1609.9360201190002,129.1179764219039,750.0000000000002,417236.2776986516,2683.2267001983337,True,0.0802006879828429,333.7890221589213
thickness_grids_L10000mm.csv,0,10.0,167.06807830730574,10.757997470881598,15,147,1.48,1.486033602089996,0.0060336020899959,68.81344548423083,68.81344548423083,2.772094534527577,2138.8906014932636,2138.8906014932636,381.3560974849545,749.9999999999999,167068.07830730575,3564.8176691554395,True,0.178296214504244,66.8272313229223
thickness_grids_L10000mm.csv,1,10.0,167.6396055150176,10.425179077615052,15,148,1.49,1.496033602089996,0.0060336020899959,69.746498502347,69.746498502347,2.762776543341101,2139.928335801621,2139.928335801621,380.2820980555437,750.0000000000001,167639.60551501758,3566.5472263360352,True,0.1777078660501448,67.05584220600703
thickness_grids_L10000mm.csv,2,10.0,168.21061751434002,10.104780889128422,15,149,1.5,1.506033602089996,0.0060336020899959,70.68583470577035,70.68583470577035,2.7535518880613505,2140.956761725463,2140.956761725463,379.220828661747,749.9999999999999,168210.61751434,3568.261269542438,True,0.1771268039790403,67.284247005736
thickness_grids_L10000mm.csv,3,10.0,173.9649878370109,9.924406795081186,16,144,1.45,1.4565893428223953,0.0065893428223953,66.0519855417254,66.0519855417254,2.926763376707552,2121.824773158634,2121.824773158634,368.0840209053954,750.0000000000001,173964.9878370109,3536.3746219310565,True,0.1734752207447605,69.58599513480436
thickness_grids_L10000mm.csv,4,10.0,174.5645946943563,9.611147467626102,16,145,1.46,1.4665893428223953,0.0065893428223953,66.96618900392002,66.96618900392002,2.9167229924794467,2122.923559115435,2122.923559115435,367.0185447485797,750.0000000000001,174564.5946943563,3538.205931859058,True,0.1728835422136001,69.82583787774252
thickness_grids_L10000mm.csv,5,10.0,175.1636117989145,9.309814029043826,16,146,1.47,1.4765893428223953,0.0065893428223953,67.88667565142183,67.88667565142183,2.90678523618705,2124.012341290634,2124.012341290634,365.9658727715247,750.0,175163.6117989145,3540.020568817724,True,0.1722993156193948,70.0654447195658
thickness_grids_L10000mm.csv,6,10.0,175.7620580772231,9.019875906866364,16,147,1.48,1.4865893428223953,0.0065893428223953,68.81344548423083,68.81344548423083,2.896948371305368,2125.0912745018622,2125.0912745018622,364.9257924422199,750.0000000000001,175762.05807722308,3541.818790836437,True,0.1717224087364253,70.30482323088923
thickness_grids_L10000mm.csv,7,10.0,176.35995214898972,8.740829493729315,16,148,1.49,1.4965893428223953,0.0065893428223953,69.746498502347,69.746498502347,2.8872107021691673,2126.1605101840437,2126.1605101840437,363.89809618173547,750.0000000000005,176359.95214898972,3543.6008503067396,True,0.171152692583043,70.54398085959589
thickness_grids_L10000mm.csv,8,10.0,176.95731233363173,8.472196608403195,16,149,1.5,1.506589342822395,0.0065893428223953,70.68583470577035,70.68583470577035,2.877570572745124,2127.2201964847495,2127.2201964847495,362.8825812152875,749.9999999999998,176957.31233363174,3545.3669941412495,True,0.1705900413201013,70.78292493345269
thickness_grids_L10000mm.csv,9,10.0,182.84934607537343,8.356538804193011,17,144,1.45,1.4571809377955949,0.0071809377955947,66.0519855417254,66.0519855417254,3.055323094232183,2107.864852520018,2107.864852520018,352.6016371783471,750.0,182849.34607537347,3513.1080875333632,True,0.1672790533780194,73.1397384301494
thickness_grids_L10000mm.csv,10,10.0,183.4759384189286,8.092768507418072,17,145,1.46,1.4671809377955949,0.0071809377955947,66.96618900392002,66.96618900392002,3.0448416805137963,2108.995467769744,2108.995467769744,351.58100948510526,750.0000000000001,183475.9384189286,3514.9924462829063,True,0.1667054362411224,73.39037536757144
thickness_grids_L10000mm.csv,11,10.0,184.10192005542737,7.839040035328256,17,146,1.47,1.477180937795595,0.0071809377955947,67.88667565142183,67.88667565142183,3.0344674027205683,2110.115834761037,2110.115834761037,350.57264710514636,750.0,184101.92005542736,3516.859724601729,True,0.1661390532832276,73.64076802217095
thickness_grids_L10000mm.csv,12,10.0,184.72731071994875,7.594906635839664,17,147,1.48,1.487180937795595,0.0071809377955947,68.81344548423083,68.81344548423083,3.0241984480496735,2111.2261115757615,2111.2261115757615,349.5763464499091,750.0000000000002,184727.31071994876,3518.7101859596028,True,0.1655797759099307,73.8909242879795
thickness_grids_L10000mm.csv,13,10.0,185.35212982753015,7.359944261997198,17,148,1.49,1.4971809377955947,0.0071809377955947,69.746498502347,69.746498502347,3.0140330463528353,2112.326452850841,2112.326452850841,348.5919086752591,750.0000000000002,185352.12982753015,3520.544088084735,True,0.1650274786857836,74.14085193101207
thickness_grids_L10000mm.csv,14,10.0,185.97639648036892,7.1337502761337035,17,149,1.5,1.5071809377955947,0.0071809377955947,70.68583470577035,70.68583470577035,3.003969468854542,2113.4170098751592,2113.4170098751592,347.6191395394965,750.0000000000001,185976.39648036892,3522.3616831252657,True,0.1644820392356123,74.39055859214757
thickness_grids_L10000mm.csv,15,10.0,191.98877578281247,7.067504652434156,18,144,1.45,1.457808387009594,0.0078083870095941,66.0519855417254,66.0519855417254,3.1860106672804775,2093.878366424526,2093.878366424526,338.1438956932858,749.9999999999999,191988.77578281247,3489.7972773742104,True,0.1614916611754746,76.79551031312499
thickness_grids_L10000mm.csv,16,10.0,192.64285200603115,6.844422124690082,18,145,1.46,1.4678083870095942,0.0078083870095941,66.96618900392002,66.96618900392002,3.1750809243744,2095.040304398212,2095.040304398212,337.165149701531,750.0000000000001,192642.8520060311,3491.733840663687,True,0.1609349228240168,77.05714080241246
thickness_grids_L10000mm.csv,17,10.0,193.29629672999235,6.629832424460364,18,146,1.47,1.4778083870095942,0.0078083870095941,67.88667565142183,67.88667565142183,3.1642628999968956,2096.191756797877,2096.191756797877,336.19816580678406,750.0,193296.29672999235,3493.652927996462,True,0.160385215100911,77.31851869199694
thickness_grids_L10000mm.csv,18,10.0,193.9491305080684,6.4233577132037825,18,147,1.48,1.4878083870095942,0.0078083870095941,68.81344548423083,68.81344548423083,3.153554703804796,2097.332884835257,2097.332884835257,335.24274877228675,750.0000000000001,193949.13050806837,3495.554808058762,True,0.1598424128073592,77.57965220322734
thickness_grids_L10000mm.csv,19,10.0,194.60137356033903,6.224639355138433,18,148,1.49,1.4978083870095942,0.0078083870095941,69.746498502347,69.746498502347,3.142954489933976,2098.463846218193,2098.463846218193,334.29870791099665,750.0000000000002,194601.37356033904,3497.4397436969884,True,0.1593063938239692,77.84054942413562
thickness_grids_L10000mm.csv,20,10.0,195.25304578114412,6.033336821290245,18,149,1.5,1.5078083870095942,0.0078083870095941,70.68583470577035,70.68583470577035,3.132460455662741,2099.584795248961,2099.584795248961,333.365856949566,749.9999999999998,195253.04578114412,3499.307992081602,True,0.1587770390145337,78.10121831245765
thickness_grids_L10000mm.csv,21,10.0,201.37085639875835,6.004109512605307,19,144,1.45,1.4584716904643935,0.0084716904643934,66.0519855417254,66.0519855417254,3.318574716480815,2079.897019062565,2079.897019062565,324.64215081051515,749.9999999999999,201370.85639875836,3466.4950317709418,True,0.1560856849330142,80.54834255950334
thickness_grids_L10000mm.csv,22,10.0,202.0528636332981,5.814592562451912,19,145,1.46,1.4684716904643935,0.0084716904643934,66.96618900392002,66.96618900392002,3.3071902070570895,2081.08970150845,2081.08970150845,323.7025185011598,749.9999999999999,202052.8636332981,3468.482835847417,True,0.1555447217227245,80.82114545331925
thickness_grids_L10000mm.csv,23,10.0,202.7342188163385,5.632290586886516,19,146,1.47,1.4784716904643935,0.0084716904643934,67.88667565142183,67.88667565142183,3.2959220645646155,2082.2716687031557,2082.2716687031557,322.7741783345984,750.0000000000001,202734.2188163385,3470.4527811719263,True,0.1550105988502561,81.0936875265354
thickness_grids_L10000mm.csv,24,10.0,203.41494332724452,5.456882597937956,19,147,1.48,1.4884716904643935,0.0084716904643934,68.81344548423083,68.81344548423083,3.2847683200065183,2083.4430848489947,2083.4430848489947,321.85694287378396,750.0,203414.94332724452,3472.4051414149912,True,0.1544831942923517,81.3659773308978
thickness_grids_L10000mm.csv,25,10.0,204.09505819875037,5.288063921097251,19,148,1.49,1.4984716904643935,0.0084716904643934,69.746498502347,69.746498502347,3.2737270507156597,2084.604110588754,2084.604110588754,320.95062904960406,750.0000000000001,204095.05819875037,3474.34018431459,True,0.1539623890307681,81.63802327950015
thickness_grids_L10000mm.csv,26,10.0,204.7745841247308,5.125545264265828,19,149,1.5,1.5084716904643936,0.0084716904643934,70.68583470577035,70.68583470577035,3.262796378962408,2085.7549031053672,2085.7549031053672,320.05505803014734,750.0000000000002,204774.5841247308,3476.258171842279,True,0.1534480669582196,81.90983364989232
thickness_grids_L10000mm.csv,27,10.0,210.9849522294647,5.123535593744876,20,144,1.45,1.4591708481599928,0.0091708481599927,66.0519855417254,66.0519855417254,3.4527991167559557,2065.947186932526,2065.947186932526,312.02784002913614,750.0000000000001,210984.95222946472,3443.2453115542103,True,0.1510337931205435,84.39398089178589
thickness_grids_L10000mm.csv,28,10.0,211.69529331765543,4.96181355358383,20,145,1.46,1.4691708481599928,0.0091708481599927,66.96618900392002,66.96618900392002,3.4409541449107457,2067.169980449795,2067.169980449795,311.1247518897989,750.0,211695.29331765545,3445.2833007496583,True,0.1505075803307193,84.67811732706218
thickness_grids_L10000mm.csv,29,10.0,212.40496211284471,4.806248326357649,20,146,1.47,1.4791708481599928,0.0091708481599927,67.88667565142183,67.88667565142183,3.4292302466202313,2068.3818370029453,2068.3818370029453,310.23251681584986,750.0000000000001,212404.96211284475,3447.3030616715755,True,0.1499880299013707,84.9619848451379
thickness_grids_L10000mm.csv,30,10.0,213.11398082612135,4.656566000790746,20,147,1.48,1.4891708481599928,0.0091708481599927,68.81344548423083,68.81344548423083,3.4176253732487014,2069.58292364292,2069.58292364292,309.3509546572472,750.0,213113.98082612135,3449.3048727382,True,0.1494750227803009,85.24559233044855
thickness_grids_L10000mm.csv,31,10.0,213.82237130869385,4.512506586506853,20,148,1.49,1.4991708481599928,0.0091708481599927,69.746498502347,69.746498502347,3.406137524364054,2070.7734038088406,2070.7734038088406,308.4798894622876,750.0,213822.3713086938,3451.2890063480677,True,0.1489684428508162,85.52894852347752
thickness_grids_L10000mm.csv,32,10.0,214.53015505980073,4.373823219527071,20,149,1.5,1.5091708481599928,0.0091708481599927,70.68583470577035,70.68583470577035,3.394764746289255,2071.9534374289356,2071.9534374289356,307.6191493517125,750.0000000000002,214530.15505980077,3453.255729048226,True,0.1484681768396464,85.8120620239203
thickness_grids_L10000mm.csv,33,10.0,221.56097883622652,4.252801055045054,21,145,1.46,1.469905860096392,0.009905860096392,66.96618900392002,66.96618900392002,3.5761870702605676,2053.3030050623483,2053.3030050623483,299.36556205144433,750.0000000000001,221560.97883622657,3422.171675103914,True,0.1457970700443961,88.62439153449061
thickness_grids_L10000mm.csv,34,10.0,222.29932605858613,4.119465137576339,21,146,1.47,1.479905860096392,0.009905860096392,67.88667565142183,67.88667565142183,3.564002411089331,2054.5440842253424,2054.5440842253424,298.5070836027678,749.9999999999998,222299.32605858613,3424.2401403755707,True,0.1452911552955646,88.91973042343444
thickness_grids_L10000mm.csv,35,10.0,223.037004168879,3.9911714914693057,21,147,1.48,1.489905860096392,0.009905860096392,68.81344548423083,68.81344548423083,3.5519414546349557,2055.7741826355527,2055.7741826355527,297.65887436862096,750.0000000000003,223037.004168879,3426.290304392588,True,0.1447916200538208,89.2148016675516
thickness_grids_L10000mm.csv,36,10.0,223.77403584093489,3.8676972773660383,21,148,1.49,1.4999058600963922,0.009905860096392,69.746498502347,69.746498502347,3.540002121846361,2056.9934663889685,2056.9934663889685,296.82076505159466,750.0000000000001,223774.03584093487,3428.3224439816145,True,0.1442983509192474,89.50961433637394
thickness_grids_L10000mm.csv,37,10.0,224.51044338358992,3.7488309066248826,21,149,1.5,1.5099058600963922,0.009905860096392,70.68583470577035,70.68583470577035,3.5281823822650606,2058.202098022853,2058.202098022853,295.99259027286524,749.9999999999999,224510.4433835899,3430.3368300380885,True,0.1438112372721809,89.80417735343597
thickness_grids_L10000mm.csv,38,10.0,231.64204477154897,3.6608609200526177,22,145,1.46,1.4706767262735911,0.0106767262735912,66.96618900392002,66.96618900392002,3.712728466776826,2039.506898910041,2039.506898910041,288.36192917197263,750.0,231642.04477154897,3399.178164850068,True,0.1413880626371403,92.65681790861956
thickness_grids_L10000mm.csv,39,10.0,232.4094018645943,3.5460838018233183,22,146,1.47,1.4806767262735911,0.0106767262735912,67.88667565142183,67.88667565142183,3.700078588547798,2040.7765037383392,2040.7765037383397,287.53503967611323,750.0000000000001,232409.40186459429,3401.294172897233,True,0.1408949187475454,92.96376074583772
thickness_grids_L10000mm.csv,40,10.0,233.1760712535363,3.435647129793453,22,147,1.48,1.4906767262735912,0.0106767262735912,68.81344548423083,68.81344548423083,3.687557136094401,2042.034925104187,2042.0349251041876,286.7180416211557,750.0000000000001,233176.0712535363,3403.3915418403126,True,0.1404080009094491,93.27042850141451
thickness_grids_L10000mm.csv,41,10.0,233.9420764375197,3.329359081235753,22,148,1.49,1.5006767262735912,0.0106767262735912,69.746498502347,69.746498502347,3.675161950985893,2043.282331621495,2043.282331621495,285.91077193659345,750.0000000000001,233942.0764375197,3405.470552702491,True,0.1399271982691213,93.57683057500786
thickness_grids_L10000mm.csv,42,10.0,234.70744053750545,3.227037518171197,22,149,1.5,1.5106767262735912,0.0106767262735912,70.68583470577035,70.68583470577035,3.6628909252394166,2044.5188883007943,2044.5188883007943,285.11307132628616,750.0000000000002,234707.44053750543,3407.5314805013245,True,0.139452402693743,93.88297621500216
thickness_grids_L10000mm.csv,43,10.0,241.9317085792564,3.164571625167101,23,145,1.46,1.4714834466915905,0.0114834466915904,66.96618900392002,66.96618900392002,3.850439136894352,2025.7966456934312,2025.7966456934312,278.05474652093704,750.0000000000001,241931.70857925643,3376.327742822386,True,0.1372569883122492,96.77268343170256
thickness_grids_L10000mm.csv,44,10.0,242.7283778145854,3.0653544138337447,23,146,1.47,1.4814834466915905,0.0114834466915904,67.88667565142183,67.88667565142183,3.837320055699523,2027.0940581727857,2027.0940581727857,277.2574478759444,750.0000000000001,242728.3778145854,3378.4900969546425,True,0.1367758179538364,97.09135112583417
thickness_grids_L10000mm.csv,45,10.0,243.52434124632177,2.9698892305569693,23,147,1.48,1.4914834466915905,0.0114834466915904,68.81344548423083,68.81344548423083,3.8243341637850583,2028.3800926373565,2028.3800926373565,276.46968679702894,750.0,243524.34124632177,3380.633487728928,True,0.1363007297303708,97.4097364985287
thickness_grids_L10000mm.csv,46,10.0,244.3196232003343,2.8780102573029858,23,148,1.49,1.5014834466915905,0.0114834466915904,69.746498502347,69.746498502347,3.8114792226607777,2029.6549200816587,2029.6549200816585,275.691306046676,749.9999999999998,244319.6232003343,3382.7582001360975,True,0.1358316151770194,97.72784928013373
thickness_grids_L10000mm.csv,47,10.0,245.11424761105317,2.7895600478609444,23,149,1.5,1.5114834466915903,0.0114834466915904,70.68583470577035,70.68583470577035,3.798753046155582,2030.9187078552695,2030.9187078552695,274.9221520265987,750.0000000000002,245114.24761105317,3384.864513092116,True,0.1353683684941419,98.04569904442128
thickness_grids_L10000mm.csv,48,10.0,252.42411801851452,2.7467151042860514,24,145,1.46,1.4723260213503897,0.0123260213503896,66.96618900392002,66.96618900392002,3.98919798935026,2012.184590911844,2012.184590911844,268.3891000764566,750.0000000000001,252424.1180185145,3353.6409848530734,True,0.1333819478037216,100.9696472074058
thickness_grids_L10000mm.csv,49,10.0,253.25037605202817,2.6605987368108517,24,146,1.47,1.4823260213503897,0.0123260213503896,67.88667565142183,67.88667565142183,3.975606133859527,2013.5090794356345,2013.5090794356345,267.6195517232814,750.0000000000003,253250.37605202815,3355.8484657260574,True,0.1329120163681071,101.30015042081126
thickness_grids_L10000mm.csv,50,10.0,254.0759107265962,2.5777389719205885,24,147,1.48,1.4923260213503895,0.0123260213503896,68.81344548423083,68.81344548423083,3.9621522674112217,2014.822003515097,2014.8220035150969,266.85920907595585,750.0,254075.9107265962,3358.0366725251615,True,0.1324480319404831,101.63036429063848
thickness_grids_L10000mm.csv,51,10.0,254.90074719475487,2.497991886534366,24,148,1.49,1.5023260213503895,0.0123260213503896,69.746498502347,69.746498502347,3.948834070846361,2016.1235363904864,2016.1235363904864,266.1079203669127,750.0,254900.7471947549,3360.2058939841445,True,0.1319898882998667,101.96029887790196
thickness_grids_L10000mm.csv,52,10.0,255.72491020467675,2.4212208239615944,24,149,1.5,1.5123260213503895,0.0123260213503896,70.68583470577035,70.68583470577035,3.9356492792104665,2017.4138476185797,2017.41384761858,265.365537341375,750.0000000000002,255724.91020467677,3362.3564126976335,True,0.1315374818382559,102.2899640818707
thickness_grids_L10000mm.csv,53,10.0,263.11421492300866,2.3934193495452187,25,145,1.46,1.4732044502499888,0.0132044502499887,66.96618900392002,66.96618900392002,4.128899347518801,1998.680860748471,1998.680860748471,259.3143098578158,750.0000000000002,263114.21492300864,3331.1347679141186,True,0.1297427292923128,105.24568596920344
thickness_grids_L10000mm.csv,54,10.0,263.9703158128054,2.3183796849269065,25,146,1.47,1.4832044502499888,0.0132044502499887,67.88667565142183,67.88667565142183,4.11483150645975,2000.0316862306352,2000.0316862306356,258.57081663413805,750.0,263970.3158128054,3333.386143717726,True,0.1292833600658868,105.58812632512216
thickness_grids_L10000mm.csv,55,10.0,264.82567638126494,2.246177742949864,25,147,1.48,1.4932044502499888,0.0132044502499887,68.81344548423083,68.81344548423083,4.1009064868071015,2001.3707688782335,2001.370768878234,257.83621753147946,750.0,264825.67638126493,3335.6179481303902,True,0.1288298108181106,105.93027055250596
thickness_grids_L10000mm.csv,56,10.0,265.6803226066133,2.1766881126145634,25,148,1.49,1.5032044502499888,0.0132044502499887,69.746498502347,69.746498502347,4.087121888185127,2002.6982840454916,2002.6982840454912,257.1103659181292,750.0000000000001,265680.3226066133,3337.8304734091525,True,0.1283819774383393,106.27212904264532
thickness_grids_L10000mm.csv,57,10.0,266.53428004960864,2.109791714673587,25,149,1.5,1.5132044502499888,0.0132044502499887,70.68583470577035,70.68583470577035,4.073475366320845,2004.014403367528,2004.014403367528,256.3931185561836,750.0,266534.2800496086,3340.0240056125467,True,0.1279397583796518,106.61371201984343
thickness_grids_L10000mm.csv,58,10.0,273.9976209749362,2.0934759320401586,26,145,1.46,1.4741187333903878,0.0141187333903878,66.96618900392002,66.96618900392002,4.269450692775583,1985.2937119346368,1985.2937119346368,250.78382103427936,749.9999999999999,273997.6209749362,3308.8228532243943,True,0.1263207652986996,109.59904838997448
thickness_grids_L10000mm.csv,59,10.0,274.88379874763393,2.02784024147191,26,146,1.47,1.4841187333903878,0.0141187333903878,67.88667565142183,67.88667565142183,4.254903970102019,1986.6701327942692,1986.6701327942692,250.06482134033175,749.9999999999999,274883.79874763393,3311.116887990449,True,0.1258713347588375,109.95351949905356
thickness_grids_L10000mm.csv,60,10.0,275.7692198765724,1.9646866500194888,26,147,1.48,1.4941187333903878,0.0141187333903878,68.81344548423083,68.81344548423083,4.240504930600452,1988.034640346623,1988.0346403466228,249.35442286053097,750.0,275769.2198765724,3313.3910672443717,True,0.1254276046301964,110.30768795062896
thickness_grids_L10000mm.csv,61,10.0,276.65391116335337,1.903905463195309,26,148,1.49,1.5041187333903878,0.0141187333903878,69.746498502347,69.746498502347,4.226251092184267,1989.3874119316904,1989.3874119316904,248.65248379102067,749.9999999999995,276653.91116335336,3315.645686552817,True,0.1249894727893043,110.66156446534134
thickness_grids_L10000mm.csv,62,10.0,277.53789897925606,1.8453925247684373,26,149,1.5,1.5141187333903878,0.0141187333903878,70.68583470577035,70.68583470577035,4.2121400307793815,1990.7286211375351,1990.7286211375351,247.95886561007876,750.0000000000001,277537.89897925605,3317.8810352292253,True,0.1245568396301003,111.0151595917024
thickness_grids_L10000mm.csv,63,10.0,285.0705418028122,1.8377990814501917,27,145,1.46,1.4750688707715869,0.0150688707715868,66.96618900392002,66.96618900392002,4.410770770119315,1972.0298242406336,1972.0298242406336,242.75500504596127,750.0,285070.5418028122,3286.7163737343894,True,0.1230990536055602,114.02821672112488
thickness_grids_L10000mm.csv,64,10.0,285.9870126409602,1.7801794976801864,27,146,1.47,1.485068870771587,0.0150688707715868,67.88667565142183,67.88667565142183,4.39574254663423,1973.4311004535575,1973.4311004535575,242.05905958071097,750.0000000000003,285987.01264096017,3289.0518340892627,True,0.1226589869416155,114.39480505638409
thickness_grids_L10000mm.csv,65,10.0,286.90271119825593,1.7247388735081048,27,147,1.48,1.495068870771587,0.0150688707715868,68.81344548423083,68.81344548423083,4.3808668946776965,1974.820300652626,1974.820300652626,241.3714396378997,749.9999999999999,286902.71119825594,3291.3671677543766,True,0.1222245080011243,114.76108447930238
thickness_grids_L10000mm.csv,66,10.0,287.817665096379,1.671380911467397,27,148,1.49,1.505068870771587,0.0150688707715868,69.746498502347,69.746498502347,4.366141250005305,1976.1976040392951,1976.1976040392951,240.692007957737,750.0000000000001,287817.665096379,3293.6626733988255,True,0.121795516534262,115.1270660385516
thickness_grids_L10000mm.csv,67,10.0,288.73190151397336,1.6200141759592157,27,149,1.5,1.515068870771587,0.0150688707715868,70.68583470577035,70.68583470577035,4.351563108305402,1977.563186032965,1977.563186032965,240.02063045746672,750.0,288731.90151397337,3295.938643388275,True,0.1213719147649352,115.49276060558935
thickness_grids_L10000mm.csv,68,10.0,296.3296863146872,1.6189978494630417,28,145,1.46,1.476054862393586,0.0160548623935858,66.96618900392002,66.96618900392002,4.552787995001742,1958.8945453472795,1958.8945453472795,235.1889113758416,750.0000000000002,296329.6863146872,3264.824242245466,True,0.1200620584372225,118.53187452587488
thickness_grids_L10000mm.csv,69,10.0,297.276650425823,1.5682382298984374,28,146,1.47,1.486054862393586,0.0160548623935858,67.88667565142183,67.88667565142183,4.537275895408487,1960.3199417258868,1960.3199417258868,234.5146925853428,750.0,297276.650425823,3267.199902876478,True,0.1196308253533724,118.9106601703292
thickness_grids_L10000mm.csv,70,10.0,298.2228273483638,1.5193981514516333,28,147,1.48,1.496054862393586,0.0160548623935858,68.81344548423083,68.81344548423083,4.521921279815147,1961.73310697628,1961.73310697628,233.84853950407177,750.0,298222.8273483638,3269.5551782938,True,0.1192050736527123,119.28913093934553
thickness_grids_L10000mm.csv,71,10.0,299.1682455198369,1.4723927814590283,28,148,1.49,1.506054862393586,0.0160548623935858,69.746498502347,69.746498502347,4.506721501414214,1963.1342220412016,1963.1342220412016,233.19031915461656,750.0000000000001,299168.2455198369,3271.8903700686697,True,0.118784704854339,119.66729820793476
thickness_grids_L10000mm.csv,72,10.0,300.11293292199633,1.4271415702896,28,149,1.5,1.516054862393586,0.0160548623935858,70.68583470577035,70.68583470577035,4.491673975260648,1964.5234640537983,1964.5234640537983,232.53990163742623,750.0000000000001,300112.93292199634,3274.2057734229975,True,0.1183696229097613,120.04517316879854
thickness_grids_L10000mm.csv,73,10.0,308.7498419140004,1.38617127248226,29,146,1.47,1.4870767082563847,0.0170767082563848,67.88667565142183,67.88667565142183,4.679440975061387,1947.340885042552,1947.340885042552,227.39627924699417,750.0,308749.8419140004,3245.5681417375868,True,0.1167727134954213,123.49993676560015
thickness_grids_L10000mm.csv,74,10.0,309.7266838073018,1.3430013558216232,29,147,1.48,1.4970767082563847,0.0170767082563848,68.81344548423083,68.81344548423083,4.663605257987955,1948.7772950359752,1948.7772950359752,226.75038210364823,750.0,309726.6838073018,3247.9621583932926,True,0.1163552052259836,123.89067352292072
thickness_grids_L10000mm.csv,75,10.0,310.7027536249486,1.301453144399454,29,148,1.49,1.5070767082563847,0.0170767082563848,69.746498502347,69.746498502347,4.647929229573382,1950.2015087564896,1950.2015087564896,226.1121765785321,750.0000000000001,310702.7536249486,3250.335847927483,True,0.1159429810526135,124.28110144997945
thickness_grids_L10000mm.csv,76,10.0,311.67808014666156,1.2614554401143403,29,149,1.5,1.5170767082563847,0.0170767082563848,70.68583470577035,70.68583470577035,4.632410223879335,1951.6137049375593,1951.6137049375593,225.4815367192418,749.9999999999999,311678.08014666155,3252.689508229266,True,0.1155359465599038,124.6712320586646
thickness_grids_L10000mm.csv,77,10.0,320.4040961022214,1.229188333215041,30,146,1.47,1.4881344083599837,0.0181344083599837,67.88667565142183,67.88667565142183,4.82218191282498,1934.4972067859553,1934.4972067859553,220.6715014459034,749.9999999999999,320404.0961022214,3224.1620113099257,True,0.1140717601823448,128.16163844088857
thickness_grids_L10000mm.csv,78,10.0,321.4117766136918,1.1909073798014729,30,147,1.48,1.4981344083599837,0.0181344083599837,68.81344548423083,68.81344548423083,4.805863145507455,1935.9561506015857,1935.9561506015857,220.044741190939,750.0000000000001,321411.7766136918,3226.593584335976,True,0.1136620481422378,128.56471064547674
thickness_grids_L10000mm.csv,79,10.0,322.41867253365507,1.1540644746281263,30,148,1.49,1.5081344083599837,0.0181344083599837,69.746498502347,69.746498502347,4.789708937966736,1937.4027591440893,1937.4027591440893,219.4254447639232,749.9999999999999,322418.6725336551,3229.0045985734823,True,0.1132575267214244,128.96746901346202
thickness_grids_L10000mm.csv,80,10.0,323.42481343385015,1.1185964827293986,30,149,1.5,1.5181344083599837,0.0181344083599837,70.68583470577035,70.68583470577035,4.7737165429431245,1938.837212638071,1938.837212638071,218.8134899415512,750.0000000000002,323424.8134338501,3231.395354396785,True,0.1128581030502419,129.36992537354004
thickness_grids_L10000mm.csv,81,10.0,332.23725228591553,1.0933486416039295,31,146,1.47,1.4892279627043827,0.0192279627043826,67.88667565142183,67.88667565142183,4.965449046655663,1921.791376164007,1921.791376164007,214.3108955259804,749.9999999999998,332237.25228591554,3202.985626940012,True,0.1115162125213381,132.89490091436622
thickness_grids_L10000mm.csv,82,10.0,333.2759332861191,1.0592981814075195,31,147,1.48,1.4992279627043827,0.0192279627043826,68.81344548423083,68.81344548423083,4.94864544839159,1923.2721539346255,1923.2721539346255,213.70223686925732,750.0000000000001,333275.9332861191,3205.4535898910426,True,0.1111138828855114,133.31037331444765
thickness_grids_L10000mm.csv,83,10.0,334.31381802892713,1.0265268482964602,31,148,1.49,1.5092279627043828,0.0192279627043826,69.746498502347,69.746498502347,4.932011298979014,1924.7404643124664,1924.7404643124664,213.10082657637628,749.9999999999994,334313.81802892714,3207.9007738541104,True,0.1107166553244869,133.72552721157086
thickness_grids_L10000mm.csv,84,10.0,335.3509368710235,0.9949784844574816,31,149,1.5,1.5192279627043828,0.0192279627043826,70.68583470577035,70.68583470577035,4.915543769537098,1926.196488908364,1926.196488908364,212.5065459512472,750.0000000000002,335350.9368710235,3210.32748151394,True,0.1103244384334234,134.1403747484094
thickness_grids_L10000mm.csv,85,10.0,344.2474385196918,0.9753979008379708,32,146,1.47,1.4903573712895817,0.0203573712895815,67.88667565142183,67.88667565142183,5.109198111519526,1909.2251774769811,1909.2251774769811,208.28759652443136,750.0000000000005,344247.4385196918,3182.041962461635,True,0.1090953539590762,137.69897540787673
thickness_grids_L10000mm.csv,86,10.0,353.1244318163035,0.9607792877417248,33,143,1.44,1.4615226341155805,0.0215226341155803,65.14406526483795,65.14406526483795,5.307830270121688,1892.1544527078563,1892.1544527078563,204.3451538509295,750.0,353124.4318163035,3153.5907545130945,True,0.1079960219729905,141.2497727265214
thickness_grids_L10000mm.csv,87,10.0,361.97810988220374,0.9508752230328332,34,140,1.41,1.4327237511823792,0.0227237511823791,62.45800354601867,62.45800354601867,5.5116422148867095,1874.9825446567384,1874.9825446567384,200.662505824432,749.9999999999999,361978.10988220375,3124.9709077612306,True,0.1070209994201136,144.7912439528815
thickness_grids_L10000mm.csv,88,10.0,1567.5822782641933,0.9506259260264422,111,52,0.5299999999999999,0.752880050448178,0.222880050448178,8.824733763933727,8.824733763933727,28.154526345162264,967.9903325925115,967.9903325925115,101.35507368811012,749.9999999999998,1567582.278264193,1613.3172209875192,True,0.104706700341373,627.0329113056773
