candidate_rank,source_file,pareto_rank,row_i,col_j,solenoid_length_m,ri,rf,th,v,v_bore,b0,scan,je_tape,je_max,je_coil,stress,length_tape,j_crit,converged,f_tape_min,length_tape_km,pancake_length_m,scan_error_yrs,abs_scan_error_yrs,target_scan_yrs,scan_margin_yrs,search_pool,pick_rule
0,thickness_grids_L10000mm.csv,84,31,149,10.0,1.5,1.5192279627043828,0.0192279627043826,70.68583470577035,70.68583470577035,4.915543769537098,0.9949784844574816,1926.196488908364,1926.196488908364,212.5065459512472,750.0000000000002,335350.9368710235,3210.32748151394,True,0.1103244384334234,335.3509368710235,134.1403747484094,-0.0050215155425183955,0.0050215155425183955,1.0,0.25,pareto,closest
1,thickness_grids_L10000mm.csv,85,32,146,10.0,1.47,1.4903573712895817,0.0203573712895815,67.88667565142183,67.88667565142183,5.109198111519526,0.9753979008379708,1909.2251774769811,1909.2251774769811,208.28759652443136,750.0000000000005,344247.4385196918,3182.041962461635,True,0.1090953539590762,344.2474385196918,137.69897540787673,-0.024602099162029156,0.024602099162029156,1.0,0.25,pareto,closest
2,thickness_grids_L10000mm.csv,83,31,148,10.0,1.49,1.5092279627043828,0.0192279627043826,69.746498502347,69.746498502347,4.932011298979014,1.0265268482964602,1924.7404643124664,1924.7404643124664,213.10082657637628,749.9999999999994,334313.81802892714,3207.9007738541104,True,0.1107166553244869,334.31381802892713,133.72552721157086,0.026526848296460237,0.026526848296460237,1.0,0.25,pareto,closest
3,thickness_grids_L10000mm.csv,86,33,143,10.0,1.44,1.4615226341155805,0.0215226341155803,65.14406526483795,65.14406526483795,5.307830270121688,0.9607792877417248,1892.1544527078563,1892.1544527078563,204.3451538509295,750.0,353124.4318163035,3153.5907545130945,True,0.1079960219729905,353.1244318163035,141.2497727265214,-0.03922071225827517,0.03922071225827517,1.0,0.25,pareto,closest
4,thickness_grids_L10000mm.csv,87,34,140,10.0,1.41,1.4327237511823792,0.0227237511823791,62.45800354601867,62.45800354601867,5.5116422148867095,0.9508752230328332,1874.9825446567384,1874.9825446567384,200.662505824432,749.9999999999999,361978.10988220375,3124.9709077612306,True,0.1070209994201136,361.97810988220374,144.7912439528815,-0.04912477696716677,0.04912477696716677,1.0,0.25,pareto,closest
5,thickness_grids_L10000mm.csv,88,111,52,10.0,0.5299999999999999,0.752880050448178,0.222880050448178,8.824733763933727,8.824733763933727,28.154526345162264,0.9506259260264422,967.9903325925115,967.9903325925115,101.35507368811012,749.9999999999998,1567582.278264193,1613.3172209875192,True,0.104706700341373,1567.5822782641933,627.0329113056773,-0.04937407397355775,0.04937407397355775,1.0,0.25,pareto,closest
6,thickness_grids_L10000mm.csv,82,31,147,10.0,1.48,1.4992279627043827,0.0192279627043826,68.81344548423083,68.81344548423083,4.94864544839159,1.0592981814075195,1923.2721539346255,1923.2721539346255,213.70223686925732,750.0000000000001,333275.9332861191,3205.4535898910426,True,0.1111138828855114,333.2759332861191,133.31037331444765,0.059298181407519523,0.059298181407519523,1.0,0.25,pareto,closest
7,thickness_grids_L10000mm.csv,81,31,146,10.0,1.47,1.4892279627043827,0.0192279627043826,67.88667565142183,67.88667565142183,4.965449046655663,1.0933486416039295,1921.791376164007,1921.791376164007,214.3108955259804,749.9999999999998,332237.25228591554,3202.985626940012,True,0.1115162125213381,332.23725228591553,132.89490091436622,0.09334864160392953,0.09334864160392953,1.0,0.25,pareto,closest
8,thickness_grids_L10000mm.csv,80,30,149,10.0,1.5,1.5181344083599837,0.0181344083599837,70.68583470577035,70.68583470577035,4.7737165429431245,1.1185964827293986,1938.837212638071,1938.837212638071,218.8134899415512,750.0000000000002,323424.8134338501,3231.395354396785,True,0.1128581030502419,323.42481343385015,129.36992537354004,0.1185964827293986,0.1185964827293986,1.0,0.25,pareto,closest
9,thickness_grids_L10000mm.csv,79,30,148,10.0,1.49,1.5081344083599837,0.0181344083599837,69.746498502347,69.746498502347,4.789708937966736,1.1540644746281263,1937.4027591440893,1937.4027591440893,219.4254447639232,749.9999999999999,322418.6725336551,3229.0045985734823,True,0.1132575267214244,322.41867253365507,128.96746901346202,0.15406447462812634,0.15406447462812634,1.0,0.25,pareto,closest
10,thickness_grids_L10000mm.csv,78,30,147,10.0,1.48,1.4981344083599837,0.0181344083599837,68.81344548423083,68.81344548423083,4.805863145507455,1.1909073798014729,1935.9561506015857,1935.9561506015857,220.044741190939,750.0000000000001,321411.7766136918,3226.593584335976,True,0.1136620481422378,321.4117766136918,128.56471064547674,0.19090737980147288,0.19090737980147288,1.0,0.25,pareto,closest
11,thickness_grids_L10000mm.csv,77,30,146,10.0,1.47,1.4881344083599837,0.0181344083599837,67.88667565142183,67.88667565142183,4.82218191282498,1.229188333215041,1934.4972067859553,1934.4972067859553,220.6715014459034,749.9999999999999,320404.0961022214,3224.1620113099257,True,0.1140717601823448,320.4040961022214,128.16163844088857,0.22918833321504106,0.22918833321504106,1.0,0.25,pareto,closest
0,thickness_grids_L10000mm.csv,59,26,146,10.0,1.47,1.4841187333903878,0.0141187333903878,67.88667565142183,67.88667565142183,4.254903970102019,2.02784024147191,1986.6701327942692,1986.6701327942692,250.06482134033175,749.9999999999999,274883.79874763393,3311.116887990449,True,0.1258713347588375,274.88379874763393,109.95351949905356,0.027840241471909888,0.027840241471909888,2.0,0.25,pareto,closest
1,thickness_grids_L10000mm.csv,60,26,147,10.0,1.48,1.4941187333903878,0.0141187333903878,68.81344548423083,68.81344548423083,4.240504930600452,1.9646866500194888,1988.034640346623,1988.0346403466228,249.35442286053097,750.0,275769.2198765724,3313.3910672443717,True,0.1254276046301964,275.7692198765724,110.30768795062896,-0.035313349980511166,0.035313349980511166,2.0,0.25,pareto,closest
2,thickness_grids_L10000mm.csv,58,26,145,10.0,1.46,1.4741187333903878,0.0141187333903878,66.96618900392002,66.96618900392002,4.269450692775583,2.0934759320401586,1985.2937119346368,1985.2937119346368,250.78382103427936,749.9999999999999,273997.6209749362,3308.8228532243943,True,0.1263207652986996,273.9976209749362,109.59904838997448,0.09347593204015858,0.09347593204015858,2.0,0.25,pareto,closest
3,thickness_grids_L10000mm.csv,61,26,148,10.0,1.49,1.5041187333903878,0.0141187333903878,69.746498502347,69.746498502347,4.226251092184267,1.903905463195309,1989.3874119316904,1989.3874119316904,248.65248379102067,749.9999999999995,276653.91116335336,3315.645686552817,True,0.1249894727893043,276.65391116335337,110.66156446534134,-0.09609453680469104,0.09609453680469104,2.0,0.25,pareto,closest
4,thickness_grids_L10000mm.csv,57,25,149,10.0,1.5,1.5132044502499888,0.0132044502499887,70.68583470577035,70.68583470577035,4.073475366320845,2.109791714673587,2004.014403367528,2004.014403367528,256.3931185561836,750.0,266534.2800496086,3340.0240056125467,True,0.1279397583796518,266.53428004960864,106.61371201984343,0.10979171467358695,0.10979171467358695,2.0,0.25,pareto,closest
5,thickness_grids_L10000mm.csv,62,26,149,10.0,1.5,1.5141187333903878,0.0141187333903878,70.68583470577035,70.68583470577035,4.2121400307793815,1.8453925247684373,1990.7286211375351,1990.7286211375351,247.95886561007876,750.0000000000001,277537.89897925605,3317.8810352292253,True,0.1245568396301003,277.53789897925606,111.0151595917024,-0.1546074752315627,0.1546074752315627,2.0,0.25,pareto,closest
6,thickness_grids_L10000mm.csv,63,27,145,10.0,1.46,1.4750688707715869,0.0150688707715868,66.96618900392002,66.96618900392002,4.410770770119315,1.8377990814501917,1972.0298242406336,1972.0298242406336,242.75500504596127,750.0,285070.5418028122,3286.7163737343894,True,0.1230990536055602,285.0705418028122,114.02821672112488,-0.16220091854980834,0.16220091854980834,2.0,0.25,pareto,closest
7,thickness_grids_L10000mm.csv,56,25,148,10.0,1.49,1.5032044502499888,0.0132044502499887,69.746498502347,69.746498502347,4.087121888185127,2.1766881126145634,2002.6982840454916,2002.6982840454912,257.1103659181292,750.0000000000001,265680.3226066133,3337.8304734091525,True,0.1283819774383393,265.6803226066133,106.27212904264532,0.1766881126145634,0.1766881126145634,2.0,0.25,pareto,closest
8,thickness_grids_L10000mm.csv,64,27,146,10.0,1.47,1.485068870771587,0.0150688707715868,67.88667565142183,67.88667565142183,4.39574254663423,1.7801794976801864,1973.4311004535575,1973.4311004535575,242.05905958071097,750.0000000000003,285987.01264096017,3289.0518340892627,True,0.1226589869416155,285.9870126409602,114.39480505638409,-0.21982050231981365,0.21982050231981365,2.0,0.25,pareto,closest
9,thickness_grids_L10000mm.csv,55,25,147,10.0,1.48,1.4932044502499888,0.0132044502499887,68.81344548423083,68.81344548423083,4.1009064868071015,2.246177742949864,2001.3707688782335,2001.370768878234,257.83621753147946,750.0,264825.67638126493,3335.6179481303902,True,0.1288298108181106,264.82567638126494,105.93027055250596,0.24617774294986416,0.24617774294986416,2.0,0.25,pareto,closest
0,thickness_grids_L10000mm.csv,45,23,147,10.0,1.48,1.4914834466915905,0.0114834466915904,68.81344548423083,68.81344548423083,3.8243341637850583,2.9698892305569693,2028.3800926373565,2028.3800926373565,276.46968679702894,750.0,243524.34124632177,3380.633487728928,True,0.1363007297303708,243.52434124632177,97.4097364985287,-0.030110769443030705,0.030110769443030705,3.0,0.25,pareto,closest
1,thickness_grids_L10000mm.csv,44,23,146,10.0,1.47,1.4814834466915905,0.0114834466915904,67.88667565142183,67.88667565142183,3.837320055699523,3.0653544138337447,2027.0940581727857,2027.0940581727857,277.2574478759444,750.0000000000001,242728.3778145854,3378.4900969546425,True,0.1367758179538364,242.7283778145854,97.09135112583417,0.06535441383374474,0.06535441383374474,3.0,0.25,pareto,closest
2,thickness_grids_L10000mm.csv,46,23,148,10.0,1.49,1.5014834466915905,0.0114834466915904,69.746498502347,69.746498502347,3.8114792226607777,2.8780102573029858,2029.6549200816587,2029.6549200816585,275.691306046676,749.9999999999998,244319.6232003343,3382.7582001360975,True,0.1358316151770194,244.3196232003343,97.72784928013373,-0.12198974269701424,0.12198974269701424,3.0,0.25,pareto,closest
3,thickness_grids_L10000mm.csv,43,23,145,10.0,1.46,1.4714834466915905,0.0114834466915904,66.96618900392002,66.96618900392002,3.850439136894352,3.164571625167101,2025.7966456934312,2025.7966456934312,278.05474652093704,750.0000000000001,241931.70857925643,3376.327742822386,True,0.1372569883122492,241.9317085792564,96.77268343170256,0.16457162516710122,0.16457162516710122,3.0,0.25,pareto,closest
4,thickness_grids_L10000mm.csv,47,23,149,10.0,1.5,1.5114834466915903,0.0114834466915904,70.68583470577035,70.68583470577035,3.798753046155582,2.7895600478609444,2030.9187078552695,2030.9187078552695,274.9221520265987,750.0000000000002,245114.24761105317,3384.864513092116,True,0.1353683684941419,245.11424761105317,98.04569904442128,-0.21043995213905564,0.21043995213905564,3.0,0.25,pareto,closest
5,thickness_grids_L10000mm.csv,42,22,149,10.0,1.5,1.5106767262735912,0.0106767262735912,70.68583470577035,70.68583470577035,3.6628909252394166,3.227037518171197,2044.5188883007943,2044.5188883007943,285.11307132628616,750.0000000000002,234707.44053750543,3407.5314805013245,True,0.139452402693743,234.70744053750545,93.88297621500216,0.22703751817119722,0.22703751817119722,3.0,0.25,pareto,closest
0,thickness_grids_L10000mm.csv,35,21,147,10.0,1.48,1.489905860096392,0.009905860096392,68.81344548423083,68.81344548423083,3.5519414546349557,3.9911714914693057,2055.7741826355527,2055.7741826355527,297.65887436862096,750.0000000000003,223037.004168879,3426.290304392588,True,0.1447916200538208,223.037004168879,89.2148016675516,-0.008828508530694279,0.008828508530694279,4.0,0.25,pareto,closest
1,thickness_grids_L10000mm.csv,34,21,146,10.0,1.47,1.479905860096392,0.009905860096392,67.88667565142183,67.88667565142183,3.564002411089331,4.119465137576339,2054.5440842253424,2054.5440842253424,298.5070836027678,749.9999999999998,222299.32605858613,3424.2401403755707,True,0.1452911552955646,222.29932605858613,88.91973042343444,0.1194651375763387,0.1194651375763387,4.0,0.25,pareto,closest
2,thickness_grids_L10000mm.csv,36,21,148,10.0,1.49,1.4999058600963922,0.009905860096392,69.746498502347,69.746498502347,3.540002121846361,3.8676972773660383,2056.9934663889685,2056.9934663889685,296.82076505159466,750.0000000000001,223774.03584093487,3428.3224439816145,True,0.1442983509192474,223.77403584093489,89.50961433637394,-0.1323027226339617,0.1323027226339617,4.0,0.25,pareto,closest
0,thickness_grids_L5000mm.csv,91,58,148,5.0,1.49,1.5523068330255394,0.0623068330255393,34.8732492511735,34.8732492511735,8.878206986164876,0.985368827847956,1633.6163258691652,1633.6163258691652,132.73249548949232,750.0000000000002,403212.9866002215,2722.6938764486085,True,0.0812507155980288,403.2129866002215,322.5703892801772,-0.014631172152044014,0.014631172152044014,1.0,0.25,pareto,closest
1,thickness_grids_L5000mm.csv,90,58,147,5.0,1.48,1.5423068330255394,0.0623068330255393,34.40672274211541,34.40672274211541,8.908150433689862,1.016826212667702,1631.7723345712106,1631.7723345712106,132.94419134174868,750.0000000000002,401654.51925340376,2719.6205576186844,True,0.0814722670100195,401.65451925340375,321.323615402723,0.0168262126677019,0.0168262126677019,1.0,0.25,pareto,closest
2,thickness_grids_L5000mm.csv,89,57,149,5.0,1.5,1.5602452141795415,0.0602452141795414,35.34291735288517,35.34291735288517,8.700940691221641,1.0215707399017588,1644.627203647497,1644.6272036474968,134.74851671259214,749.9999999999999,395461.246021366,2741.0453394124947,True,0.0819325598006304,395.461246021366,316.3689968170928,0.02157073990175884,0.02157073990175884,1.0,0.25,pareto,closest
3,thickness_grids_L5000mm.csv,92,58,149,5.0,1.5,1.5623068330255394,0.0623068330255393,35.34291735288517,35.34291735288517,8.848563474406015,0.9550853780306212,1635.4463565866456,1635.4463565866458,132.52483280803096,750.0000000000003,404775.267649716,2725.7439276444097,True,0.0810328215745484,404.775267649716,323.8202141197728,-0.04491462196937879,0.04491462196937879,1.0,0.25,pareto,closest
4,thickness_grids_L5000mm.csv,93,59,147,5.0,1.48,1.5444043061123374,0.0644043061123372,34.40672274211541,34.40672274211541,9.056849616534096,0.9516741582814544,1622.6823039890437,1622.6823039890437,130.7857789158753,750.0000000000002,411008.12104884034,2704.470506648406,True,0.0805985118555642,411.00812104884034,328.8064968390723,-0.04832584171854559,0.04832584171854559,1.0,0.25,pareto,closest
5,thickness_grids_L5000mm.csv,94,60,145,5.0,1.46,1.526537633439935,0.0665376334399351,33.48309450196001,33.48309450196001,9.268464881584098,0.9500753834070343,1609.9360201190002,1609.9360201190002,129.1179764219039,750.0000000000002,417236.2776986516,2683.2267001983337,True,0.0802006879828429,417.2362776986516,333.7890221589213,-0.049924616592965654,0.049924616592965654,1.0,0.25,pareto,closest
6,thickness_grids_L5000mm.csv,88,57,148,5.0,1.49,1.5502452141795415,0.0602452141795414,34.8732492511735,34.8732492511735,8.730089652907845,1.0539622799130433,1642.8054404055586,1642.8054404055588,134.95973662882753,750.0000000000001,393928.9355089911,2738.009067342598,True,0.0821519903145134,393.9289355089911,315.1431484071929,0.053962279913043254,0.053962279913043254,1.0,0.25,pareto,closest
7,thickness_grids_L5000mm.csv,87,57,147,5.0,1.48,1.5402452141795415,0.0602452141795414,34.40672274211541,34.40672274211541,8.759533546457256,1.0876094748391616,1640.9697338321432,1640.969733832143,135.17505872177617,750.0000000000003,392400.34460711665,2734.949556386905,True,0.0823751078004973,392.40034460711666,313.9202756856933,0.0876094748391616,0.0876094748391616,1.0,0.25,pareto,closest
8,thickness_grids_L5000mm.csv,86,56,149,5.0,1.5,1.5582194495743436,0.0582194495743435,35.34291735288517,35.34291735288517,8.553403885677305,1.093899340038574,1653.916455198232,1653.916455198232,137.04803170289517,749.9999999999998,386246.5401681842,2756.527425330387,True,0.0828627294154765,386.2465401681842,308.99723213454735,0.09389934003857392,0.09389934003857392,1.0,0.25,pareto,closest
9,thickness_grids_L5000mm.csv,85,56,148,5.0,1.49,1.5482194495743435,0.0582194495743435,34.8732492511735,34.8732492511735,8.582058585323951,1.1285842452117438,1652.1032897621678,1652.1032897621678,137.26292903329454,750.0000000000001,384744.0634220927,2753.5054829369465,True,0.0830837453589566,384.7440634220927,307.79525073767417,0.12858424521174383,0.12858424521174383,1.0,0.25,pareto,closest
10,thickness_grids_L5000mm.csv,84,56,147,5.0,1.48,1.5382194495743435,0.0582194495743435,34.40672274211541,34.40672274211541,8.611003215845233,1.1646137073783769,1650.276200606445,1650.276200606445,137.48199987762072,750.0000000000001,383245.2136114642,2750.460334344075,True,0.0833084788031838,383.2452136114642,306.59617088917133,0.16461370737837688,0.16461370737837688,1.0,0.25,pareto,closest
11,thickness_grids_L5000mm.csv,83,55,149,5.0,1.5,1.5562295392099454,0.0562295392099454,35.34291735288517,35.34291735288517,8.405957584872858,1.1726934555935036,1663.315806350251,1663.3158063502513,139.427224306496,750.0000000000001,377130.7868023318,2772.1930105837523,True,0.0838248658337683,377.1307868023318,301.70462944186545,0.17269345559350358,0.17269345559350358,1.0,0.25,pareto,closest
12,thickness_grids_L5000mm.csv,82,55,148,5.0,1.49,1.5462295392099454,0.0562295392099454,34.8732492511735,34.8732492511735,8.434118325679252,1.2098767318015533,1661.5115791402764,1661.5115791402764,139.64592531985647,750.0,375658.00539261417,2769.185965233794,True,0.0840475185807095,375.65800539261414,300.52640431409134,0.2098767318015533,0.2098767318015533,1.0,0.25,pareto,closest
13,thickness_grids_L5000mm.csv,81,55,147,5.0,1.48,1.5362295392099454,0.0562295392099454,34.40672274211541,34.40672274211541,8.46256399943951,1.2485014141145303,1659.693450286769,1659.693450286769,139.8688736338415,749.9999999999998,374188.7596390644,2766.155750477948,True,0.0842739203493719,374.1887596390644,299.35100771125155,0.2485014141145303,0.2485014141145303,1.0,0.25,pareto,closest
0,thickness_grids_L5000mm.csv,62,48,149,5.0,1.5,1.5433040854015585,0.0433040854015584,35.34291735288517,35.34291735288517,7.376823071430174,1.9772237091204063,1732.338700843614,1732.3387008436143,158.69594500409715,750.0000000000003,316064.6085724174,2887.2311680726907,True,0.0916079199332182,316.0646085724174,252.8516868579339,-0.022776290879593653,0.022776290879593653,2.0,0.25,pareto,closest
1,thickness_grids_L5000mm.csv,61,48,148,5.0,1.49,1.5333040854015585,0.0433040854015584,34.8732492511735,34.8732492511735,7.401536115767086,2.0399166958942794,1730.6074850808898,1730.6074850808898,158.94541430402202,750.0,314795.6722213648,2884.3458084681497,True,0.0918437113408144,314.7956722213648,251.83653777709185,0.039916695894279375,0.039916695894279375,2.0,0.25,pareto,closest
2,thickness_grids_L5000mm.csv,63,49,147,5.0,1.48,1.5250430160803568,0.0450430160803567,34.40672274211541,34.40672274211541,7.574141867731995,1.9456430245377796,1718.6209617513632,1718.6209617513632,156.12044041007292,750.0000000000001,321904.0540408469,2864.3682695856055,True,0.0908405308003331,321.90405404084686,257.5232432326775,-0.0543569754622204,0.0543569754622204,2.0,0.25,pareto,closest
3,thickness_grids_L5000mm.csv,60,48,147,5.0,1.48,1.5233040854015585,0.0433040854015584,34.40672274211541,34.40672274211541,7.426499208949315,2.105039970235236,1728.8626006363552,1728.8626006363554,159.1997277783345,749.9999999999999,313529.6699481411,2881.437667727259,True,0.0920835049122681,313.5296699481411,250.82373595851288,0.10503997023523581,0.10503997023523581,2.0,0.25,pareto,closest
4,thickness_grids_L5000mm.csv,64,49,148,5.0,1.49,1.5350430160803568,0.0450430160803567,34.8732492511735,34.8732492511735,7.548682495300932,1.885450987213955,1720.3775183381915,1720.3775183381915,155.87111921271642,749.9999999999998,323198.6512307896,2867.2958638969862,True,0.0906028575421521,323.1986512307896,258.5589209846317,-0.1145490127860449,0.1145490127860449,2.0,0.25,pareto,closest
5,thickness_grids_L5000mm.csv,59,47,149,5.0,1.5,1.54160100896356,0.0416010089635602,35.34291735288517,35.34291735288517,7.230309098284627,2.1424259642044703,1742.6809479790952,1742.680947979095,161.8872285170989,750.0000000000002,307729.71803305874,2904.468246631825,True,0.0928955060332942,307.72971803305876,246.183774426447,0.1424259642044703,0.1424259642044703,2.0,0.25,pareto,closest
6,thickness_grids_L5000mm.csv,65,49,149,5.0,1.5,1.5450430160803568,0.0450430160803567,35.34291735288517,35.34291735288517,7.523478142816014,1.8275052122506448,1722.1203637102192,1722.1203637102192,155.6265471862831,750.0000000000001,324496.2645693537,2870.2006061836987,True,0.0903691463533906,324.49626456935374,259.59701165548296,-0.17249478774935523,0.17249478774935523,2.0,0.25,pareto,closest
7,thickness_grids_L5000mm.csv,66,50,147,5.0,1.48,1.526817800999955,0.0468178009999549,34.40672274211541,34.40672274211541,7.721918427053112,1.8009268170592465,1708.5023607490657,1708.5023607490657,153.15674715723398,750.0000000000002,330375.0952763916,2847.5039345817763,True,0.0896438604217584,330.3750952763916,264.3000762211133,-0.1990731829407535,0.1990731829407535,2.0,0.25,pareto,closest
8,thickness_grids_L5000mm.csv,58,47,148,5.0,1.49,1.53160100896356,0.0416010089635602,34.8732492511735,34.8732492511735,7.25453130716578,2.210357115352573,1740.9617941795543,1740.9617941795543,162.14178818301608,750.0000000000002,306489.3055661922,2901.6029902992577,True,0.0931334557283762,306.4893055661922,245.19144445295376,0.21035711535257295,0.21035711535257295,2.0,0.25,pareto,closest
0,thickness_grids_L5000mm.csv,47,43,149,5.0,1.5,1.5351472456195667,0.0351472456195666,35.34291735288517,35.34291735288517,6.645850694451295,3.0014489278914773,1785.3224739422903,1785.3224739422906,176.0231966049457,750.0000000000003,275354.97001380636,2975.537456570484,True,0.0985946231978232,275.35497001380634,220.2839760110451,0.0014489278914773251,0.0014489278914773251,3.0,0.25,pareto,closest
1,thickness_grids_L5000mm.csv,48,44,147,5.0,1.48,1.5167069050943651,0.0367069050943651,34.40672274211541,34.40672274211541,6.837440944370945,2.929695944129618,1771.094006591333,1771.094006591333,172.8143670560695,749.9999999999999,280995.1964553147,2951.8233443188883,True,0.0975749262393304,280.99519645531467,224.79615716425175,-0.0703040558703818,0.0703040558703818,3.0,0.25,pareto,closest
2,thickness_grids_L5000mm.csv,46,43,148,5.0,1.49,1.5251472456195667,0.0351472456195666,34.8732492511735,34.8732492511735,6.668114913245501,3.0966176217882677,1783.6561546763005,1783.6561546763007,176.300289282585,750.0,274227.07862269005,2972.7602577938346,True,0.0988420827749618,274.22707862269004,219.38166289815203,0.09661762178826772,0.09661762178826772,3.0,0.25,pareto,closest
3,thickness_grids_L5000mm.csv,49,44,148,5.0,1.49,1.5267069050943651,0.0367069050943651,34.8732492511735,34.8732492511735,6.814457884571161,2.8390604239481068,1772.787712281923,1772.787712281923,172.53799584781692,749.9999999999999,282148.35932738293,2954.646187136538,True,0.0973258076262988,282.14835932738293,225.7186874619063,-0.16093957605189324,0.16093957605189324,3.0,0.25,pareto,closest
4,thickness_grids_L5000mm.csv,45,43,147,5.0,1.48,1.5151472456195667,0.0351472456195666,34.40672274211541,34.40672274211541,6.690604403443972,3.195475520896911,1781.9764339078586,1781.9764339078586,176.5827620195513,750.0,273101.7292333147,2969.9607231797645,True,0.0990937695131617,273.1017292333147,218.48138338665177,0.195475520896911,0.195475520896911,3.0,0.25,pareto,closest
5,thickness_grids_L5000mm.csv,50,44,149,5.0,1.5,1.5367069050943651,0.0367069050943651,35.34291735288517,35.34291735288517,6.791705040134628,2.7518072640680793,1774.4679552589662,1774.4679552589662,172.26688858196437,750.0,283304.1402337418,2957.446592098277,True,0.097080867575782,283.3041402337418,226.64331218699343,-0.2481927359319207,0.2481927359319207,3.0,0.25,pareto,closest
0,thickness_grids_L5000mm.csv,38,40,149,5.0,1.5,1.5306833926399712,0.0306833926399711,35.34291735288517,35.34291735288517,6.2094998479730945,3.9382818643511217,1818.6838464466791,1818.6838464466791,188.31799399165757,750.0,252085.103876588,3031.1397440777987,True,0.1035463059506416,252.085103876588,201.6680831012704,-0.06171813564887829,0.06171813564887829,4.0,0.25,pareto,closest
1,thickness_grids_L5000mm.csv,37,40,148,5.0,1.49,1.5206833926399712,0.0306833926399711,34.8732492511735,34.8732492511735,6.230302250791639,4.0631552672415685,1817.0623559987755,1817.0623559987755,188.614667836924,750.0000000000002,251039.88254656736,3028.4372599979597,True,0.1038019786245855,251.03988254656736,200.83190603725387,0.0631552672415685,0.0631552672415685,4.0,0.25,pareto,closest
2,thickness_grids_L5000mm.csv,39,41,147,5.0,1.48,1.5121354893923695,0.0321354893923697,34.40672274211541,34.40672274211541,6.397527522661294,3.822506665273504,1804.1418289246035,1804.1418289246035,184.6231312136342,750.0000000000001,257602.59683466275,3006.903048207673,True,0.1023329364985028,257.60259683466273,206.0820774677302,-0.17749333472649598,0.17749333472649598,4.0,0.25,pareto,closest
3,thickness_grids_L5000mm.csv,36,40,147,5.0,1.48,1.5106833926399712,0.0306833926399711,34.40672274211541,34.40672274211541,6.251315134226559,4.1928693755142525,1815.427673638109,1815.4276736381091,188.9171016230037,749.9999999999999,249996.9820292632,3025.7127893968486,True,0.1040620369328262,249.9969820292632,199.99758562341057,0.19286937551425254,0.19286937551425254,4.0,0.25,pareto,closest
