solenoid_length_m,ri,rf,th,b0,scan,stress,margin,rebco_pancake_length,rebco_total_length,converged
10.0,1.5,1.551162494629677,0.0511624946296769,8.018272064925716,0.0963068951871003,750.0,6.475105557266497,980.8371748506004,2452092.937126501,True
10.0,1.4747457627118643,1.5267547770949863,0.0520090143831217,8.153260056836434,0.1008825462377276,750.0000000000002,6.448021432981297,980.8371748505898,2452092.9371264745,True
10.0,1.4494915254237288,1.502375042065386,0.0528835166416572,8.292832333684466,0.1057644020070422,750.0000000000001,6.419902919277668,980.8371748506012,2452092.937126503,True
10.0,1.4242372881355934,1.4780246742397745,0.0537873861041811,8.437224504511418,0.1109791754818292,749.9999999999998,6.3907184072323595,980.8371748506022,2452092.9371265057,True
10.0,1.3989830508474577,1.453705149369783,0.0547220985223253,8.586688473806241,0.1165564775540632,749.9999999999997,6.360434912046859,980.8371748506,2452092.9371265,True
10.0,1.3737288135593222,1.4294180417039886,0.0556892281446663,8.74149386411027,0.122529195676451,750.0,6.329017989573209,980.837174850598,2452092.9371264954,True
10.0,1.3484745762711865,1.40516503215655,0.0566904558853635,8.901929589217065,0.1289339307543702,750.0000000000005,6.296431646581406,980.83717485059,2452092.937126475,True
10.0,1.3232203389830508,1.380947917281525,0.0577275782984745,9.068305596776831,0.1358115026342111,750.0000000000001,6.2626382442106285,980.837174850597,2452092.9371264926,True
10.0,1.297966101694915,1.3567686191443469,0.0588025174494315,9.240954801834844,0.1432075366509337,750.0000000000001,6.22759839399943,980.837174850598,2452092.9371264954,True
10.0,1.2727118644067796,1.3326291961935786,0.0599173317867989,9.4202352360001,0.1511731462822206,749.9999999999997,6.191270845824399,980.8371748506006,2452092.9371265015,True
10.0,1.2474576271186442,1.3085318552493252,0.061074228130681,9.606532440639482,0.159765730146263,750.0,6.153612367006033,980.837174850591,2452092.9371264777,True
10.0,1.2222033898305085,1.284478964739769,0.0622755749092605,9.800262136824404,0.1690499055335399,750.0,6.114577611763323,980.8371748505942,2452092.9371264856,True
10.0,1.196949152542373,1.2604730693345525,0.0635239167921795,10.00187320984399,0.17909860558451,749.9999999999999,6.07411898011195,980.8371748505922,2452092.9371264805,True
10.0,1.1716949152542373,1.2365169061433805,0.0648219908891429,10.211851052088562,0.1899943733806811,750.0000000000001,6.032186465203776,980.837174850603,2452092.9371265075,True
10.0,1.1464406779661018,1.212613422670695,0.0661727447045932,10.43072131518403,0.2018308939523685,749.9999999999999,5.988727487993435,980.837174850594,2452092.937126485,True
10.0,1.121186440677966,1.188765796742945,0.0675793560649788,10.659054130642314,0.2147148149776291,749.9999999999998,5.943686717997351,980.8371748505916,2452092.937126478,True
10.0,1.0959322033898309,1.164977458654309,0.0690452552644782,10.897468868260214,0.2287679193536418,750.0000000000001,5.8970058787732045,980.837174850601,2452092.9371265024,True
5.0,1.5,1.6040212180007505,0.1040212180007502,11.433149947212613,0.234828203481818,750.0000000000002,7.241969953704081,2028.7404307020356,2535925.5383775444,True
10.0,1.070677966101695,1.141252115810273,0.0705741497085781,11.146639513389411,0.2441297286618027,750.0,5.848623536591564,980.837174850602,2452092.9371265047,True
5.0,1.4747457627118643,1.580430046675021,0.1056842839631564,11.62243665035002,0.246255411290553,749.9999999999999,7.223309286622584,2028.740430702033,2535925.5383775416,True
5.0,1.4494915254237288,1.5568910527303503,0.1073995273066215,11.817997838774978,0.2584691719348244,750.0,7.203077934320303,2028.7404307020256,2535925.538377532,True
10.0,1.0454237288135593,1.1175937801867943,0.072170051373235,11.407300758433797,0.2609606368873274,750.0,5.798474870595862,980.8371748505892,2452092.9371264735,True
5.0,1.4242372881355934,1.5334066390597243,0.1091693509241309,12.020146191481231,0.2715402636611545,750.0,7.181222698596555,2028.7404307020208,2535925.538377526,True
10.0,1.0201694915254238,1.094006798966535,0.0738373074411111,11.68025492103225,0.2794457000287608,750.0,5.746491422558031,980.8371748506004,2452092.937126501,True
5.0,1.3989830508474577,1.5099793522942857,0.110996301446828,12.229215242741343,0.2855473965899877,750.0,7.157688761776871,2028.7404307020292,2535925.5383775365,True
10.0,0.9949152542372882,1.0704958887636191,0.0755806345263309,11.966379822016624,0.2997992413881336,750.0000000000002,5.692600824107243,980.8371748505984,2452092.9371264963,True
5.0,1.3737288135593222,1.486611893198663,0.1128830796393407,12.445561131308562,0.3005782837295926,749.9999999999999,7.132419629551205,2028.740430702032,2535925.53837754,True
5.0,1.3484745762711865,1.4633071279285037,0.1148325516573172,12.669564527241128,0.3167308821041256,749.9999999999998,7.105357070324587,2028.740430702035,2535925.538377543,True
10.0,0.9696610169491526,1.047066173905273,0.0774051569561202,12.266637781223777,0.3222704770264486,750.0000000000003,5.636726499068303,980.8371748505976,2452092.937126494,True
5.0,1.3232203389830508,1.44006810022826,0.1168477612452092,12.901632757658671,0.3341148352087966,749.9999999999998,7.076441050752766,2028.7404307020297,2535925.538377537,True
10.0,0.9444067796610168,1.023723229303436,0.079316449642419,12.582085919641766,0.3471504247595822,750.0000000000003,5.578787338266532,980.8371748506012,2452092.9371265033,True
5.0,1.297966101694915,1.416898044654486,0.1189319429595705,13.142202155713052,0.352853154528028,750.0000000000003,7.045609667101389,2028.7404307020483,2535925.53837756,True
5.0,1.2727118644067796,1.3938004009177178,0.1210885365109382,13.391740660504963,0.3730841859108905,750.0,7.01279907203373,2028.74043070204,2535925.53837755,True
10.0,0.9191525423728814,1.0004731285228474,0.081320586149966,12.913887993523662,0.3747804382327911,749.9999999999998,5.518697343834402,980.8371748506004,2452092.9371265005,True
5.0,1.2474576271186442,1.370778829444447,0.1233212023258027,13.650750699692054,0.3949639165950071,750.0,6.977943396392756,2028.7404307020436,2535925.5383775546,True
10.0,0.8938983050847458,0.9773224977350844,0.0834241926503385,13.263328031731444,0.405562812152444,750.0,5.4563652397107125,980.837174850597,2452092.9371264926,True
5.0,1.2222033898305085,1.3478372282697182,0.1256338384392097,13.919772391217856,0.4186686911266189,749.9999999999998,6.940974665503963,2028.7404307020377,2535925.538377547,True
10.0,0.8686440677966102,0.9542785763413136,0.0856345085447035,13.631826103893845,0.4399740457062785,750.0000000000001,5.391694044617152,980.8371748505974,2452092.9371264935,True
5.0,1.196949152542373,1.3249797513805692,0.1280305988381962,14.19938710607335,0.4443984200159719,750.0000000000001,6.901822709478112,2028.7404307020367,2535925.538377546,True
5.0,1.1716949152542373,1.302210828640756,0.1305159133865188,14.49022144043959,0.4723803845754971,749.9999999999998,6.860415066948189,2028.7404307020456,2535925.538377557,True
10.0,0.8433898305084746,0.931349285150784,0.0879594546423093,14.020956616869812,0.478581542875193,750.0000000000005,5.324580603350381,980.837174850598,2452092.937126495,True
3.0,1.5,1.670238529600701,0.1702385296007009,14.626279280138071,0.4812538734709342,749.9999999999999,6.771914320287508,3391.0146633089134,2543260.997481685,True
5.0,1.1464406779661018,1.279535187437995,0.1330945094718931,14.792951653141158,0.5028737661697632,749.9999999999999,6.816676881618866,2028.7404307020408,2535925.538377551,True
3.0,1.4747457627118643,1.6475957666852967,0.1728500039734322,14.863691401470206,0.5053166932841502,750.0000000000001,6.771995671228802,3391.014663308912,2543260.997481684,True
3.0,1.5,1.665238375565981,0.1652383755659809,14.409880870696984,0.5108202712634027,750.0000000000002,6.720830691626503,3286.2243377237623,2464668.253292822,True
10.0,0.818135593220339,0.9085433031175556,0.0904077098972166,14.432469624280488,0.5220647913366366,750.0,5.254915071722784,980.8371748506,2452092.9371265005,True
3.0,1.4494915254237288,1.6250299775813122,0.1755384521575833,15.108761077808888,0.5310859280171314,750.0000000000001,6.770616226501184,3391.0146633089093,2543260.997481682,True
5.0,1.121186440677966,1.2569578762061744,0.1357714355282082,15.108308633302352,0.5361750595868244,750.0000000000001,6.770530790953656,2028.7404307020383,2535925.538377548,True
3.0,1.4747457627118643,1.6425266853522429,0.1677809226403783,14.644119769419968,0.5363117063952378,750.0000000000002,6.721415474412506,3286.2243377237687,2464668.2532928265,True
3.0,1.4242372881355934,1.602544413948812,0.1783071258132185,15.36185761233891,0.5587198803597664,750.0000000000002,6.767702487792408,3391.0146633089066,2543260.99748168,True
3.0,1.4494915254237288,1.6198902832392184,0.1703987578154895,14.885928666089326,0.5636071245499258,750.0000000000002,6.720558621462343,3286.224337723764,2464668.253292823,True
10.0,0.7928813559322034,0.885870153764451,0.0929887978322475,14.868315743505391,0.571242425974027,750.0000000000005,5.1825803499186565,980.8371748505956,2452092.93712649,True
5.0,1.0959322033898309,1.2344842899865107,0.13855208659668,15.43708347372773,0.5726245704461128,750.0000000000002,6.721896806260538,2028.7404307020383,2535925.538377548,True
3.0,1.3989830508474577,1.580142500637576,0.1811594497901183,15.623374084244382,0.588395125851179,749.9999999999999,6.763178036712333,3391.0146633088934,2543260.99748167,True
3.0,1.4242372881355934,1.597332370038702,0.1730950819031085,15.135673469491978,0.5928735378727716,749.9999999999999,6.718186995235553,3286.2243377237633,2464668.2532928223,True
5.0,1.070677966101695,1.2121201982032443,0.1414422321015493,15.78013373818778,0.6126142481938934,750.0000000000001,6.670692183374186,2028.7404307020497,2535925.538377562,True
3.0,1.3737288135593222,1.5578278463828457,0.1840990328235234,15.89372927549632,0.620309049421704,750.0,6.75696345722297,3391.0146633089207,2543260.9974816907,True
3.0,1.3989830508474577,1.5748563185307056,0.1758732676832479,15.393743700670733,0.6242971997694837,750.0,6.714224526830249,3286.2243377237555,2464668.2532928167,True
10.0,0.7676271186440679,0.863340302559516,0.0957131839154481,15.33067541317898,0.6271070927865123,750.0,5.107451458395609,980.8371748506016,2452092.9371265043,True
3.0,1.3484745762711865,1.535604255207854,0.1871296789366674,16.173369787684727,0.6546827951241269,750.0,6.74897625961622,3391.014663308911,2543260.9974816833,True
5.0,1.0454237288135593,1.1898717748409098,0.1444480460273505,16.138390525923686,0.6565971729416842,750.0000000000002,6.616831283058802,2028.7404307020329,2535925.538377541,True
3.0,1.3737288135593222,1.5524656842135771,0.1787368706542549,15.660554410405682,0.6580862712450906,750.0000000000002,6.708592136358892,3286.224337723767,2464668.253292825,True
10.0,0.7423728813559323,0.8409652666540228,0.0985923852980905,15.821993400807866,0.6908707499990359,749.9999999999999,5.029394849746048,980.8371748506004,2452092.937126501,True
3.0,1.3232203389830508,1.5134757385769788,0.190255399593928,16.46277237125705,0.691764706603195,750.0000000000002,6.739130806452629,3391.0146633089016,2543260.9974816763,True
3.0,1.3484745762711865,1.530164216777854,0.1816896405066674,15.936548286101608,0.6944739209078448,749.9999999999998,6.701207654703113,3286.224337723756,2464668.253292817,True
5.0,1.0201694915254238,1.1677456312210517,0.1475761396956276,16.512866454854695,0.7050991011007481,750.0,6.560225420180225,2028.7404307020336,2535925.538377542,True
3.0,1.297966101694915,1.491446528344817,0.1934804266499017,16.762446492624072,0.7318343523882448,749.9999999999999,6.727338240900346,3391.014663308906,2543260.9974816795,True
3.0,1.3232203389830508,1.507955872350397,0.1847355333673461,16.22219797038126,0.7337219399206085,750.0000000000001,6.691985747052238,3286.2243377237673,2464668.2532928255,True
5.0,0.9949152542372882,1.1457488515860088,0.1508335973487206,16.904664706883953,0.7587325881717187,749.9999999999999,6.500782700612383,2028.7404307020415,2535925.538377552,True
10.0,0.7171186440677967,0.8187577385377178,0.1016390944699211,16.345019696774855,0.7640240746019766,750.0000000000001,4.9482676491382565,980.8371748505972,2452092.937126493,True
3.0,1.2727118644067796,1.4695210905476972,0.1968092261409175,17.07293716819565,0.7752072505914653,750.0000000000001,6.713506417937234,3391.014663308907,2543260.9974816805,True
3.0,1.297966101694915,1.485844826557175,0.1878787248622599,16.518008616774072,0.7761249704937943,750.0,6.680837838655897,3286.2243377237633,2464668.2532928223,True
5.0,0.9696610169491526,1.1238890317052992,0.1542280147561465,17.31498930524738,0.8182143563877088,750.0000000000001,6.438407844752744,2028.7404307020447,2535925.538377556,True
3.0,1.2727118644067796,1.4638354884546994,0.1911236240479197,16.824520711478726,0.8220154679690492,749.9999999999999,6.6676720432436065,3286.2243377237655,2464668.253292824,True
3.0,1.2474576271186442,1.4477041400849795,0.2002465129663355,17.394828098604194,0.8222404331113929,750.0000000000001,6.697539838900002,3391.014663308918,2543260.9974816884,True
10.0,0.6918644067796611,0.7967317253093007,0.1048673185296396,16.902858224318724,0.8484151360601824,749.9999999999999,4.863916815057081,980.8371748505984,2452092.9371264963,True
3.0,1.2474576271186442,1.4419325153813911,0.1944748882627469,17.142313194359133,0.8717695432464113,750.0000000000002,6.652393094587186,3286.224337723771,2464668.2532928283,True
3.0,1.2222033898305085,1.4260006563378216,0.2037972665073131,17.72874514127884,0.8733390213470605,749.9999999999999,6.679339589882388,3391.0146633089175,2543260.997481688,True
2.0,1.5,1.748297205467099,0.2482972054670991,17.664072878046152,0.8740115205098788,750.0000000000001,5.725927462073138,5067.659872671199,2533829.9363355995,True
5.0,0.9444067796610168,1.102174320725312,0.1577675410642949,17.745156826180285,0.8843867729537064,750.0,6.373001996424009,2028.7404307020408,2535925.538377551,True
2.0,1.5,1.7435209262693072,0.2435209262693072,17.49335362888474,0.9086324580531644,750.0,5.7027823152663295,4962.869547086073,2481434.7735430365,True
2.0,1.4747457627118643,1.7266783670622234,0.2519326043503589,17.94461607890785,0.9189767932219896,749.9999999999999,5.736003190465492,5067.659872671192,2533829.936335596,True
3.0,1.2222033898305085,1.4201408287810098,0.1979374389505013,17.472006917219666,0.925813865690395,749.9999999999999,6.634902281698547,3286.224337723759,2464668.2532928195,True
3.0,1.196949152542373,1.404415899772791,0.2074667472304177,18.075360165285034,0.928964025505502,749.9999999999998,6.65880328449764,3391.0146633089043,2543260.997481678,True
10.0,0.6666101694915254,0.7749027053864781,0.1082925358949526,17.49902517810816,0.9463546897235204,750.0,4.776178211064149,980.8371748506004,2452092.937126501,True
2.0,1.4747457627118643,1.7218421196426756,0.2470963569308111,17.77154371731703,0.9553018349004008,750.0,5.713166275802187,4962.869547086066,2481434.773543033,True
5.0,0.9191525423728814,1.080613466484266,0.1614609241113845,18.19660978675084,0.9582445692052006,749.9999999999997,6.3044625158314105,2028.7404307020363,2535925.538377546,True
2.0,1.4494915254237288,1.7051594649531392,0.2556679395294103,18.233954089000317,0.967225291332748,750.0000000000001,5.745090459399351,5067.659872671201,2533829.9363356004,True
3.0,1.196949152542373,1.398465631050521,0.201516478508148,17.814268483134924,0.9846338485742936,750.0000000000002,6.6150973881694055,3286.2243377237637,2464668.2532928227,True
3.0,1.1716949152542373,1.3829554295765811,0.2112605143223438,18.435395339113423,0.9896416301676346,750.0000000000002,6.635825011529178,3391.0146633089075,2543260.9974816805,True
2.0,1.4494915254237288,1.7002620099896932,0.2507704845659644,18.05846911854559,1.0053733028828007,749.9999999999998,5.722572773786417,4962.869547086055,2481434.773543027,True
2.0,1.4242372881355934,1.6837443308174485,0.2595070426818551,18.532497911557098,1.0190701724132167,750.0000000000003,5.753123272250008,5067.659872671209,2533829.9363356046,True
5.0,0.8938983050847458,1.0592158645101533,0.1653175594254075,18.67093199942448,1.0409682872321704,750.0,6.232682755128186,2028.740430702038,2535925.5383775476,True
3.0,1.1716949152542373,1.3769124234642744,0.2052175082100371,18.169814517349835,1.048783392024054,750.0000000000001,6.592872636168911,3286.22433772377,2464668.2532928274,True
3.0,1.1464406779661018,1.3616251223659497,0.2151844443998476,18.80962791009641,1.0559742929355296,749.9999999999998,6.610295287993753,3391.014663308912,2543260.997481684,True
2.0,1.4242372881355934,1.6787844034463784,0.254547115310785,18.35453876236035,1.05917086969123,750.0000000000002,5.7309359923468115,4962.869547086071,2481434.7735430356,True
10.0,0.6413559322033898,0.7532878045728882,0.1119318723694984,18.137519309065233,1.0607587009235078,750.0000000000003,4.684875578167452,980.8371748505986,2452092.9371264963,True
2.0,1.3989830508474577,1.6624369748061212,0.2634539239586635,18.840684228685905,1.0748616625492788,750.0000000000005,5.760032058281476,5067.659872671221,2533829.93633561,True
2.0,1.3989830508474577,1.6574132848802203,0.2584302340327629,18.66018716690556,1.1170568451860816,749.9999999999998,5.738186527615455,4962.8695470860575,2481434.7735430286,True
3.0,1.1464406779661018,1.355487025224883,0.2090463472587811,18.539416428225117,1.1188965255095766,750.0000000000002,6.5681186356156385,3286.2243377237646,2464668.2532928237,True
3.0,1.121186440677966,1.3404311920135394,0.2192447513355733,19.19889554360779,1.1286540647836711,750.0,6.582101018135518,3391.0146633089016,2543260.9974816763,True
5.0,0.8686440677966102,1.0379916109077434,0.1693475431111332,19.16986624424305,1.1339664240589291,750.0000000000001,6.157551815009817,2028.7404307020352,2535925.5383775444,True
2.0,1.3737288135593222,1.6412415946006156,0.2675127810412934,19.1589774342366,1.1349923170936105,749.9999999999998,5.7657435086892335,5067.659872671224,2533829.9363356116,True
2.0,1.3737288135593222,1.6361528270739525,0.2624240135146301,18.97587646643406,1.1794372710674124,750.0000000000001,5.744251222721516,4962.869547086051,2481434.773543026,True
10.0,0.6161016949152542,0.7319059934330444,0.1158042985177901,18.822907146027894,1.1953436297141928,750.0000000000002,4.589819396112083,980.8371748506014,2452092.9371265033,True
3.0,1.121186440677966,1.3341955936884793,0.2130091530105131,18.92390572613588,1.195701377446665,750.0,6.540722339035459,3286.2243377237683,2464668.253292826,True
2.0,1.3484745762711865,1.6201625848950545,0.2716880086238677,19.487871864747472,1.1999031549271686,749.9999999999999,5.770180409036718,5067.659872671212,2533829.936335606,True
3.0,1.0959322033898309,1.3193802106252774,0.2234480072354467,19.60410230147979,1.2084786455919212,749.9999999999998,6.551125458851512,3391.014663308918,2543260.9974816884,True
5.0,0.8433898305084746,1.016951559319186,0.1735617288107114,19.695334684658103,1.2389289055234027,750.0000000000002,6.078954280610992,2028.7404307020367,2535925.538377546,True
2.0,1.3484745762711865,1.6150074003510757,0.266532824079889,19.3020986366958,1.246768251234757,750.0000000000005,5.749052998003487,4962.869547086057,2481434.773543028,True
2.0,1.3232203389830508,1.5992045473117216,0.2759842083286707,19.827894251808345,1.2700908328954768,750.0000000000003,5.773261468615626,5067.659872671208,2533829.936335604,True
3.0,1.0959322033898309,1.3130446458077945,0.2171124424179638,19.324179979454335,1.2800370090680382,750.0000000000001,6.510567002599684,3286.22433772376,2464668.25329282,True
3.0,1.070677966101695,1.298479130698054,0.2278011645963591,20.02622535255034,1.2963708235055162,750.0,6.517248192020293,3391.0146633089066,2543260.99748168,True
2.0,1.3232203389830508,1.593981582653138,0.2707612436700872,19.63937794123607,1.3195633545474328,750.0000000000001,5.752510677963243,4962.869547086061,2481434.7735430305,True
2.0,1.297966101694915,1.5783723007558017,0.2804061990608864,20.17960642245674,1.3461160631306277,750.0,5.774901147368294,5067.659872671213,2533829.9363356065,True
10.0,0.5908474576271187,0.7107783078641275,0.1199308502370088,19.560427051748903,1.3548975514949233,749.9999999999999,4.490805620437703,980.8371748506008,2452092.937126502,True
5.0,0.818135593220339,0.9961073821082777,0.1779717888879386,20.24946254731945,1.357895436745683,750.0,5.996769934808737,2028.7404307020397,2535925.5383775495,True
3.0,1.070677966101695,1.2920410808303615,0.2213631147286667,19.74120950015583,1.372873790969806,750.0000000000003,6.477532153810965,3286.2243377237633,2464668.2532928223,True
3.0,1.0454237288135593,1.2777353084771346,0.2323115796635753,20.466322524428698,1.393402122037213,750.0000000000001,6.480345104162149,3391.0146633089093,2543260.997481682,True
2.0,1.297966101694915,1.5730801700765535,0.2751140683816382,19.9882736251442,1.398402298807236,749.9999999999999,5.7545388155941275,4962.869547086072,2481434.773543036,True
2.0,1.2727118644067796,1.5576708922124238,0.2849590278056442,20.54360827804259,1.428613520758745,749.9999999999999,5.775009481131595,5067.659872671205,2533829.936335603,True
3.0,1.0454237288135593,1.271192204280719,0.2257684754671598,20.176044867674456,1.4753381838544342,750.0000000000002,6.441493566261547,3286.224337723762,2464668.2532928213,True
2.0,1.2727118644067796,1.552308187874033,0.2795963234672534,20.34938288659803,1.4839411708925834,750.0000000000001,5.7550475148370985,4962.8695470860575,2481434.7735430286,True
5.0,0.7928813559322034,0.9754716358672352,0.1825902799350316,20.834605705171363,1.4933435521829728,750.0,5.910873446837189,2028.7404307020367,2535925.538377546,True
3.0,1.0201694915254238,1.257156528520595,0.2369870369951712,20.925540825067262,1.5008217074972734,750.0,6.440288373798245,3391.014663308915,2543260.997481686,True
2.0,1.2474576271186442,1.5371056079855236,0.2896479808668795,20.920541086458663,1.518303545383745,750.0000000000001,5.773491906094097,5067.659872671214,2533829.936335607,True
10.0,0.5655932203389831,0.689928094542601,0.1243348742036178,20.356117248151385,1.5456619636055513,749.9999999999995,4.387614280427363,980.837174850598,2452092.9371264954,True
2.0,1.2474576271186442,1.5316709019222965,0.2842132748036523,20.723344160994273,1.5769244955023098,750.0,5.753942252053065,4962.869547086067,2481434.7735430333,True
3.0,1.0201694915254238,1.25050575324421,0.230336261718786,20.62982541902231,1.5887430238451246,749.9999999999999,6.402323241831038,3286.224337723757,2464668.2532928176,True
2.0,1.2222033898305085,1.516681985373748,0.2944785955432394,21.31109112786613,1.6160060097923776,750.0000000000001,5.770249083503465,5067.659872671205,2533829.936335603,True
3.0,0.9949152542372882,1.2367510294625834,0.2418357752252952,21.40512608634416,1.6200919096027702,750.0000000000002,6.396946466795306,3391.014663308905,2543260.9974816786,True
5.0,0.7676271186440679,0.955057831272224,0.1874307126281562,21.453382954687683,1.6483029867237051,750.0,5.821134033881092,2028.7404307020377,2535925.5383775467,True
2.0,1.2222033898305085,1.511173830653565,0.2889704408230564,21.110840757664704,1.6781995370665483,750.0,5.751123697546567,4962.869547086061,2481434.7735430305,True
3.0,0.9949152542372882,1.2299899229553366,0.2350746687180483,21.103788856661502,1.7146247263152978,749.9999999999999,6.359889400610834,3286.2243377237737,2464668.25329283,True
2.0,1.196949152542373,1.4964058247734713,0.2994566722310983,21.715993740197593,1.7226568175375756,750.0000000000001,5.765176725818035,5067.659872671203,2533829.9363356014,True
3.0,0.9696610169491526,1.2165275309476464,0.2468665139984938,21.906433910603702,1.7529321050609694,750.0000000000002,6.35018413987753,3391.014663308912,2543260.997481684,True
10.0,0.5403389830508475,0.6693812824916654,0.1290422994408179,21.216974656950505,1.7758778487138132,750.0000000000001,4.280007920993665,980.8371748506004,2452092.937126501,True
2.0,1.196949152542373,1.4908227574433146,0.2938736049009416,21.51260489530529,1.788733310157914,750.0,5.746487538335361,4962.869547086071,2481434.7735430356,True
5.0,0.7423728813559323,0.934880507214328,0.1925076258583957,22.108713972328843,1.826505551445917,749.9999999999997,5.727415093019557,2028.740430702036,2535925.538377545,True
2.0,1.1716949152542373,1.4762832021928252,0.3045882869385878,22.136037817982643,1.839327602666217,750.0000000000002,5.7581654256653705,5067.659872671199,2533829.9363355995,True
3.0,0.9696610169491526,1.2096533946748929,0.2399923777257402,21.599282154180777,1.85478923661469,750.0000000000002,6.314056478741763,3286.224337723755,2464668.253292816,True
3.0,0.9444067796610168,1.196495261684059,0.252088482023042,22.430942136263187,1.9013732423913987,750.0000000000001,6.299862452352935,3391.014663308909,2543260.997481682,True
2.0,1.1716949152542373,1.470623743440727,0.2989288281864897,21.92942218947691,1.9096328885751424,749.9999999999999,5.739924303532185,4962.869547086059,2481434.7735430296,True
2.0,1.1464406779661018,1.4563204821533766,0.3098798041872748,22.572070826644516,1.9672493467742165,749.9999999999999,5.749100489150117,5067.659872671199,2533829.9363355995,True
3.0,0.9444067796610168,1.1895053648165357,0.2450985851555187,22.117773974761473,2.011369107711566,750.0000000000002,6.264685134220425,3286.2243377237633,2464668.2532928223,True
5.0,0.7171186440677967,0.9149553089994316,0.197836664931635,22.80386418648242,2.0325833900627033,749.9999999999998,5.629573800519617,2028.740430702034,2535925.5383775425,True
2.0,1.1464406779661018,1.4505831408210832,0.3041424628549813,22.36213665410017,2.042169749277586,750.0000000000001,5.7313191938877015,4962.869547086068,2481434.773543034,True
10.0,0.5150847457627119,0.649166681263911,0.134081935501199,22.151153802821565,2.0565799370599747,750.0000000000001,4.167729868912594,980.8371748506004,2452092.937126501,True
3.0,0.9191525423728814,1.1766639885342134,0.257511446161332,22.980265081835626,2.067825995070947,750.0,6.245838785934157,3391.014663308905,2543260.9974816786,True
2.0,1.121186440677966,1.436524330947511,0.3153378902695449,23.025004404644857,2.1078408099667194,750.0000000000003,5.737861775242513,5067.659872671204,2533829.936335602,True
3.0,0.9191525423728814,1.1695555752541895,0.2504030328813084,22.660868860367724,2.1868948244980966,750.0,6.211632260566662,3286.224337723759,2464668.2532928195,True
2.0,1.121186440677966,1.430707606430856,0.30952116575289,22.811656289048894,2.1878090739472813,750.0000000000001,5.72055191723691,4962.869547086067,2481434.7735430333,True
3.0,0.8938983050847458,1.157044046523767,0.2631457414390212,23.556169881195913,2.255166488252378,750.0000000000001,6.187966872324343,3391.0146633089053,2543260.997481679,True
2.0,1.0959322033898309,1.4169017302095996,0.320969526819769,23.495820638062277,2.2627429054129213,750.0000000000002,5.724323543174884,5067.6598726712145,2533829.9363356074,True
5.0,0.6918644067796611,0.8952990702358529,0.2034346634561917,23.54249812880059,2.272333878800114,749.9999999999999,5.5274606749919695,2028.7404307020352,2535925.5383775444,True
2.0,1.0959322033898309,1.4110041157862978,0.3150719123964671,23.278959338097536,2.3482451707245615,750.0,5.70749653179188,4962.869547086075,2481434.7735430375,True
3.0,0.8938983050847458,1.1498143447057043,0.2559160396209585,23.230323502701577,2.3843844942248267,750.0000000000001,6.1547510080418215,3286.2243377237646,2464668.2532928237,True
10.0,0.4898305084745763,0.6293163050312812,0.1394857965567049,23.16821844913699,2.4027734773219227,749.9999999999999,4.050502300306992,980.8371748505984,2452092.937126496,True
2.0,1.070677966101695,1.3974599907474026,0.3267820246457076,23.985579106820413,2.433860448456382,750.0,5.708354309973743,5067.659872671215,2533829.936335608,True
3.0,0.8686440677966102,1.137646369607425,0.2690023018108148,24.16059528944097,2.466844850219464,750.0,6.126096827980985,3391.0146633089075,2543260.9974816805,True
2.0,1.070677966101695,1.391479977374682,0.320802011272987,23.76510131603709,2.5254444884997045,750.0000000000001,5.692021299429088,4962.869547086065,2481434.7735430324,True
5.0,0.6666101694915254,0.8759298978035459,0.2093197283120205,24.328743260257127,2.5530773942988163,750.0000000000001,5.420919100275453,2028.7404307020383,2535925.538377548,True
3.0,0.8686440677966102,1.130292601044468,0.2616485332478578,23.82806547301205,2.607457384762629,750.0000000000001,6.0938908118554656,3286.224337723765,2464668.2532928237,True
2.0,1.0454237288135593,1.3782067665668,0.3327830377532408,24.495424819385683,2.6234131029046335,750.0,5.689816720455397,5067.659872671201,2533829.9363356004,True
3.0,0.8433898305084746,1.1184825219769083,0.2750926914684337,24.79567342195351,2.707023635094137,750.0,6.060075195153345,3391.0146633089084,2543260.9974816814,True
2.0,1.0454237288135593,1.3721428471939172,0.3267191183803579,24.27122292129236,2.7216980988898603,750.0000000000003,5.673988551326382,4962.869547086065,2481434.7735430324,True
2.0,1.0201694915254238,1.35915006900758,0.3389805774821561,25.026597174031583,2.8339978594476953,749.9999999999999,5.668567432208088,5067.6598726712,2533829.9363356,True
10.0,0.4645762711864407,0.6098657200525865,0.1452894488661458,24.27946360040682,2.8352133871777268,750.0000000000001,3.928024081317825,980.8371748505988,2452092.937126497,True
3.0,0.8433898305084746,1.111001914338018,0.2676120838295435,24.456214870496456,2.8604786647348424,750.0000000000002,6.02889742648999,3286.2243377237623,2464668.253292822,True
5.0,0.6413559322033898,0.8568672590133721,0.2155113268099823,25.16726684090724,2.8841461077058113,749.9999999999999,5.309784803034837,2028.740430702035,2535925.538377543,True
2.0,1.0201694915254238,1.3530007434507287,0.3328312519253049,24.798558971543816,2.939686047787718,749.9999999999998,5.653254568506214,4962.86954708606,2481434.77354303,True
3.0,0.818135593220339,1.099564729634735,0.281429136414396,25.463754994155057,2.980755654214045,750.0,5.989744987898498,3391.0146633089093,2543260.997481682,True
2.0,0.9949152542372882,1.3402982808905322,0.3453830266532439,25.580440110595585,3.068666055657054,750.0000000000001,5.644457018266517,5067.659872671208,2533829.936335604,True
3.0,0.818135593220339,1.0919545303498783,0.2738189371295393,25.117109453124655,3.148745296674487,749.9999999999998,5.959612964891613,3286.224337723766,2464668.2532928246,True
2.0,0.9949152542372882,1.334062061319874,0.3391468070825857,25.3484485255555,3.1825566717805587,750.0000000000002,5.6296694800325175,4962.86954708607,2481434.773543035,True
5.0,0.6161016949152542,0.8381320697086224,0.2220303747933681,26.06336918320373,3.2775601196276463,750.0,5.1938852788425045,2028.740430702036,2535925.538377545,True
3.0,0.7928813559322034,1.080905911884842,0.2880245559526384,26.167438762429335,3.2942142431015937,749.9999999999999,5.914945741302148,3391.014663308907,2543260.9974816805,True
2.0,0.9696610169491526,1.3216601705563094,0.3519991536071567,26.15841364815861,3.331018841057326,750.0000000000003,5.617329890347074,5067.659872671207,2533829.9363356037,True
10.0,0.4393220338983051,0.5908544103366803,0.1515323764383752,25.498332841011912,3.3831548844581203,750.0,3.799968346500465,980.8371748506004,2452092.937126501,True
2.0,0.9696610169491526,1.315335587646684,0.3456745706975315,25.922346385753535,3.4540248937248386,749.9999999999999,5.603077181779333,4962.869547086068,2481434.773543034,True
3.0,0.7928813559322034,1.0731634041666334,0.2802820482344299,25.8133339467027,3.4787266717875425,750.0000000000001,5.885875940809066,3286.224337723763,2464668.2532928223,True
2.0,0.9444067796610168,1.303244905654252,0.3588381259932351,26.762107042691593,3.6253261842338858,750.0000000000001,5.5870242456430175,5067.65987267121,2533829.936335605,True
3.0,0.7676271186440679,1.0625197123067909,0.294892593662723,26.90960603655093,3.654993929703711,750.0,5.835513561539341,3391.014663308909,2543260.997481682,True
5.0,0.5908474576271187,0.8197467816228619,0.2288993239957432,27.023097676235512,3.7489753233993057,750.0000000000001,5.073039158810505,2028.7404307020363,2535925.538377546,True
2.0,0.9444067796610168,1.296830515452453,0.3524237357914364,26.52183621451487,3.758494738371889,750.0000000000001,5.573315278829254,4962.8695470860675,2481434.7735430337,True
3.0,0.7676271186440679,1.0546422335253889,0.287015114881321,26.54775439653819,3.858378721783104,750.0,5.807521311984324,3286.2243377237633,2464668.2532928223,True
2.0,0.9191525423728814,1.285062066514532,0.3659095241416507,27.39325384628247,3.956676124037015,750.0,5.553372040265388,5067.659872671203,2533829.9363356014,True
3.0,0.7423728813559323,1.0444205286834518,0.3020476473275195,27.69346135249969,4.072506535850578,750.0,5.751281173680563,3391.0146633089093,2543260.997481682,True
10.0,0.4140677966101695,0.5723261525872843,0.1582583559771147,26.84096704283756,4.0887126548305295,750.0,3.665979767942291,980.8371748505996,2452092.937126499,True
2.0,0.9191525423728814,1.2785564580766524,0.359403915703771,27.14864554444763,4.101212958389049,750.0,5.540215054656218,4962.8695470860675,2481434.7735430337,True
3.0,0.7423728813559323,1.0364054913161818,0.2940326099602495,27.32355864291869,4.297557605485779,750.0,5.724380521186742,3286.2243377237637,2464668.2532928227,True
5.0,0.5655932203389831,0.8017354667781834,0.2361422464392003,28.053387408762813,4.319031548678236,750.0000000000003,4.947055506433135,2028.740430702038,2535925.538377547,True
2.0,0.8938983050847458,1.267121658909455,0.3732233538247091,28.05374920847406,4.331163142605943,750.0000000000002,5.516198992441724,5067.659872671208,2533829.936335604,True
2.0,0.8938983050847458,1.2605234627615485,0.3666251576768025,27.8046630215546,4.4884628966010185,750.0,5.50360147028335,4962.869547086065,2481434.7735430324,True
3.0,0.7171186440677967,1.0266235412420404,0.3095048971742437,28.522580677957084,4.558507971556817,750.0,5.662077963242307,3391.014663308907,2543260.9974816805,True
2.0,0.8686440677966102,1.2494341259795612,0.380790058182951,28.745669833620248,4.756127511395957,750.0,5.475324618531369,5067.659872671206,2533829.9363356032,True
3.0,0.7171186440677967,1.018468456618693,0.3013498125508963,28.14430428281436,4.808569721409881,750.0000000000001,5.6362815311941175,3286.2243377237637,2464668.2532928227,True
2.0,0.8686440677966102,1.24274202345347,0.3740979556568599,28.491958293164352,4.927810765077431,750.0000000000001,5.463293196564071,4962.869547086064,2481434.773543032,True
10.0,0.3888135593220339,0.5543293864287112,0.1655158271066772,28.32693753547945,5.013962508024557,749.9999999999999,3.525671449471136,980.837174850599,2452092.9371264977,True
5.0,0.5403389830508475,0.7841238960783138,0.2437849130274663,29.162236225305975,5.015300333180095,750.0000000000002,4.815733030869899,2028.74043070204,2535925.53837755,True
3.0,0.6918644067796611,1.0091447384450285,0.3172803316653672,29.400968893387592,5.12780596838807,750.0000000000002,5.567730006349229,3391.014663308905,2543260.9974816786,True
2.0,0.8433898305084746,1.232010359067318,0.3886205285588433,29.47129710009293,5.240461560660829,750.0000000000002,5.430562304760422,5067.659872671209,2533829.9363356046,True
3.0,0.6918644067796611,1.0008472435023237,0.3089828367226626,29.013975847918587,5.4069104041003735,749.9999999999997,5.543048848714718,3286.224337723764,2464668.253292823,True
2.0,0.8433898305084746,1.2252230925607372,0.3818332620522626,29.21280504395944,5.4284207325268365,750.0000000000001,5.419102682589293,4962.869547086068,2481434.773543034,True
2.0,0.818135593220339,1.2148617071659078,0.3967261139455688,30.233143963043357,5.7950045262544405,750.0000000000001,5.381719417294001,5067.65987267121,2533829.936335605,True
3.0,0.6666101694915254,0.9920009394311238,0.3253907699395983,30.33312878051966,5.799221247937353,749.9999999999998,5.468060081952394,3391.0146633089103,2543260.997481683,True
5.0,0.5150847457627119,0.7669396085181985,0.2518548627554866,30.35892488267199,5.8751474879437895,750.0,4.678859197982556,2028.7404307020372,2535925.5383775467,True
2.0,0.818135593220339,1.2079780913712712,0.3898424981509322,29.969707798697108,6.001461069288312,749.9999999999999,5.3708362629485205,4962.869547086065,2481434.7735430324,True
3.0,0.6666101694915254,0.983558826673396,0.3169486571818706,29.93705341421871,6.112266826559304,750.0,5.444503530845928,3286.2243377237623,2464668.253292822,True
10.0,0.3635593220338983,0.536917559205797,0.1733582371718986,29.980243796026,6.252874632688125,750.0000000000001,3.3786213495701247,980.8371748506004,2452092.937126501,True
2.0,0.7928813559322034,1.1979999846531542,0.4051186287209507,31.033986409427172,6.433055640242825,749.9999999999999,5.328597452816037,5067.6598726712045,2533829.9363356023,True
3.0,0.6413559322033898,0.9752098120585084,0.3338538798551185,31.32414440109677,6.59690812126959,749.9999999999997,5.362887657745919,3391.014663308909,2543260.997481682,True
2.0,0.7928813559322034,1.1910189187934308,0.3981375628612273,30.765433256458056,6.6606318276396275,750.0000000000002,5.318294306134523,4962.86954708606,2481434.77354303,True
3.0,0.6413559322033898,0.9666210628938862,0.3252651306904963,30.918595504250693,6.949895499196353,750.0,5.340463165890827,3286.2243377237605,2464668.2532928204,True
5.0,0.4898305084745763,0.7502119665994885,0.2603814581249122,31.654297034462186,6.950019332572453,750.0000000000001,4.536209213355388,2028.7404307020383,2535925.538377548,True
2.0,0.7676271186440679,1.181437476941485,0.4138103582974172,31.87690042178779,7.171046504826339,750.0000000000002,5.270992231139081,5067.659872671208,2533829.936335604,True
2.0,0.7676271186440679,1.1743579580420858,0.4067308393980179,31.60304710806995,7.422856212819832,750.0000000000001,5.261271405742094,4962.869547086068,2481434.773543034,True
3.0,0.6161016949152542,0.9587898853451474,0.3426881904298932,32.3797826244577,7.552191717406142,750.0000000000003,5.252028839124764,3391.0146633089093,2543260.997481682,True
10.0,0.3383050847457627,0.5201494161398245,0.1818443313940617,31.830699497198996,7.952079174681965,750.0000000000002,3.224368085004373,980.8371748505994,2452092.937126498,True
3.0,0.6161016949152542,0.9500527069247664,0.3339510120095122,31.96434001205769,7.952538035595986,750.0000000000002,5.230741818084018,3286.2243377237655,2464668.253292824,True
2.0,0.7423728813559323,1.1651869436347015,0.4228140622787693,32.765305648914776,8.029430108570443,749.9999999999999,5.2086941304731615,5067.659872671205,2533829.936335603,True
2.0,0.7423728813559323,1.1580080808490467,0.4156351994931144,32.48595752872707,8.309194554477019,750.0000000000001,5.199556615224066,4962.8695470860675,2481434.7735430337,True
5.0,0.4645762711864407,0.7339721926245621,0.2693959214381214,33.06111968384022,8.31199339922861,750.0000000000001,4.38754484127206,2028.7404307020377,2535925.538377547,True
3.0,0.5908474576271187,0.942760554938072,0.3519130973109534,33.50661775301557,8.706158572921288,750.0000000000001,5.135296267566056,3391.014663308908,2543260.997481681,True
2.0,0.7171186440677967,1.149261618742096,0.4321429746742994,33.70301729478143,9.03386753398096,750.0,5.141488364790287,5067.659872671206,2533829.9363356032,True
3.0,0.5908474576271187,0.9338734205672936,0.3430259629401748,33.08082806215445,9.163121595097222,750.0000000000001,5.115149922849104,3286.224337723765,2464668.2532928237,True
2.0,0.7171186440677967,1.1419826487336042,0.4248640046658075,33.41796684950457,9.346064106017725,750.0000000000001,5.132933725779528,4962.86954708606,2481434.77354303,True
5.0,0.4393220338983051,0.7182533795709936,0.2789313456726884,34.59455350746489,10.064018441538224,750.0000000000001,4.23261300869695,2028.7404307020383,2535925.538377548,True
3.0,0.5655932203389831,0.927142080080574,0.3615488597415909,34.7121858319557,10.113363027391763,750.0000000000001,5.012498950971666,3391.0146633089075,2543260.9974816805,True
2.0,0.6918644067796611,1.1336752074613965,0.4418108006817354,34.694308146706014,10.21682822134454,750.0000000000001,5.069155301164803,5067.659872671207,2533829.9363356037,True
10.0,0.3130508474576271,0.5040891963132131,0.191038348855586,33.91590402016615,10.348469220153522,750.0000000000001,3.0624058795733875,980.8371748505996,2452092.937126499,True
2.0,0.6918644067796611,1.1262955108263353,0.4344311040466742,34.40333331891417,10.566883632609317,750.0000000000001,5.06118158539288,4962.869547086065,2481434.7735430324,True
3.0,0.5655932203389831,0.9181037731929048,0.3525105528539216,34.275557338439484,10.638621157352702,750.0,4.993494115397046,3286.2243377237664,2464668.2532928246,True
2.0,0.6666101694915254,1.1184418790056048,0.4518317095140793,35.7439832037258,11.61977149792377,749.9999999999999,4.9914708129721586,5067.659872671209,2533829.9363356046,True
3.0,0.5403389830508475,0.911955570390979,0.3716165873401315,36.005177509234635,11.84721434760088,750.0,4.883442003469122,3391.0146633089084,2543260.9974816814,True
2.0,0.6666101694915254,1.1109609976990658,0.4443508282075403,35.44684540294673,12.014314951107664,749.9999999999999,4.984074455041258,4962.869547086064,2481434.773543032,True
5.0,0.4140677966101695,0.7030904692756195,0.2890226726654499,36.272775691433225,12.356326730273794,750.0,4.071144121455493,2028.7404307020367,2535925.538377546,True
3.0,0.5403389830508475,0.9027652319745436,0.362426248923696,35.5571736813125,12.455671311562602,750.0000000000002,4.865576970464026,3286.224337723766,2464668.2532928246,True
2.0,0.6413559322033898,1.103576254916962,0.462220322713572,36.857470084963474,13.296155375623044,750.0000000000001,4.908206662294331,5067.659872671208,2533829.936335604,True
2.0,0.6413559322033898,1.0959939106178749,0.454637978414485,36.55391178720193,13.743353918777956,750.0,4.9013823955440445,4962.8695470860675,2481434.7735430337,True
10.0,0.2877966101694915,0.4888066832305108,0.2010100730610192,36.28412338640724,13.840482342922268,750.0000000000001,2.8921782722247102,980.8371748505996,2452092.937126499,True
3.0,0.5150847457627119,0.8972229606291567,0.3821382148664448,37.39568152935865,14.007942345997511,750.0000000000005,4.747926265491621,3391.0146633089084,2543260.9974816814,True
3.0,0.5150847457627119,0.887880139869715,0.3727953941070031,36.935712944181795,14.718861224116417,749.9999999999999,4.7311966243364045,3286.224337723764,2464668.253292823,True
2.0,0.6161016949152542,1.089093392286225,0.4729916973709707,38.04092936404741,15.31563865356176,750.0000000000002,4.819130901689234,5067.65987267121,2533829.936335605,True
5.0,0.3888135593220339,0.6885201897615486,0.2997066304395147,38.117818347760824,15.413481883219765,749.9999999999999,3.9028499875660936,2028.7404307020372,2535925.5383775467,True
2.0,0.6161016949152542,1.081409505606656,0.4653078106914017,37.73067120612144,15.82564650963733,750.0000000000001,4.812871675322036,4962.869547086067,2481434.7735430333,True
3.0,0.4898305084745763,0.8829669715199849,0.3931364630454086,38.89549555196216,16.734598683759987,749.9999999999999,4.605747766017034,3391.01466330891,2543260.9974816823,True
3.0,0.4898305084745763,0.8734716792719093,0.3836411707973329,38.42290967324613,17.57322779664676,749.9999999999997,4.590146241386966,3286.2243377237655,2464668.253292824,True
2.0,0.5908474576271187,1.075008761279878,0.4841613036527593,39.301390288628525,17.770029390153116,750.0,4.724008281481038,5067.659872671204,2533829.936335602,True
2.0,0.5908474576271187,1.0672234716887616,0.476376014061643,38.98412753073491,18.35559746039938,749.9999999999999,4.71830518531018,4962.869547086062,2481434.773543031,True
10.0,0.2625423728813559,0.4743770465609984,0.2118346736796424,38.99863285176144,19.13060436602945,750.0000000000002,2.713069938315652,980.8371748506004,2452092.937126501,True
5.0,0.3635593220338983,0.6745809428336662,0.3110216207997678,40.156717854665345,19.58036773779734,750.0000000000003,3.727421194630615,2028.7404307020383,2535925.538377548,True
