row_i,col_j,solenoid_length_m,ri,rf,th,a,v,v_bore,b0,scan,je_sc,je_max,je_coil,stress,length_sc,j_crit,margin,converged,f_sc,length_sc_km,pancake_length_m
2,19,10.0,1.0,1.0485146801465195,0.0485146801465197,0.3122210110224952,31.41592653589793,31.41592653589793,9.562845687541914,1.036795481399779,796.2826534405434,796.2826534405434,160.1149675750881,750.0000000000002,1046346.5629976155,1327.1377557342391,1.6666666666666667,True,0.2010780554910625,1046.3465629976156,418.53862519904624
4,12,10.0,0.65,0.7843864283409786,0.1343864283409785,0.6055798997528377,13.273228961416876,13.273228961416876,19.741110934794605,1.0087873317750442,585.0964521252384,585.0964521252384,118.09750804532158,749.9999999999999,2037199.0755647712,975.160753542064,1.6666666666666667,True,0.2018428032102356,2037.1990755647712,814.8796302259085
8,8,10.0,0.4499999999999999,0.7629024432593163,0.3129024432593164,1.1922976772135223,6.36172512351933,6.36172512351933,36.203351908053406,1.0350543013370035,417.29173917092834,417.29173917092834,92.76155046243449,750.0000000000001,4417348.454697566,695.4862319515472,1.6666666666666663,True,0.222294241066771,4417.348454697566,1766.9393818790263
11,7,10.0,0.3999999999999999,0.8243716938706547,0.4243716938706547,1.6323360103090363,5.026548245743668,5.026548245743668,44.71917367062208,0.9749896334109732,365.4775718740198,365.4775718740198,84.5067173651789,750.0000000000001,6290552.803777272,609.1292864566997,1.6666666666666663,True,0.2312227175305531,6290.552803777272,2516.2211215109087
15,6,10.0,0.35,0.9104102144751504,0.5604102144751505,2.219053787769721,3.848451000647496,3.848451000647496,54.93758452423437,1.0425810224501666,319.18482500046304,319.18482500046304,78.66639973431742,750.0000000000002,9115145.76235419,531.9747083341051,1.6666666666666667,True,0.2464603376247705,9115.14576235419,3646.058304941676
16,6,10.0,0.35,0.935700954291524,0.585700954291524,2.3657332321348923,3.848451000647496,3.848451000647496,56.16354407624906,0.9544870426189556,314.475794316045,314.475794316045,76.97699767939062,749.9999999999999,9651354.455656936,524.126323860075,1.6666666666666667,True,0.2447787685752039,9651.354455656936,3860.541782262774
24,5,10.0,0.3,1.102974348655989,0.802974348655989,3.539168787056262,2.827433388230814,2.827433388230814,71.02982915309181,1.0426460647711528,267.48251352589864,267.48251352589864,71.15284124296976,750.0000000000003,15690864.64245358,445.80418920983107,1.6666666666666667,True,0.2660093189085442,15690.86464245358,6276.345856981432
25,5,10.0,0.3,1.1239403591981572,0.8239403591981571,3.685848231421433,2.827433388230814,2.827433388230814,71.95116370779651,0.99025877384449,265.0679828793624,265.0679828793624,70.26564148615496,750.0000000000003,16284406.713837098,441.779971465604,1.6666666666666667,True,0.2650853593213264,16284.4067138371,6513.762685534839
39,59,2.0,1.5,1.7751107867073384,0.2751107867073383,2.830632488004164,14.137166941154067,14.137166941154067,18.593396961750507,1.0388790983770195,602.6602131460764,602.6602131460764,103.09040824596838,749.9999999999999,1614016.5022636591,1004.433688576794,1.6666666666666667,True,0.1710589250745522,1614.016502263659,3228.033004527318
40,58,2.0,1.476271186440678,1.761631064027163,0.2853598775864852,2.9027291640480613,13.693427131927686,13.693427131927686,19.088154646743213,1.0401875052393512,594.9484413105581,594.9484413105581,101.18106893130064,750.0,1645527.686340213,991.5807355175968,1.6666666666666667,True,0.1700669535471309,1645.527686340213,3291.055372680426
40,59,2.0,1.5,1.7815631871562985,0.2815631871562984,2.9027291640480613,14.137166941154067,14.137166941154067,18.810176397807172,0.9918100418195506,599.2543782056206,599.2543782056206,102.04379034946233,749.9999999999998,1647633.553908188,998.7572970093676,1.6666666666666667,True,0.1702845970938376,1647.633553908188,3295.267107816376
41,57,2.0,1.4525423728813558,1.7483694745653937,0.2958271016840379,2.974825840091959,13.25676290052496,13.25676290052496,19.593189356853383,1.043908474597397,587.2968089842336,587.2968089842336,99.34752442828083,750.0,1677411.8202661134,978.8280149737228,1.6666666666666667,True,0.1691606746512186,1677.4118202661134,3354.823640532227
41,58,2.0,1.476271186440678,1.7681326563612918,0.2918614699206139,2.974825840091959,13.693427131927686,13.693427131927686,19.304380650656995,0.9943606325800666,591.6457777704743,591.6457777704743,100.18824167601244,750.0000000000001,1679172.3550889257,986.0762962841238,1.6666666666666667,True,0.1693382179681165,1679.1723550889258,3358.3447101778515
42,57,2.0,1.4525423728813558,1.7549201988517409,0.3023778259703851,3.046922516135857,13.25676290052496,13.25676290052496,19.808934981260073,0.999167869880198,584.0936064884379,584.0936064884379,98.4050591378988,749.9999999999998,1711098.9691734144,973.4893441473964,1.6666666666666667,True,0.1684748095934632,1711.0989691734144,3422.197938346829
42,58,2.0,1.476271186440678,1.7746104291469156,0.2983392427062377,3.046922516135857,13.693427131927686,13.693427131927686,19.517432288742636,0.9516487615842284,588.4307697389721,588.4307697389721,99.23299963647943,749.9999999999999,1712777.308083415,980.7179495649536,1.6666666666666667,True,0.168640058847533,1712.777308083415,3425.55461616683
43,56,2.0,1.428813559322034,1.741930776859487,0.313117217537453,3.1190191921797545,12.827174246945894,12.827174246945894,20.32433078470188,1.0062508567013206,576.5946464547121,576.5946464547121,96.69087191942748,750.0000000000002,1743458.6965592303,960.9910774245202,1.6666666666666667,True,0.1676929754966463,1743.4586965592302,3486.9173931184605
43,57,2.0,1.4525423728813558,1.761446561518003,0.3089041886366472,3.1190191921797545,13.25676290052496,13.25676290052496,20.021566549115857,0.9573940983475347,580.9739853337993,580.9739853337993,97.49751475287896,750.0000000000001,1744751.7868310933,968.2899755563324,1.6666666666666667,True,0.1678173501983254,1744.751786831093,3489.5035736621867
44,55,2.0,1.4050847457627118,1.729169416682074,0.3240846709193621,3.1911158682236525,12.40466117119048,12.40466117119048,20.85107963060831,1.015649956978198,569.1458710817124,569.1458710817124,95.0426048106302,750.0,1776298.952393806,948.576451802854,1.6666666666666667,True,0.1669916442159077,1776.298952393806,3552.597904787612
44,56,2.0,1.428813559322034,1.748505623701582,0.3196920643795482,3.1911158682236525,12.827174246945894,12.827174246945894,20.536607746414667,0.9652869816935968,573.5671727846936,573.5671727846936,95.82810822366504,750.0000000000001,1777173.981149848,955.9452879744896,1.6666666666666667,True,0.1670739065459681,1777.173981149848,3554.347962299696
45,54,2.0,1.3813559322033897,1.716641204501633,0.3352852722982433,3.26321254426755,11.989223673258715,11.989223673258715,21.389715173803296,1.0274271736241394,561.7444266273325,561.7444266273325,93.45745109171862,749.9999999999999,1809669.5003502532,936.240711045554,1.6666666666666667,True,0.1663700548892483,1809.6695003502532,3619.3390007005064
45,55,2.0,1.4050847457627118,1.7357926017627758,0.330707856000064,3.26321254426755,12.40466117119048,12.40466117119048,21.063064514140617,0.9753758762305336,566.2075005674088,566.2075005674088,94.22193477941003,750.0000000000003,1810091.4076506773,943.679167612348,1.6666666666666667,True,0.1664088424914686,1810.0914076506772,3620.1828153013544
46,53,2.0,1.3576271186440678,1.7043512817441355,0.3467241631000679,3.335309220311448,11.580861753150618,11.580861753150618,21.940795197149892,1.0416669472857905,554.3876152758087,554.3876152758087,91.93284884542612,750.0,1843622.704613163,923.9793587930144,1.6666666666666667,True,0.1658277463497978,1843.6227046131623,3687.245409226325
46,54,2.0,1.3813559322033897,1.7233125397729163,0.3419566075695268,3.335309220311448,11.989223673258715,11.989223673258715,21.601467844643107,0.9877294483961674,558.8922936441461,558.8922936441461,92.67639476083932,749.9999999999999,1843553.981487184,931.4871560735768,1.6666666666666667,True,0.1658215649325942,1843.553981487184,3687.107962974368
47,53,2.0,1.3576271186440678,1.711070535170494,0.3534434165264262,3.4074058963553453,11.580861753150618,11.580861753150618,22.15237311258777,1.002437507196436,551.6190181482997,551.6190181482997,91.18911312933167,749.9999999999999,1877614.2684089777,919.365030247166,1.6666666666666667,True,0.1653117643322732,1877.6142684089775,3755.228536817955
47,54,2.0,1.3813559322033897,1.7299581481886617,0.3486022159852719,3.4074058963553453,11.989223673258715,11.989223673258715,21.810360033669827,0.9504290782624644,556.1097075410779,556.1097075410779,91.92201030966388,749.9999999999998,1877420.9218472084,926.8495125684632,1.6666666666666667,True,0.1652947414209163,1877.4209218472083,3754.8418436944166
48,52,2.0,1.3338983050847455,1.699071733654753,0.3651734285700072,3.479502572399243,11.179575410866168,11.179575410866168,22.716362255378325,1.01961234951963,544.3852672044748,544.3852672044748,89.75792109017692,750.0000000000001,1912327.7584290449,907.3087786741246,1.6666666666666667,True,0.1648794089360674,1912.327758429045,3824.65551685809
48,53,2.0,1.3576271186440678,1.7177635055718246,0.3601363869277567,3.479502572399243,11.580861753150618,11.580861753150618,22.361133318731483,0.9655240471284936,548.9169211132504,548.9169211132504,90.47029907001944,750.0000000000003,1911592.484714792,914.8615351887508,1.6666666666666667,True,0.1648160142094689,1911.592484714792,3823.184969429584
49,51,2.0,1.3101694915254236,1.687321323597364,0.3771518320719402,3.551599248443141,10.785364646405371,10.785364646405371,23.294046133779847,1.039390543163806,537.1887477100934,537.1887477100934,88.38084001029824,749.9999999999999,1947753.1643232205,895.3145795168223,1.6666666666666667,True,0.1645247417914923,1947.7531643232203,3895.5063286464406
49,52,2.0,1.3338983050847455,1.7058117835360178,0.3719134784512721,3.551599248443141,11.179575410866168,11.179575410866168,22.92504306113867,0.9829911083966738,541.7612646347587,541.7612646347587,89.07268994043862,750.0000000000001,1946432.3697545144,902.9354410579311,1.6666666666666667,True,0.1644131756087971,1946.4323697545144,3892.864739509029
50,51,2.0,1.3101694915254236,1.6941081234124704,0.3839386318870468,3.6236959244870386,10.785364646405371,10.785364646405371,23.502698367539747,1.0029691583150917,534.6405721117203,534.6405721117203,87.72734467622942,749.9999999999999,1981999.6084079044,891.0676201862005,1.6666666666666667,True,0.1640865831220486,1981.9996084079044,3963.9992168158087
51,50,2.0,1.2864406779661015,1.6826577013640598,0.396217023397958,3.695792600530937,10.398229459768237,10.398229459768237,24.094740033492425,1.0256227051065052,527.5527689896577,527.5527689896577,86.43258848582302,750.0000000000001,2018356.8339675895,879.2546149827629,1.6666666666666667,True,0.1638368587304628,2018.3568339675896,4036.7136679351793
51,51,2.0,1.3101694915254236,1.700867842766711,0.3906983512412874,3.695792600530937,10.785364646405371,10.785364646405371,23.70869281222891,0.9685633857209768,532.1507908856718,532.1507908856718,87.09456858773987,750.0,2016242.1857739768,886.917984809453,1.6666666666666667,True,0.1636652055760101,2016.2421857739769,4032.4843715479537
52,50,2.0,1.2864406779661015,1.6894632356773984,0.4030225577112967,3.767889276574834,10.398229459768237,10.398229459768237,24.30078801007149,0.9912773407137736,525.1341951456271,525.1341951456271,85.82853937603998,750.0000000000002,2052760.584047034,875.2236585760453,1.6666666666666667,True,0.1634411549837056,2052.7605840470337,4105.521168094067
53,49,2.0,1.2627118644067796,1.6783166399815823,0.4156047755748029,3.839985952618732,10.018169850954752,10.018169850954752,24.90799074092874,1.016775746167346,518.1465685718824,518.1465685718824,84.61006814884206,749.9999999999999,2090151.6600934097,863.5776142864707,1.6666666666666667,True,0.1632936958012568,2090.1516600934096,4180.303320186819
53,50,2.0,1.2864406779661015,1.6962414655500282,0.4098007875839264,3.839985952618732,10.398229459768237,10.398229459768237,24.50428719105567,0.9587564776149669,522.7693496577772,522.7693496577772,85.24297683148399,749.9999999999999,2087165.4252274304,871.2822494296287,1.6666666666666667,True,0.163060395348899,2087.16542522743,4174.33085045486
54,48,2.0,1.2389830508474575,1.6674332300150612,0.4284501791676036,3.91208262866263,9.645185819964926,9.645185819964926,25.531012795416867,1.045282692293776,511.1860794380459,511.186079438046,83.43787389209534,750.0000000000001,2128486.867147888,851.97679906341,1.666666666666667,True,0.1632240728930251,2128.486867147888,4256.973734295776
54,49,2.0,1.2627118644067796,1.6851397060139648,0.4224278416071851,3.91208262866263,10.018169850954752,10.018169850954752,25.11161810764371,0.9841950315120636,515.848773367623,515.848773367623,84.05060174161159,750.0000000000003,2124737.041668276,859.7479556127051,1.6666666666666667,True,0.1629365156631134,2124.7370416682757,4249.474083336551
55,48,2.0,1.2389830508474575,1.6743006484213707,0.4353175975739132,3.9841793047065273,9.645185819964926,9.645185819964926,25.73481145421401,1.0125628035267216,508.9536007179313,508.9536007179313,82.9031722057119,750.0,2163269.2550008167,848.2560011965522,1.6666666666666667,True,0.1628894502146531,2163.269255000817,4326.538510001634
55,49,2.0,1.2627118644067796,1.691935256896845,0.4292233924900657,3.9841793047065273,10.018169850954752,10.018169850954752,25.312796191916792,0.9532777819613122,513.6005153230795,513.6005153230795,83.5076862690594,750.0000000000002,2159328.0217526103,856.0008588717993,1.6666666666666667,True,0.1625926839589112,2159.3280217526103,4318.656043505221
56,47,2.0,1.2152542372881356,1.6637294272235137,0.4484751899353778,4.056275980750425,9.279277366798755,9.279277366798755,26.374619370483636,1.0441172513328274,502.08213193889173,502.08213193889173,81.79961717410958,749.9999999999999,2202838.946532518,836.8035532314863,1.6666666666666667,True,0.1629207891908517,2202.838946532518,4405.677893065036
56,48,2.0,1.2389830508474575,1.681140013815026,0.4421569629675683,4.056275980750425,9.645185819964926,9.645185819964926,25.93618606709351,0.9814800579631864,506.7686354880802,506.76863548808024,82.38404039284694,750.0000000000002,2198060.290509948,844.6143924801338,1.666666666666667,True,0.1625673623496865,2198.060290509948,4396.120581019896
57,47,2.0,1.2152542372881356,1.6706120709953112,0.4553578337071755,4.128372656794323,9.279277366798755,9.279277366798755,26.576231347913964,1.012792535193094,499.9588918378845,499.95889183788455,81.30308812822119,749.9999999999997,2237846.960494533,833.2648197298076,1.666666666666667,True,0.1626195462377821,2237.846960494533,4475.693920989066
57,48,2.0,1.2389830508474575,1.687951667197775,0.4489686163503175,4.128372656794323,9.645185819964926,9.645185819964926,26.13520259189716,0.951924377541144,504.6294288330446,504.6294288330446,81.8797733315662,750.0,2232861.0398872276,841.0490480550743,1.6666666666666667,True,0.1622572300646697,2232.861039887227,4465.722079774455
58,46,2.0,1.1915254237288135,1.6603565131158928,0.4688310893870793,4.20046933283822,8.920444491456236,8.920444491456236,27.233728679680283,1.0475092172308251,493.1696903527298,493.1696903527298,80.2639433192467,749.9999999999999,2278770.9723470896,821.9494839212164,1.6666666666666667,True,0.1627511683896054,2278.77097234709,4557.541944694179
58,47,2.0,1.2152542372881356,1.67746647552224,0.4622122382341043,4.20046933283822,9.279277366798755,9.279277366798755,26.77550741016776,0.982976727229262,497.87956763249406,497.87956763249406,80.82056210767253,749.9999999999998,2272867.5411092783,829.7992793874902,1.6666666666666667,True,0.1623295418448053,2272.867541109278,4545.735082218556
59,46,2.0,1.1915254237288135,1.6672530807865158,0.4757276570577022,4.2725660088821185,8.920444491456236,8.920444491456236,27.433303302024083,1.017358126468233,491.148824941872,491.148824941872,79.8021059100705,749.9999999999998,2314028.8498700364,818.58137490312,1.6666666666666667,True,0.1624804984915013,2314.0288498700365,4628.057699740073
59,47,2.0,1.2152542372881356,1.6842929855719189,0.4690387482837832,4.2725660088821185,9.279277366798755,9.279277366798755,26.97250924445278,0.9545719576213796,495.8425837860663,495.8425837860663,80.35142541758655,749.9999999999999,2307901.608497374,826.4043063101105,1.6666666666666667,True,0.1620502716891588,2307.901608497374,4615.803216994748
8,58,5.0,1.4747457627118643,1.5376838890365927,0.0629381263247281,0.5956355306433345,34.16285762768983,34.16285762768983,8.969100449342744,1.0132075266171412,814.0164778742727,814.0164778742727,132.39547095757507,749.9999999999999,807308.0494689271,1356.6941297904546,1.6666666666666667,True,0.1626447062881495,807.308049468927,645.8464395751416
8,59,5.0,1.5,1.5619208296088831,0.0619208296088831,0.5956355306433345,35.34291735288517,35.34291735288517,8.82111157175676,0.967030157233632,818.5725530642137,818.5725530642138,132.93268316692007,749.9999999999998,806072.1982998879,1364.2875884403563,1.666666666666667,True,0.1623957249351995,806.072198299888,644.8577586399103
9,53,5.0,1.3484745762711865,1.4251068190004637,0.0766322427292771,0.6677322066872322,28.56310409724173,28.56310409724173,10.349871268134368,1.0378074756474285,774.0399021440943,774.0399021440943,122.90600997251168,749.9999999999997,883549.4249794552,1290.0665035734903,1.6666666666666667,True,0.1587851086643743,883.5494249794552,706.8395399835641
9,54,5.0,1.3737288135593222,1.449026092213307,0.0752972786539847,0.6677322066872322,29.642982123927535,29.642982123927535,10.16458607817321,0.9857712853464594,779.152959315099,779.152959315099,123.3615769790422,750.0,881004.7825209318,1298.588265525165,1.6666666666666667,True,0.1583278039365737,881.0047825209318,704.8038260167455
10,50,5.0,1.2727118644067796,1.3620904291784035,0.089378564771624,0.7398288827311299,25.443688055395786,25.443688055395786,11.505412753179414,0.999230251972272,743.7402049914232,743.7402049914232,115.79173382576252,749.9999999999999,959856.5521814412,1239.567008319039,1.6666666666666667,True,0.1556884151867221,959.8565521814412,767.8852417451529
11,47,5.0,1.196949152542373,1.300435006440266,0.1034858538978931,0.8119255587750277,22.50459907086703,22.50459907086703,12.765951922506934,0.992561694021459,713.5139281663161,713.5139281663161,109.7327991683553,750.0000000000001,1040564.413714188,1189.1898802771934,1.6666666666666663,True,0.1537920912775471,1040.5644137141878,832.4515309713503
12,44,5.0,1.121186440677966,1.2403435216540937,0.1191570809761275,0.8840222348189254,19.74583714365545,19.74583714365545,14.15375164894952,1.0157881516713023,683.1988982224821,683.1988982224821,104.54018290221084,750.0,1127244.28125342,1138.6648303708034,1.6666666666666667,True,0.1530157369606406,1127.24428125342,901.795425002736
12,45,5.0,1.1464406779661018,1.2632178137773895,0.1167771358112876,0.8840222348189254,20.64538811302407,20.64538811302407,13.856504190977272,0.9531978351612356,689.4520530431327,689.4520530431327,104.82159718375031,750.0000000000001,1120027.3970063268,1149.086755071888,1.6666666666666667,True,0.1520360940562644,1120.0273970063267,896.0219176050615
13,42,5.0,1.070677966101695,1.204447345794152,0.133769379692457,0.9561189108628232,18.006844224023947,18.006844224023947,15.346151647959392,0.9994275003075036,659.3168969680684,659.3168969680684,100.30347592402822,750.0000000000001,1212139.041145616,1098.8614949467806,1.6666666666666663,True,0.152132421276147,1212.139041145616,969.7112329164928
14,40,5.0,1.0201694915254238,1.1696311289803805,0.1494616374549566,1.0282155869067209,16.347996663200085,16.347996663200085,16.618019477913414,1.0030957872750652,635.7791548731819,635.7791548731819,96.5986550922866,750.0000000000002,1301870.3386598588,1059.6319247886363,1.6666666666666663,True,0.1519374366898754,1301.8703386598588,1041.496270927887
15,38,5.0,0.9696610169491526,1.1359941720701323,0.1663331551209796,1.1003122629506186,14.76929446118386,14.76929446118386,17.981669298321385,1.026491615773154,612.5049189419655,612.5049189419655,93.35372652853152,749.9999999999999,1397515.9887819912,1020.8415315699424,1.6666666666666667,True,0.1524130233758608,1397.5159887819912,1118.0127910255928
15,39,5.0,0.9949152542372882,1.1576254291870445,0.162710174949756,1.1003122629506186,15.548627392341016,15.548627392341016,17.55758876592306,0.9514257851715966,619.5401886659514,619.5401886659514,93.49655430471957,750.0000000000001,1383760.1811680123,1032.566981109919,1.6666666666666663,True,0.1509128156900435,1383.7601811680124,1107.0081449344098
16,37,5.0,0.9444067796610168,1.1247637624861035,0.1803569828250866,1.1724089389945165,14.009997869728608,14.009997869728608,18.973064983593368,0.9874862448935742,596.7229267799062,596.7229267799062,90.6079336692637,750.0000000000005,1483513.070727162,994.5382112998436,1.6666666666666667,True,0.1518425547317428,1483.513070727162,1186.8104565817296
17,35,5.0,0.8938983050847458,1.0932486544749769,0.1993503493902311,1.244505615038414,12.55151370592384,12.55151370592384,20.50288639047774,1.0446261487751012,574.0457667695023,574.0457667695023,88.0829361983858,750.0,1591332.3035904863,956.7429446158372,1.6666666666666667,True,0.1534423582532121,1591.3323035904866,1273.065842872389
17,36,5.0,0.9191525423728814,1.113992745411072,0.1948402030381907,1.244505615038414,13.270737617975268,13.270737617975268,19.989229391616806,0.9602261144466574,581.4460559599423,581.4460559599423,88.14333231815226,750.0000000000001,1572156.0477500055,969.0767599332372,1.6666666666666667,True,0.1515933101870154,1572.1560477500057,1257.7248382000046
18,34,5.0,0.8686440677966102,1.08334207060465,0.2146980028080397,1.3166022910823116,11.85232613357432,11.85232613357432,21.584581606376705,1.0294882941757757,559.1185685715835,559.1185685715835,85.89722831669361,749.9999999999999,1685576.9949998253,931.8642809526392,1.6666666666666667,True,0.1536297185338359,1685.5769949998253,1348.4615959998605
19,33,5.0,0.8433898305084746,1.0739380877753637,0.2305482572668891,1.388698967126209,11.17317490092671,11.17317490092671,22.699552907280943,1.0245898721217257,544.5978494510564,544.5978494510564,83.93026022458437,750.0000000000001,1783485.217609015,907.6630824184274,1.6666666666666667,True,0.1541141969421737,1783.485217609015,1426.7881740872122
20,32,5.0,0.818135593220339,1.0650500193931034,0.2469144261727643,1.460795643170107,10.51406000798101,10.51406000798101,23.851250315425805,1.0294260563795994,530.442622846811,530.442622846811,82.15942535525528,750.0000000000001,1885502.8711713136,884.0710380780183,1.6666666666666667,True,0.1548884305607215,1885.5028711713137,1508.402296937051
21,31,5.0,0.7928813559322034,1.0566908839608231,0.2638095280286199,1.532892319214005,9.874981454737217,9.874981454737217,25.043308132465658,1.043887054455022,516.6171024738929,516.6171024738929,80.56634513565777,750.0,1992119.0351325911,861.0285041231549,1.6666666666666667,True,0.1559498219277964,1992.1190351325913,1593.695228106073
22,31,5.0,0.7928813559322034,1.0674945943618024,0.2746132384295989,1.6049889952579026,9.874981454737217,9.874981454737217,25.55095831636564,0.963366469397703,510.9666386744448,510.9666386744449,79.02286514139206,750.0000000000001,2068478.633208969,851.6110644574081,1.666666666666667,True,0.1546536684790107,2068.478633208969,1654.782906567175
23,30,5.0,0.7676271186440679,1.0597567373837904,0.2921296187397225,1.6770856713018003,9.255939241195335,9.255939241195335,26.78324555053529,0.9901176450964204,497.7992084344872,497.7992084344872,77.70402032623784,749.9999999999999,2181540.5502803843,829.6653473908121,1.6666666666666667,True,0.1560951062389326,2181.540550280384,1745.2324402243073
24,29,5.0,0.7423728813559323,1.0525680637711816,0.3101951824152493,1.749182347345698,8.656933367355364,8.656933367355364,28.06448237200515,1.026517129982182,484.8757553586235,484.8757553586236,76.5238595310128,750.0000000000001,2300489.3996574488,808.1262589310394,1.666666666666667,True,0.1578215835403324,2300.4893996574488,1840.391519725959
25,29,5.0,0.7423728813559323,1.063413660631072,0.3210407792751397,1.8212790233895957,8.656933367355364,8.656933367355364,28.550887486323113,0.958331793293789,480.1603902942781,480.1603902942781,75.27398411791093,750.0000000000001,2379325.23958107,800.2673171571302,1.6666666666666667,True,0.156768416636319,2379.32523958107,1903.460191664856
26,28,5.0,0.7171186440677967,1.056853515421823,0.3397348713540263,1.8933756994334936,8.0779638332173,8.0779638332173,29.883063514522146,1.00577563268201,467.7470194082315,467.7470194082315,74.30504293194068,750.0000000000002,2506471.746392047,779.5783656803859,1.6666666666666667,True,0.1588573306697869,2506.471746392047,2005.1773971136377
28,27,5.0,0.6918644067796611,1.061722529783525,0.369858123003864,2.037569051521289,7.519030638781147,7.519030638781147,31.74370743536891,1.003162192883285,451.5429441007825,451.5429441007825,72.41688541296828,750.0000000000001,2723151.92557658,752.5715735013042,1.6666666666666667,True,0.1603765186878994,2723.1519255765797,2178.5215404612636
30,26,5.0,0.6666101694915254,1.067167119265957,0.4005569497744317,2.1817624036090844,6.980133784046901,6.980133784046901,33.6547779738123,1.0173612411694295,436.1331402850596,436.13314028505965,70.81237827903159,749.9999999999999,2951999.637434037,726.8885671417661,1.666666666666667,True,0.1623641308999085,2951.999637434037,2361.5997099472297
31,26,5.0,0.6666101694915254,1.077865828936127,0.4112556594446015,2.253859079652982,6.980133784046901,6.980133784046901,34.10126879114919,0.965116978057001,432.6978027398983,432.6978027398983,69.93377969927782,750.0000000000001,3035622.924968129,721.1630045664972,1.6666666666666667,True,0.1616226827509825,3035.6229249681287,2428.498339974503
32,25,5.0,0.6413559322033898,1.0731785236561928,0.431822591452803,2.3259557556968797,6.461273269014567,6.461273269014567,35.62490239816868,1.0482531249603877,421.4097167842669,421.4097167842669,69.45593826998862,750.0000000000002,3194662.9165552,702.3495279737782,1.6666666666666667,True,0.1648180749129364,3194.6629165552,2555.7303332441597
33,25,5.0,0.6413559322033898,1.083817894474274,0.4424619622708842,2.3980524317407776,6.461273269014567,6.461273269014567,36.06110031626077,0.9984469677506878,418.2961983431251,418.2961983431251,68.6629732486227,750.0000000000001,3280319.277376914,697.1603305718752,1.6666666666666663,True,0.164149168748359,3280.3192773769138,2624.255421901531
34,25,5.0,0.6413559322033898,1.09435383360612,0.4529979014027302,2.470149107784675,6.461273269014567,6.461273269014567,36.487919284873215,0.9525428124839386,415.2982104079824,415.2982104079824,67.90623252432947,750.0000000000001,3365824.75514417,692.1636840133041,1.6666666666666667,True,0.163511979638967,3365.82475514417,2692.659804115336
35,24,5.0,0.6161016949152542,1.0903225507065073,0.474220855791253,2.542245783828573,5.9624490936841426,5.9624490936841426,38.09032556985699,1.0484158462652864,404.4522330196291,404.4522330196291,67.60042170234995,750.0,3540939.0987648075,674.0870550327152,1.6666666666666667,True,0.1671406811074996,3540.9390987648076,2832.751279011846
36,24,5.0,0.6161016949152542,1.1007962342436073,0.484694539328353,2.6143424598724705,5.9624490936841426,5.9624490936841426,38.50866147455068,1.0035953086667004,401.7223606845334,401.7223606845334,66.91133664960392,749.9999999999998,3628732.294774471,669.5372678075556,1.6666666666666663,True,0.1665611457016912,3628.732294774471,2902.985835819577
37,24,5.0,0.6161016949152542,1.111171199262593,0.4950695043473387,2.6864391359163684,5.9624490936841426,5.9624490936841426,38.918621340020614,0.9619722098048504,399.0861795698417,399.0861795698417,66.25115173291755,749.9999999999999,3716400.4486173904,665.1436326164029,1.6666666666666667,True,0.1660071311021767,3716.4004486173903,2973.1203588939125
39,23,5.0,0.5908474576271187,1.1180872163070177,0.5272397586798988,2.830632488004164,5.483661258055626,5.483661258055626,41.012566941939,1.0311093439255967,386.19331124920234,386.19331124920234,65.49146718726205,749.9999999999999,4000204.675297518,643.6555187486706,1.6666666666666667,True,0.1695820856539946,4000.2046752975175,3200.163740238014
40,23,5.0,0.5908474576271187,1.128303198619475,0.5374557409923563,2.9027291640480613,5.483661258055626,5.483661258055626,41.40799756545982,0.992283146317697,383.86053953886307,383.86053953886307,64.90914078376684,750.0,4090323.536786854,639.7675658981051,1.6666666666666663,True,0.1690956326527938,4090.3235367868538,3272.258829429483
41,23,5.0,0.5908474576271187,1.1384275087860012,0.5475800511588825,2.974825840091959,5.483661258055626,5.483661258055626,41.79618905875221,0.955929340325716,381.6004272033396,381.6004272033396,64.34882501991176,750.0000000000002,4180344.451998957,636.000712005566,1.6666666666666663,True,0.1686288076025209,4180.344451998956,3344.275561599165
43,22,5.0,0.5655932203389831,1.1457357177644494,0.5801424974254663,3.1190191921797545,5.02490976212902,5.02490976212902,43.97094548435742,1.0442003211800668,369.4605893010018,369.4605893010018,63.83723772176752,750.0,4490997.041719618,615.767648835003,1.6666666666666667,True,0.1727849723905435,4490.997041719618,3592.7976333756947
44,22,5.0,0.5655932203389831,1.1557073244152174,0.5901141040762343,3.1911158682236525,5.02490976212902,5.02490976212902,44.34722623051947,1.0092091828290124,367.445670567509,367.445670567509,63.33684769181814,750.0,4583789.203459306,612.4094509458483,1.6666666666666663,True,0.1723706462345746,4583.789203459306,3667.031362767445
45,22,5.0,0.5655932203389831,1.1655936274931942,0.6000004071542111,3.26321254426755,5.02490976212902,5.02490976212902,44.71716236763962,0.976225376314838,365.48815198380936,365.48815198380936,62.853658689374946,749.9999999999998,4676504.705077401,609.1469199730157,1.6666666666666667,True,0.1719718090674503,4676.504705077401,3741.203764061921
49,21,5.0,0.5403389830508475,1.1926757183521417,0.652336735301294,3.551599248443141,4.586194605904325,4.586194605904325,47.70383881360715,1.022083434687101,350.4854608143502,350.4854608143502,61.69538964093971,750.0000000000002,5209852.332914918,584.1424346905836,1.6666666666666667,True,0.1760283850222801,5209.8523329149175,4167.881866331934
50,21,5.0,0.5403389830508475,1.2022580645986782,0.6619190815478307,3.6236959244870386,4.586194605904325,4.586194605904325,48.052928649992445,0.9927050228213185,348.8196558793297,348.8196558793297,61.286089324602976,750.0000000000001,5305562.830967571,581.3660931322162,1.6666666666666667,True,0.1756956303683879,5305.56283096757,4244.450264774056
51,21,5.0,0.5403389830508475,1.2117646383016474,0.6714256552507999,3.695792600530937,4.586194605904325,4.586194605904325,48.39676989207685,0.9647930311750288,347.19583439954107,347.19583439954107,60.88917716792013,750.0,5401220.966518839,578.6597239992351,1.6666666666666663,True,0.175374158141111,5401.220966518839,4320.976773215071
55,20,5.0,0.5150847457627119,1.2383521132272464,0.7232673674645345,3.9841793047065273,4.167515789381538,4.167515789381538,51.447070807332715,1.0395398403064144,333.48613981470123,333.48613981470123,60.10965165493863,750.0000000000001,5984447.366383159,555.810233024502,1.6666666666666667,True,0.1802463265439998,5984.447366383159,4787.5578931065265
56,20,5.0,0.5150847457627119,1.2475836809930425,0.7324989352303304,4.056275980750425,4.167515789381538,4.167515789381538,51.77435726336211,1.013502641015578,332.0853837576405,332.0853837576405,59.76667425874772,750.0,6083528.943217537,553.4756395960675,1.6666666666666663,True,0.1799738175238874,6083.528943217538,4866.82315457403
57,20,5.0,0.5150847457627119,1.2567474391562976,0.7416626933935857,4.128372656794323,4.167515789381538,4.167515789381538,52.097206218596526,0.9886123061896344,330.7162422379195,330.7162422379195,59.43296262267222,749.9999999999999,6182576.543146323,551.1937370631993,1.6666666666666667,True,0.1797098389256483,6182.576543146323,4946.061234517058
58,20,5.0,0.5150847457627119,1.265844860388379,0.750760114625667,4.20046933283822,4.167515789381538,4.167515789381538,52.4157510787568,0.9647982260979874,329.3774686928616,329.3774686928616,59.10811172187605,750.0,6281592.656064813,548.9624478214361,1.6666666666666667,True,0.1794540226338106,6281.592656064813,5025.2741248518505
