target_scan_yrs,scan_margin_yrs,match_status,solenoid_length_m,length_tape_km,scan,scan_error_yrs,abs_scan_error_yrs,n_candidates_in_window,source_file,pareto_rank,row_i,col_j,schema,n_pc,n_par,ri,rf,th,v,valid,b0,v_bore,je_coil,je_tape,je_max,j_crit,je_mech,b0_mech,je_closed,stress,sigma_struct,sigma_tape,util,f_struct,f_struct_tape,f_filler,f_tape_min,f_tape_built,fill,n_tp_min,n_tp,n_bund,n_tape,n_tot,n_par_min,pitch,pitch_turn,i0,i_tape,i_max,i_margin,length_tape,em_tot,em_dump,l_self,l_dump,r_ee,u_ee,tau_ee,miits,j_cu_max,j_cu,gamma_op,f_cu_req,f_cu_have,f_cu_add,t_cu_add,m_cu,n_eval,binding_code,feasible,converged,binding,pancake_length_m,piece_length_m,search_pool,pick_rule,note
2,0.25,outside_window,2.0,502.6548245743669,11.12607811670391,9.12607811670391,9.12607811670391,0,thickness_grids_L2000mm.csv,178,198,199,2,500,10,1.5,2.5,1.0,14.137166941154067,1,10.278138541776524,14.137166941154067,18.076602224811175,2259.575278101397,2328.031952495052,3880.05325415842,27.535854555988948,15.656555611109544,18.07660223387414,323.21964450189347,749.9999987514503,80804.91112547336,0.9999999983352672,0.4309595267199571,0.004,0.426959526719957,0.0077647569250231,0.008,0.5730404732800429,78.0,80.0,8.0,40000.0,4000.0,10.0,12.5,125.0,9038.301112405588,903.8301112405586,931.2127809980208,1.0302962574679857,502654.8245743669,2023.794126442345,2023.794126442345,49.547610530393854,49.547610530393854,1.0,9038.301112405588,49.547610530393854,2023.794126442345,31.76681286062951,31.76681286062952,2.5000000000000004e+16,0.5690404732800429,0.004,0.5650404732800429,70.63005916000536,128141.86079398802,32.0,0,1,1,mechanical,1005.3096491487338,100.53096491487338,pareto,closest,no design within +/-0.25 yr; nearest is 11.126 yr at 502.7 km
2,0.25,in_window,3.0,621.5485958856946,1.9992195982658625,-0.0007804017341375147,0.0007804017341375147,27,thickness_grids_L3000mm.csv,231,183,191,2,750,10,1.4397386934673368,2.328738693467337,0.889,19.53612748556149,1,12.056505722466454,19.53612748556149,17.247172893455073,2190.3909574687937,2190.5575759373837,3650.9292932289727,27.565082500185344,19.26916236978524,17.24717289369774,293.61517935777056,749.9999999624922,74578.2555568737,0.9999999999499896,0.3914869058299391,0.0039370078740157,0.3875498979559234,0.0078734168336454,0.0078740157480314,0.6124501020440766,70.0,70.0,7.0,52500.0,5250.0,10.0,12.7,127.0,8761.563829875176,876.1563829875176,876.2230303749535,1.000076067912909,621548.5958856946,2388.951259355159,2388.951259355159,62.24063664876544,62.24063664876544,1.0,8761.563829875176,62.24063664876544,2388.951259355159,28.3431417642346,28.3431417642346,2.5e+16,0.6085130941700608,0.0039370078740157,0.6045760862960451,76.78116295959772,172153.85000021022,32.0,0,1,1,mechanical,828.7314611809261,82.87314611809262,pareto,closest,
2,0.25,in_window,4.0,405.45931541753595,2.0008025679040613,0.0008025679040613021,0.0008025679040613021,15,thickness_grids_L4000mm.csv,176,94,192,2,1000,10,1.4472713567839195,1.7792713567839196,0.332,26.32144926793456,1,9.402487359941087,26.32144926793456,28.951380015453953,2402.9645412826785,2402.9645413691073,4004.9409022818454,48.67784722791187,15.80901646226442,29.185765044687155,265.2998940335651,727.5910674768511,44039.782409571824,0.970121423302468,0.3646277502465433,0.0060240963855421,0.3586036538610012,0.0120481927706509,0.0120481927710843,0.6413963461389989,40.0,40.0,4.0,40000.0,4000.0,10.0,8.300000000000002,83.00000000000001,9611.858165130714,961.1858165130714,961.185816547643,1.0000000000359677,405459.3154175359,1112.4299215473527,1112.4299215473527,24.081744823399653,24.081744823399653,1.0,9611.858165130714,24.081744823399653,1112.4299215473527,45.566012721971966,45.566012721971966,2.5000000000000004e+16,0.6353722497534566,0.0060240963855421,0.6293481533679145,52.23589672953691,76634.02193982225,32.0,0,1,1,mechanical,405.45931541753595,40.5459315417536,pareto,closest,
2,0.25,in_window,5.0,355.9286341161864,2.0232042085444606,0.02320420854446059,0.02320420854446059,12,thickness_grids_L5000mm.csv,151,67,187,2,1250,10,1.409608040201005,1.611608040201005,0.202,31.211641756109895,1,8.135074623849153,31.211641756109895,37.44563954526285,2521.3397293810312,2521.339730694293,4202.232884490489,63.95111095178647,13.893394963704251,37.64746839388942,257.138781424329,734.55490087519,34628.02256514296,0.9794065345002534,0.3500606709150798,0.0074257425742574,0.3426349283408224,0.0148514851407793,0.0148514851485148,0.6573650716591776,30.0,30.0,3.0,37500.0,3750.0,10.0,6.733333333333332,67.33333333333331,10085.358917524123,1008.5358917524125,1008.5358922777172,1.000000000520859,355928.6341161864,766.0654155277017,766.0654155277017,15.06305753717506,15.06305753717506,1.0,10085.358917524123,15.06305753717506,766.0654155277017,57.61405391174636,57.61405391174637,2.500000000000001e+16,0.6499393290849201,0.0074257425742574,0.6425135865106627,43.262581491717945,55825.65938699176,32.0,0,1,1,mechanical,284.74290729294916,28.47429072929491,pareto,closest,
2,0.25,in_window,6.0,379.9850246558508,2.0066492339252493,0.006649233925249298,0.006649233925249298,11,thickness_grids_L6000mm.csv,140,63,166,2,1500,10,1.251422110552764,1.436422110552764,0.185,29.519484629693835,1,8.539389186951954,29.519484629693835,40.252009755529286,2482.2072682576395,2482.2072682881594,4137.012113813599,69.33773590253372,14.7098720240296,40.36850358304464,252.75344810767007,741.5045216074224,31172.925266612645,0.9886726954765632,0.3408656869141606,0.0081081081081081,0.3327575788060525,0.0162162162160168,0.0162162162162162,0.6672424211939474,30.0,30.0,3.0,45000.0,4500.0,10.0,6.166666666666669,61.666666666666686,9928.82907303056,992.882907303056,992.8829073152638,1.0000000000122953,379985.0246558508,660.8589560429965,660.8589560429965,13.40734259881276,13.40734259881276,1.0,9928.82907303056,13.40734259881276,660.8589560429965,61.067993209279706,61.067993209279706,2.5e+16,0.6591343130858394,0.0081081081081081,0.6510262049777312,40.146615973626766,55355.25765652906,32.0,0,1,1,mechanical,253.3233497705672,25.33233497705672,pareto,closest,
2,0.25,in_window,7.0,318.00140160052416,1.9864938028637669,-0.013506197136233133,0.013506197136233133,10,thickness_grids_L7000mm.csv,128,42,185,2,1750,10,1.3945427135678392,1.4975427135678392,0.103,42.7672725562028,1,6.285703384953838,42.7672725562028,52.545629332621445,2706.0999106300037,2719.139112425916,4531.89852070986,90.76464857085158,10.857604447830957,52.54562935153229,251.36279584355972,749.9999989247093,25890.367971886644,0.9999999985662792,0.3351503949385918,0.0097087378640776,0.3254416570745141,0.0193243622926456,0.0194174757281553,0.6745583429254859,20.0,20.0,2.0,35000.0,3500.0,10.0,5.1499999999999995,51.49999999999999,10824.399642520017,1082.4399642520016,1087.6556449703664,1.0048184480346392,318001.40160052414,468.9443196889443,468.9443196889443,8.004673803004362,8.004673803004362,1.0,10824.399642520017,8.004673803004362,468.9443196889443,79.03385808248787,79.03385808248787,2.5e+16,0.6648496050614082,0.0097087378640776,0.6551408671973306,33.73975466066251,39023.631261614755,32.0,0,1,1,mechanical,181.71508662887095,18.171508662887096,pareto,closest,
2,0.25,in_window,8.0,334.6557104545005,2.027487649421637,0.027487649421637173,0.027487649421637173,8,thickness_grids_L8000mm.csv,122,41,170,2,2000,10,1.2815527638190956,1.3815527638190956,0.1,41.2774483668801,1,6.441223849016688,41.2774483668801,54.023963341141965,2701.1981670571004,2701.1981676290725,4501.996946048454,94.96371095072512,11.322429565272396,55.0848187747382,242.72739362585347,694.995564315608,24272.73936258537,0.9266607524208108,0.3492502773954788,0.0099999999999999,0.3392502773954788,0.019999999995765,0.0199999999999999,0.6607497226045211,20.0,20.0,2.0,40000.0,4000.0,10.0,5.000000000000004,50.00000000000004,10804.792668228403,1080.4792668228404,1080.479267051629,1.0000000002117473,334655.71045450045,423.47520146986216,423.47520146986216,7.254794308472981,7.254794308472981,1.0,10804.792668228403,7.254794308472981,423.47520146986216,83.01803514401779,83.01803514401779,2.5000000000000004e+16,0.6507497226045211,0.0099999999999999,0.6407497226045211,32.037486130226085,39025.6582457343,32.0,0,1,1,mechanical,167.32785522725024,16.732785522725024,pareto,closest,
2,0.25,in_window,9.0,354.1999688118243,2.0294035353927047,0.029403535392704683,0.029403535392704683,8,thickness_grids_L9000mm.csv,115,39,160,2,2250,10,1.2062261306532664,1.2992261306532664,0.093,41.138632109201474,1,6.457806185688491,41.138632109201474,57.35957684075662,2667.220323095182,2699.300512329847,4498.834187216412,100.92512067943512,11.362616401868426,57.35957686580542,242.25602455071987,749.9999986584969,22529.810283216942,0.9999999982113292,0.3230080333120482,0.010752688172043,0.3122553451400052,0.021249792892177,0.021505376344086,0.6877446548599948,20.0,20.0,2.0,45000.0,4500.0,10.0,4.649999999999999,46.499999999999986,10668.881292380727,1066.888129238073,1079.720204931939,1.0120275737841702,354199.9688118243,396.39934454812186,396.39934454812186,6.9650647384944495,6.9650647384944495,1.0,10668.881292380727,6.9650647384944495,396.39934454812186,84.72711592336451,84.72711592336451,2.5e+16,0.6769919666879518,0.010752688172043,0.6662392785159088,30.98012645098975,39962.531148764145,32.0,0,1,1,mechanical,157.4222083608108,15.74222083608108,pareto,closest,
2,0.25,in_window,10.0,372.2574171384189,1.9606876531750324,-0.03931234682496765,0.03931234682496765,8,thickness_grids_L10000mm.csv,113,39,151,2,2500,10,1.1384321608040202,1.2314321608040202,0.093,40.715913674279975,1,6.569965031345051,40.715913674279975,57.77508766532366,2686.5415764375493,2686.541577839855,4477.569296399759,103.213145037608,11.737009515248666,58.18237521941162,235.00249119101952,728.5866036541178,21855.231680764813,0.9714488048721572,0.3225457207316186,0.010752688172043,0.3117930325595756,0.0215053763328607,0.021505376344086,0.6882069674404244,20.0,20.0,2.0,50000.0,5000.0,10.0,4.649999999999999,46.499999999999986,10746.166305750196,1074.6166305750198,1074.616631135942,1.0000000005219742,372257.4171384189,396.9409255016213,396.9409255016213,6.874620977012699,6.874620977012699,1.0,10746.166305750196,6.874620977012699,396.9409255016213,85.28263741682763,85.28263741682763,2.5000000000000004e+16,0.6774542792683814,0.010752688172043,0.6667015910963384,31.001623985979727,42028.540039580344,32.0,0,1,1,mechanical,148.90296685536757,14.890296685536756,pareto,closest,
4,0.25,outside_window,2.0,502.6548245743669,11.12607811670391,7.12607811670391,7.12607811670391,0,thickness_grids_L2000mm.csv,178,198,199,2,500,10,1.5,2.5,1.0,14.137166941154067,1,10.278138541776524,14.137166941154067,18.076602224811175,2259.575278101397,2328.031952495052,3880.05325415842,27.535854555988948,15.656555611109544,18.07660223387414,323.21964450189347,749.9999987514503,80804.91112547336,0.9999999983352672,0.4309595267199571,0.004,0.426959526719957,0.0077647569250231,0.008,0.5730404732800429,78.0,80.0,8.0,40000.0,4000.0,10.0,12.5,125.0,9038.301112405588,903.8301112405586,931.2127809980208,1.0302962574679857,502654.8245743669,2023.794126442345,2023.794126442345,49.547610530393854,49.547610530393854,1.0,9038.301112405588,49.547610530393854,2023.794126442345,31.76681286062951,31.76681286062952,2.5000000000000004e+16,0.5690404732800429,0.004,0.5650404732800429,70.63005916000536,128141.86079398802,32.0,0,1,1,mechanical,1005.3096491487338,100.53096491487338,pareto,closest,no design within +/-0.25 yr; nearest is 11.126 yr at 502.7 km
4,0.25,in_window,3.0,400.28665943305367,4.025152341211555,0.025152341211555296,0.025152341211555296,9,thickness_grids_L3000mm.csv,173,117,195,2,750,10,1.4698693467336683,1.9278693467336685,0.458,20.36238260491654,1,9.777982160424791,20.36238260491654,25.63884468032444,2348.5181727177182,2370.192445325822,3950.320742209703,41.443354950278305,15.805407397430592,25.63884468704204,287.04392196823727,749.9999992900529,52586.44650458106,0.999999999053404,0.3827252296532692,0.0054585152838427,0.3772667143694265,0.0108171995615317,0.0109170305676855,0.6227332856305735,50.0,50.0,5.0,37500.0,3750.0,10.0,9.16,91.59999999999998,9394.072690870871,939.4072690870872,948.0769781303288,1.0092289141552702,400286.6594330537,1278.8157952136116,1278.8157952136116,28.98212028902882,28.98212028902882,1.0,9394.072690870871,28.98212028902882,1278.8157952136116,41.53554610035785,41.53554610035785,2.5e+16,0.6172747703467307,0.0054585152838427,0.611816255062888,56.04236896376053,81117.23106434259,32.0,0,1,1,mechanical,533.7155459107382,53.371554591073824,pareto,closest,
4,0.25,in_window,4.0,298.56465201692373,3.973228545642544,-0.026771454357456204,0.026771454357456204,6,thickness_grids_L4000mm.csv,135,66,197,2,1000,10,1.4849346733668345,1.6829346733668342,0.198,27.709236563188515,1,7.58861107333986,27.709236563188515,38.903832478338536,2567.652943570343,2576.4366272605,4294.061045434167,64.72759069789007,12.625812940000506,38.90383248407259,270.9362730755052,749.9999995834547,35763.58804596667,0.9999999994446064,0.3612483643013087,0.0075757575757575,0.3536726067255511,0.0150998600418534,0.0151515151515151,0.6463273932744489,30.0,30.0,3.0,30000.0,3000.0,10.0,6.599999999999998,65.99999999999999,10270.611774281371,1027.0611774281374,1030.5746509042,1.0034208998969862,298564.6520169237,710.9055634325499,710.9055634325499,13.478739563293374,13.478739563293374,1.0,10270.611774281371,13.478739563293374,710.9055634325499,60.90603969379118,60.906039693791186,2.5000000000000012e+16,0.6387516356986913,0.0075757575757575,0.6311758781229337,41.657607956113615,45110.98923263011,32.0,0,1,1,mechanical,298.56465201692373,29.85646520169237,pareto,closest,
4,0.25,in_window,5.0,317.368741672923,4.019866440722247,0.019866440722246637,0.019866440722246637,6,thickness_grids_L5000mm.csv,119,61,167,2,1250,10,1.2589547738693467,1.434954773869347,0.176,24.89660534346811,1,8.272414689440604,24.89660534346811,42.4888878635081,2492.681421325807,2507.8959342382877,4179.826557063813,71.9912976371121,14.016414597582877,42.48888786846237,261.2474062047105,749.9999996614908,30653.028994686018,0.9999999995486546,0.3483298750968311,0.0085227272727272,0.3398071478241038,0.0169420458334978,0.0170454545454545,0.6601928521758962,30.0,30.0,3.0,37500.0,3750.0,10.0,5.8666666666666645,58.66666666666664,9970.725685303229,997.0725685303228,1003.1583736953152,1.0061036732501454,317368.74167292303,584.6533478928914,584.6533478928914,11.761830063617994,11.761830063617994,1.0,9970.725685303229,11.761830063617994,584.6533478928914,65.19999343198599,65.19999343198597,2.499999999999999e+16,0.6516701249031689,0.0085227272727272,0.6431473976304416,37.73131399431923,43486.191669328146,32.0,0,1,1,mechanical,253.8949933383384,25.389499333833843,pareto,closest,
4,0.25,in_window,6.0,266.6103922675212,4.049944744089083,0.04994474408908278,0.04994474408908278,4,thickness_grids_L6000mm.csv,111,41,181,2,1500,10,1.3644120603015075,1.4644120603015076,0.1,35.09071538961841,1,6.203158182775863,35.09071538961841,54.57536378844836,2728.76818942242,2728.7681896971976,4547.946982828663,93.84295621450592,10.666400759038163,55.56972654208444,253.65952877240105,700.1968051543934,25365.95287724012,0.933595740205858,0.3622689034070486,0.0099999999999999,0.3522689034070486,0.019999999997986,0.0199999999999999,0.6477310965929514,20.0,20.0,2.0,30000.0,3000.0,10.0,5.000000000000004,50.00000000000004,10915.07275768968,1091.5072757689682,1091.507275878879,1.0000000001006963,266610.3922675212,406.70095156164894,406.70095156164894,6.827346022294644,6.827346022294644,1.0,10915.07275768968,6.827346022294644,406.70095156164894,85.57739159971138,85.57739159971138,2.5000000000000004e+16,0.6377310965929514,0.0099999999999999,0.6277310965929513,31.386554829647597,30468.612218032747,32.0,0,1,1,mechanical,177.7402615116808,17.77402615116808,pareto,closest,
4,0.25,in_window,7.0,283.7714605394886,3.9984498985605614,-0.001550101439438567,0.001550101439438567,3,thickness_grids_L7000mm.csv,103,39,165,2,1750,10,1.243889447236181,1.336889447236181,0.093,34.02604558868478,1,6.384881401328968,34.02604558868478,58.22941544484539,2707.6678181853094,2707.6678192916233,4512.779698819372,100.54082720573098,11.024346591769325,59.0611913073818,251.57137058737743,710.0454388023553,23396.137464626092,0.9467272517364738,0.3543031992596231,0.010752688172043,0.3435505110875801,0.0215053763352992,0.021505376344086,0.6564494889124198,20.0,20.0,2.0,35000.0,3500.0,10.0,4.649999999999999,46.499999999999986,10830.67127274124,1083.067127274124,1083.067127716649,1.0000000004085854,283771.4605394886,360.5978776548507,360.5978776548507,6.148121094899604,6.148121094899604,1.0,10830.67127274124,6.148121094899604,360.5978776548507,90.1807402144128,90.1807402144128,2.4999999999999996e+16,0.6456968007403768,0.010752688172043,0.6349441125683338,29.524901234427514,30536.43291183704,32.0,0,1,1,mechanical,162.15512030827918,16.21551203082792,pareto,closest,
4,0.25,in_window,8.0,301.08960844413554,3.968878544725098,-0.031121455274901955,0.031121455274901955,5,thickness_grids_L8000mm.csv,99,38,153,2,2000,10,1.153497487437186,1.242497487437186,0.089,33.44053103661741,1,6.4899406547290415,33.44053103661741,60.575986565218,2695.6314021522,2695.631404632826,4492.719007721377,105.74165165395485,11.32886285274697,61.65970593489307,246.1331308190446,699.9885776598967,21905.84864289496,0.933318103546529,0.3516244959908949,0.0112359550561797,0.3403885409347151,0.02247191009168,0.0224719101123595,0.6596114590652848,20.0,20.0,2.0,40000.0,4000.0,10.0,4.449999999999998,44.499999999999986,10782.5256086088,1078.25256086088,1078.2525618531306,1.0000000009202394,301089.6084441355,332.991548085076,332.991548085076,5.728253242357766,5.728253242357766,1.0,10782.5256086088,5.728253242357766,332.991548085076,93.42732134489668,93.42732134489668,2.4999999999999996e+16,0.648375504009105,0.0112359550561797,0.6371395489529252,28.35270992840516,31135.1080674663,32.0,0,1,1,mechanical,150.54480422206777,15.054480422206776,pareto,closest,
4,0.25,in_window,9.0,317.0035907278099,4.038277794103437,0.038277794103437124,0.038277794103437124,4,thickness_grids_L9000mm.csv,93,37,143,2,2250,10,1.0781708542713568,1.164170854271357,0.086,32.86756702542783,1,6.555612935905272,32.86756702542783,62.5155083271582,2688.1668580678047,2688.1668584729346,4480.278097454891,110.52764488423496,11.590347386865316,63.57949203204105,239.93575156537077,701.3741141226458,20634.4746346219,0.9351654854968612,0.342093822304104,0.0116279069767441,0.3304659153273598,0.0232558139499835,0.0232558139534883,0.6695340846726401,20.0,20.0,2.0,45000.0,4500.0,10.0,4.300000000000003,43.000000000000036,10752.66743227122,1075.266743227122,1075.2667433891738,1.0000000001507083,317003.59072780993,320.12886238585406,320.12886238585406,5.537610423402321,5.537610423402321,1.0,10752.66743227122,5.537610423402321,320.12886238585406,95.02192021679838,95.02192021679838,2.5e+16,0.657906177695896,0.0116279069767441,0.6462782707191518,27.78996564092355,32141.386152025072,32.0,0,1,1,mechanical,140.89048476791552,14.089048476791552,pareto,closest,
4,0.25,in_window,10.0,230.08574668305576,3.9648788705885054,-0.03512112941149459,0.03512112941149459,4,thickness_grids_L10000mm.csv,89,19,192,2,2500,10,1.4472713567839195,1.4822713567839194,0.035,65.8036231698364,1,3.692917983190649,65.8036231698364,87.49268336944746,3062.2439179306543,3062.2439180626225,5103.739863437704,154.44514673701835,6.518868068010605,90.0312088921394,240.68897913214084,671.5167401115568,16848.22853924982,0.8953556534820758,0.3584258809276385,0.0142857142857143,0.3441401666419241,0.0285714285701973,0.0285714285714286,0.6558598333580758,10.0,10.0,1.0,25000.0,2500.0,10.0,3.499999999999992,34.99999999999992,12248.975671722616,1224.8975671722617,1224.897567225049,1.0000000000430953,230085.74668305577,201.69250162910265,201.69250162910265,2.6885629169663203,2.6885629169663203,1.0,12248.975671722616,2.6885629169663203,201.69250162910265,136.37190274438018,136.37190274438018,2.4999999999999996e+16,0.6415741190723615,0.0142857142857143,0.6272884047866472,21.9550941675326,18517.08403641619,32.0,0,1,1,mechanical,92.03429867322232,9.20342986732223,pareto,closest,
6,0.25,outside_window,2.0,502.6548245743669,11.12607811670391,5.12607811670391,5.12607811670391,0,thickness_grids_L2000mm.csv,178,198,199,2,500,10,1.5,2.5,1.0,14.137166941154067,1,10.278138541776524,14.137166941154067,18.076602224811175,2259.575278101397,2328.031952495052,3880.05325415842,27.535854555988948,15.656555611109544,18.07660223387414,323.21964450189347,749.9999987514503,80804.91112547336,0.9999999983352672,0.4309595267199571,0.004,0.426959526719957,0.0077647569250231,0.008,0.5730404732800429,78.0,80.0,8.0,40000.0,4000.0,10.0,12.5,125.0,9038.301112405588,903.8301112405586,931.2127809980208,1.0302962574679857,502654.8245743669,2023.794126442345,2023.794126442345,49.547610530393854,49.547610530393854,1.0,9038.301112405588,49.547610530393854,2023.794126442345,31.76681286062951,31.76681286062952,2.5000000000000004e+16,0.5690404732800429,0.004,0.5650404732800429,70.63005916000536,128141.86079398802,32.0,0,1,1,mechanical,1005.3096491487338,100.53096491487338,pareto,closest,no design within +/-0.25 yr; nearest is 11.126 yr at 502.7 km
6,0.25,in_window,3.0,369.6584990952168,5.965888331269356,-0.03411166873064442,0.03411166873064442,5,thickness_grids_L3000mm.csv,145,111,180,2,750,10,1.3568793969849249,1.7808793969849246,0.424,17.352163202048185,1,10.12562522955062,17.352163202048185,27.475183908814813,2329.8955954674957,2340.7126819386126,3901.187803231021,44.35196015023144,16.34534378978719,27.47518391520888,287.817265585693,749.9999993706363,48813.808243333515,0.9999999991608484,0.3837563544362871,0.0058962264150943,0.3778601280211927,0.0117379566150166,0.0117924528301886,0.6221398719788073,50.0,50.0,5.0,37500.0,3750.0,10.0,8.479999999999999,84.79999999999998,9319.582381869985,931.9582381869984,936.2850727754452,1.0046427344178683,369658.4990952168,1092.3368980784255,1092.3368980784255,25.153226189845583,25.153226189845583,1.0,9319.582381869985,25.153226189845583,1092.3368980784255,44.584936666862845,44.584936666862845,2.5000000000000004e+16,0.6162436455637129,0.0058962264150943,0.6103474191486186,51.75746114380285,69233.61411615406,32.0,0,1,1,mechanical,492.8779987936224,49.28779987936224,pareto,closest,
6,0.25,in_window,4.0,277.4612007026562,5.915903812950554,-0.08409618704944588,0.08409618704944588,2,thickness_grids_L4000mm.csv,115,63,183,2,1000,10,1.3794773869346733,1.5644773869346733,0.185,23.91327374563987,1,7.767194431426771,23.91327374563987,41.483391002628885,2558.1424451621156,2558.142447461378,4263.570745768964,68.9793521201657,12.915434990288624,41.64503033612644,271.25112079802983,739.1869454434625,33454.304898423696,0.9855825939246168,0.366958754439714,0.0081081081081081,0.3588506463316059,0.016216216201641,0.0162162162162162,0.641149353668394,30.0,30.0,3.0,30000.0,3000.0,10.0,6.166666666666669,61.666666666666686,10232.56978064846,1023.256978064846,1023.2569789845512,1.000000000898802,277461.2007026562,609.571920263033,609.571920263033,11.643552852003104,11.643552852003104,1.0,10232.56978064846,11.643552852003104,609.571920263033,65.53031306184981,65.53031306184981,2.5e+16,0.633041245560286,0.0081081081081081,0.6249331374521778,38.53754347621764,38819.75080845026,32.0,0,1,1,mechanical,277.4612007026562,27.74612007026562,pareto,closest,
6,0.25,in_window,5.0,235.19083474513917,5.935742472853003,-0.06425752714699673,0.06425752714699673,3,thickness_grids_L5000mm.csv,101,41,192,2,1250,10,1.4472713567839195,1.5472713567839196,0.1,32.9018115849182,1,5.948626623682676,32.9018115849182,55.178730114910366,2758.9365057455207,2758.936507550503,4598.227512584172,92.79214313766693,10.003597617918754,55.45009640093704,265.205334492053,736.190653892054,26520.53344920533,0.9815875385227388,0.3602400181121281,0.0099999999999999,0.3502400181121281,0.0199999999869153,0.0199999999999999,0.6497599818878719,20.0,20.0,2.0,25000.0,2500.0,10.0,5.000000000000004,50.00000000000004,11035.746022982084,1103.5746022982082,1103.5746030202013,1.0000000006542311,235190.83474513915,409.2928344251709,409.2928344251709,6.721415497272674,6.721415497272674,1.0,11035.746022982084,6.721415497272674,409.2928344251709,86.24911166228793,86.24911166228793,2.5000000000000004e+16,0.6397599818878719,0.0099999999999999,0.6297599818878719,31.487999094393626,26963.450604472484,32.0,0,1,1,mechanical,188.15266779611133,18.815266779611132,pareto,closest,
6,0.25,in_window,6.0,250.33204838362147,5.941850073833419,-0.05814992616658099,0.05814992616658099,2,thickness_grids_L6000mm.csv,96,39,170,2,1500,10,1.2815527638190956,1.3745527638190955,0.093,30.95808627516008,1,6.256668398253071,30.95808627516008,58.54876564588485,2722.5176025336445,2722.5176031750143,4537.529338625024,100.07570065019438,10.694341149361437,59.47732267375351,256.70804047895535,706.5662871202394,23873.847764542843,0.9420883828269858,0.3633177030356534,0.010752688172043,0.3525650148636104,0.0215053763390198,0.021505376344086,0.6474349851363895,20.0,20.0,2.0,30000.0,3000.0,10.0,4.649999999999999,46.499999999999986,10890.070410134578,1089.007041013458,1089.007041270006,1.0000000002355798,250332.04838362147,350.5996239519168,350.5996239519168,5.912621335453008,5.912621335453008,1.0,10890.070410134578,5.912621335453008,350.5996239519168,91.95915439307952,91.95915439307952,2.4999999999999996e+16,0.6366822969643465,0.010752688172043,0.6259296087923035,29.105726808842107,26561.963853620924,32.0,0,1,1,mechanical,166.88803225574765,16.688803225574766,pareto,closest,
6,0.25,in_window,7.0,266.43657852321957,5.92935172013043,-0.07064827986956956,0.07064827986956956,2,thickness_grids_L7000mm.csv,89,37,155,2,1750,10,1.1685628140703517,1.2545628140703518,0.086,30.029772143102537,1,6.420814872229415,30.029772143102537,62.87297104096369,2703.5377547614407,2703.537757082112,4505.89626180352,107.6395266173298,10.992537204802842,63.361526537838785,255.88549693998235,727.8936662651453,22006.1527368385,0.970524888353527,0.3515424145025773,0.0116279069767441,0.3399145075258331,0.0232558139335259,0.0232558139534883,0.6600854924741668,20.0,20.0,2.0,35000.0,3500.0,10.0,4.300000000000003,43.000000000000036,10814.151019045768,1081.4151019045769,1081.415102832845,1.000000000858383,266436.57852321956,310.99975884389386,310.99975884389386,5.318696238182538,5.318696238182538,1.0,10814.151019045768,5.318696238182538,310.99975884389386,96.95772313733475,96.95772313733475,2.5e+16,0.6484575854974227,0.0116279069767441,0.6368296785206785,27.3836761763892,26626.36489707816,32.0,0,1,1,mechanical,152.24947344183974,15.224947344183976,pareto,closest,
6,0.25,in_window,8.0,281.4039784174002,6.124380283041806,0.12438028304180637,0.12438028304180637,2,thickness_grids_L8000mm.csv,85,36,143,2,2000,10,1.0781708542713568,1.1611708542713568,0.083,29.21561513371363,1,6.516642791484841,29.21561513371363,64.8817076299895,2692.590866644563,2692.590867325573,4487.651445542622,113.02359149583756,11.351957272601709,66.11611622267637,247.15397492023976,697.2324435002715,20513.77991837989,0.929643258000362,0.3544785920739265,0.0120481927710843,0.3424303993028422,0.0240963855360742,0.0240963855421686,0.6575696006971578,20.0,20.0,2.0,40000.0,4000.0,10.0,4.149999999999999,41.49999999999998,10770.363466578252,1077.036346657825,1077.0363469302292,1.00000000025292,281403.9784174002,287.0631751057933,287.0631751057933,4.949333975399534,4.949333975399534,1.0,10770.363466578252,4.949333975399534,287.0631751057933,100.51054362153688,100.51054362153688,2.5000000000000004e+16,0.6455214079260735,0.0120481927710843,0.6334732151549891,26.28913842893203,27018.235354076955,32.0,0,1,1,mechanical,140.7019892087001,14.070198920870013,pareto,closest,
6,0.25,in_window,9.0,206.01226682656983,6.006868952595859,0.006868952595858957,0.006868952595858957,3,thickness_grids_L9000mm.csv,80,19,191,2,2250,10,1.4397386934673368,1.4747386934673368,0.035,58.60838245668447,1,3.6658399245875426,58.60838245668447,87.60949569587476,3066.332349355609,3066.332350109291,5110.5539168488185,155.3750671738138,6.501351480306004,92.3552841313502,238.4519978145798,616.88072176607,16691.639847020546,0.8225076290214267,0.3865447393653586,0.0142857142857143,0.3722590250796442,0.0285714285644059,0.0285714285714286,0.6277409749203557,10.0,10.0,1.0,22500.0,2250.0,10.0,3.499999999999992,34.99999999999992,12265.329397422438,1226.5329397422438,1226.5329400437165,1.0000000002457925,206012.26682656983,184.40040483215392,184.40040483215392,2.451508670661645,2.451508670661645,1.0,12265.329397422438,2.451508670661645,184.40040483215392,142.81317859307228,142.81317859307228,2.5000000000000004e+16,0.6134552606346414,0.0142857142857143,0.599169546348927,20.9709341222124,15853.02050089289,32.0,0,1,1,mechanical,91.56100747847547,9.156100747847548,pareto,closest,
6,0.25,in_window,10.0,215.6513913916312,5.996006811250594,-0.003993188749405796,0.003993188749405796,3,thickness_grids_L10000mm.csv,74,18,180,2,2500,10,1.3568793969849249,1.388879396984925,0.032,57.84054400682728,1,3.7080263536850935,57.84054400682728,95.6239979667327,3059.967934935449,3059.967936547167,5099.946560911945,166.53703290472566,6.4578319250997955,96.81390136404607,247.2711293000461,714.474637101091,15825.352275202964,0.9526328494681212,0.3460880435214941,0.0156249999999999,0.3304630435214941,0.0312499999835402,0.0312499999999999,0.6695369564785059,10.0,10.0,1.0,25000.0,2500.0,10.0,3.200000000000003,32.00000000000003,12239.871739741797,1223.9871739741798,1223.987174618867,1.000000000526711,215651.3913916312,175.1453068597445,175.1453068597445,2.338162906567192,2.338162906567192,1.0,12239.871739741797,2.338162906567192,175.1453068597445,146.23375061329966,146.23375061329966,2.4999999999999996e+16,0.6539119564785059,0.0156249999999999,0.6382869564785059,20.425182607312205,16172.960363896796,32.0,0,1,1,mechanical,86.26055655665249,8.62605565566525,pareto,closest,
