target_scan_yrs,scan_margin_yrs,match_status,solenoid_length_m,length_tape_km,scan,scan_error_yrs,abs_scan_error_yrs,n_candidates_in_window,source_file,pareto_rank,row_i,col_j,ri,rf,th,v,v_bore,b0,je_tape,je_max,je_coil,stress,length_tape,j_crit,converged,f_tape_min,pancake_length_m,search_pool,pick_rule,note
1.0,0.25,outside_window,2.0,693.0658598845341,5.816118778106168,4.816118778106168,4.816118778106168,0,thickness_grids_L2000mm.csv,53,149,149,1.5,1.9,0.4,14.137166941154067,14.137166941154067,12.087644442409593,972.5815241592404,972.5815241592404,47.32961753765375,749.9999999999999,693065.8598845341,2431.453810398101,True,0.0486639077156728,1386.1317197690682,pareto,closest,no design within +/-0.25 yr; nearest is 5.816 yr at 693.1 km
1.0,0.25,in_window,3.0,886.5029000367903,1.0035353207498643,0.0035353207498642902,0.0035353207498642902,23,thickness_grids_L3000mm.csv,148,130,148,1.49,1.7949683347596954,0.3049683347596955,20.9239495507041,20.9239495507041,13.527444571459696,928.697157186154,928.697157186154,52.317678394078264,750.0,886502.9000367903,2321.7428929653847,True,0.0563344875013883,1182.0038667157205,pareto,closest,
1.0,0.25,in_window,4.0,685.7747937934688,1.0026135824294538,0.0026135824294537535,0.0026135824294537535,16,thickness_grids_L4000mm.csv,116,86,148,1.49,1.6245889824782669,0.1345889824782667,27.8985994009388,27.8985994009388,10.646329884579004,1021.347064052064,1021.347064052064,79.7785239200353,750.0,685774.7937934689,2553.36766013016,True,0.078111081656733,685.7747937934688,pareto,closest,
1.0,0.25,in_window,5.0,606.864762985406,0.99735937353584,-0.0026406264641599675,0.0026406264641599675,15,thickness_grids_L5000mm.csv,106,66,148,1.49,1.5700905364623214,0.0800905364623215,34.8732492511735,34.8732492511735,8.851401734577149,1090.180628641981,1090.180628641981,103.11130348350127,750.0000000000001,606864.762985406,2725.4515716049523,True,0.0945818525613918,485.4918103883248,pareto,closest,
1.0,0.25,in_window,6.0,563.1511234673837,1.0063920875724064,0.006392087572406391,0.006392087572406391,15,thickness_grids_L6000mm.csv,98,54,148,1.49,1.5442754830863474,0.0542754830863474,41.8478991014082,41.8478991014082,7.58662810632632,1145.1739446165625,1145.1739446165625,124.6487233294672,750.0,563151.1234673838,2862.934861541406,True,0.1088469781516057,375.4340823115892,pareto,closest,
1.0,0.25,in_window,7.0,537.691952712997,1.0102257387233342,0.01022573872333421,0.01022573872333421,14,thickness_grids_L7000mm.csv,92,46,148,1.49,1.5299337867663618,0.0399337867663618,48.8225489516429,48.8225489516429,6.665718980720646,1189.2235396739468,1189.2235396739468,144.6646617470913,749.9999999999999,537691.952712997,2973.058849184867,True,0.1216463153653639,307.25254440742685,pareto,closest,
1.0,0.25,in_window,8.0,519.9881713906286,1.000674368293046,0.0006743682930459016,0.0006743682930459016,16,thickness_grids_L8000mm.csv,92,40,149,1.5,1.5306833926399712,0.0306833926399711,56.54866776461627,56.54866776461627,5.911669417756553,1228.1679117106576,1228.1679117106576,163.95273087212297,749.9999999999999,519988.1713906287,3070.4197792766436,True,0.1334937424344207,259.9940856953143,pareto,closest,
1.0,0.25,in_window,9.0,515.0416909758317,0.9877609622486984,-0.01223903775130164,0.01223903775130164,11,thickness_grids_L9000mm.csv,88,36,148,1.49,1.5152335480383767,0.0252335480383766,62.7718486521123,62.7718486521123,5.436694360952133,1254.1715612592316,1254.1715612592316,180.75971746953277,749.9999999999999,515041.6909758317,3135.4289031480785,True,0.1441267869987769,228.90741821148077,pareto,closest,
1.0,0.25,in_window,10.0,501.6073978881778,1.0055235151553816,0.005523515155381631,0.005523515155381631,14,thickness_grids_L10000mm.csv,87,32,149,1.5,1.5203573712895817,0.0203573712895815,70.68583470577035,70.68583470577035,4.902605319270308,1284.8947827575737,1284.8947827575737,200.19482491125495,749.9999999999999,501607.3978881777,3212.2369568939334,True,0.1558063956658049,200.6429591552711,pareto,closest,
2.0,0.25,outside_window,2.0,693.0658598845341,5.816118778106168,3.8161187781061683,3.8161187781061683,0,thickness_grids_L2000mm.csv,53,149,149,1.5,1.9,0.4,14.137166941154067,14.137166941154067,12.087644442409593,972.5815241592404,972.5815241592404,47.32961753765375,749.9999999999999,693065.8598845341,2431.453810398101,True,0.0486639077156728,1386.1317197690682,pareto,closest,no design within +/-0.25 yr; nearest is 5.816 yr at 693.1 km
2.0,0.25,in_window,3.0,657.3363508124005,1.997675015748425,-0.002324984251574902,0.002324984251574902,15,thickness_grids_L3000mm.csv,97,104,149,1.5,1.6958997342462052,0.1958997342462051,21.205750411731103,21.205750411731103,11.262273457433736,999.86376308968,999.86376308968,66.83156159705034,749.9999999999999,657336.3508124005,2499.6594077242,True,0.0668406677631101,876.4484677498673,pareto,closest,
2.0,0.25,in_window,4.0,533.6790266239375,1.989159700034204,-0.010840299965795941,0.010840299965795941,14,thickness_grids_L4000mm.csv,84,71,148,1.49,1.5823706139363092,0.0923706139363091,27.8985994009388,27.8985994009388,8.970484537404335,1085.29883872891,1085.29883872891,97.44586778162468,750.0000000000001,533679.0266239375,2713.247096822275,True,0.0897871298708401,533.6790266239375,pareto,closest,
2.0,0.25,in_window,5.0,480.59353473612623,2.0026175800631063,0.002617580063106306,0.002617580063106306,12,thickness_grids_L5000mm.csv,72,55,147,1.48,1.5362295392099454,0.0562295392099454,34.40672274211541,34.40672274211541,7.519686235205011,1148.255269333243,1148.255269333243,124.285032747485,750.0000000000001,480593.53473612625,2870.6381733331073,True,0.1082381558062899,384.474827788901,pareto,closest,
2.0,0.25,in_window,6.0,450.5717237237523,1.9724656623676868,-0.027534337632313166,0.027534337632313166,9,thickness_grids_L6000mm.csv,71,45,148,1.49,1.5283024188099634,0.0383024188099635,41.8478991014082,41.8478991014082,6.411922082091185,1202.0260334846942,1202.0260334846942,149.12105998121822,749.9999999999999,450571.7237237523,3005.0650837117355,True,0.124058095105406,300.3811491491682,pareto,closest,
2.0,0.25,in_window,7.0,430.1762818106361,1.9772268365084325,-0.02277316349156755,0.02277316349156755,11,thickness_grids_L7000mm.csv,65,38,149,1.5,1.527886761857574,0.0278867618575739,49.48008429403925,49.48008429403925,5.573087124909426,1246.581568381023,1246.581568381023,173.2737534566656,750.0,430176.2818106361,3116.4539209525574,True,0.1389991299820853,245.81501817750635,pareto,closest,
2.0,0.25,in_window,8.0,417.4887157759314,2.0068649090662007,0.006864909066200742,0.006864909066200742,10,thickness_grids_L8000mm.csv,64,33,149,1.5,1.5215226341155803,0.0215226341155803,56.54866776461627,56.54866776461627,4.967682138293059,1281.0631854890296,1281.0631854890296,196.3384727435471,750.0,417488.71577593137,3202.6579637225736,True,0.1532621302114754,208.7443578879657,pareto,closest,
2.0,0.25,in_window,9.0,418.2683566181803,2.0102881160135544,0.010288116013554394,0.010288116013554394,8,thickness_grids_L9000mm.csv,62,30,146,1.47,1.4881344083599837,0.0181344083599837,61.09800808627965,61.09800808627965,4.655484263056321,1299.676551282495,1299.676551282495,215.04426629106015,750.0,418268.35661818035,3249.191378206237,True,0.1654598338939475,185.89704738585797,pareto,closest,
2.0,0.25,in_window,10.0,414.53713807481313,1.9943989259179329,-0.0056010740820671145,0.0056010740820671145,10,thickness_grids_L10000mm.csv,62,27,146,1.47,1.485068870771587,0.0150688707715868,67.88667565142183,67.88667565142183,4.2726290525239445,1323.3288342688402,1323.3288342688402,235.2796050767503,750.0,414537.1380748131,3308.3220856721,True,0.1777937569135988,165.81485522992526,pareto,closest,
3.0,0.25,outside_window,2.0,693.0658598845341,5.816118778106168,2.8161187781061683,2.8161187781061683,0,thickness_grids_L2000mm.csv,53,149,149,1.5,1.9,0.4,14.137166941154067,14.137166941154067,12.087644442409593,972.5815241592404,972.5815241592404,47.32961753765375,749.9999999999999,693065.8598845341,2431.453810398101,True,0.0486639077156728,1386.1317197690682,pareto,closest,no design within +/-0.25 yr; nearest is 5.816 yr at 693.1 km
3.0,0.25,in_window,3.0,565.5106934335457,2.9804064950315547,-0.019593504968445252,0.019593504968445252,9,thickness_grids_L3000mm.csv,74,93,148,1.49,1.6470516643394442,0.1570516643394441,20.9239495507041,20.9239495507041,10.304574263132972,1033.7107848922672,1033.7107848922672,75.53631211057979,750.0000000000002,565510.6934335458,2584.276962230668,True,0.073072965102567,754.0142579113943,pareto,closest,
3.0,0.25,in_window,4.0,459.06237901367666,2.9998777038706894,-0.00012229612931058398,0.00012229612931058398,8,thickness_grids_L4000mm.csv,61,63,149,1.5,1.5731527408675283,0.0731527408675285,28.274333882308134,28.274333882308134,8.005081840164735,1126.3159378333955,1126.3159378333955,109.814217231456,750.0,459062.37901367666,2815.7898445834885,True,0.0974985912413677,459.06237901367666,pareto,closest,
3.0,0.25,in_window,5.0,417.9114994442856,2.985521789624432,-0.014478210375568068,0.014478210375568068,7,thickness_grids_L5000mm.csv,55,49,148,1.49,1.5350430160803568,0.0450430160803567,34.8732492511735,34.8732492511735,6.7293002999452245,1186.062916099533,1186.062916099533,138.95187271737484,750.0,417911.4994442856,2965.1572902488315,True,0.1171538801451863,334.3291995554285,pareto,closest,
3.0,0.25,in_window,6.0,391.9518415646921,3.0382113122680794,0.03821131226807939,0.03821131226807939,8,thickness_grids_L6000mm.csv,52,40,148,1.49,1.5206833926399712,0.0306833926399711,41.8478991014082,41.8478991014082,5.75554037630646,1236.5843426109816,1236.5843426109816,167.00832309099417,749.9999999999999,391951.8415646921,3091.460856527454,True,0.1350561521249452,261.3012277097947,pareto,closest,
3.0,0.25,in_window,7.0,378.04784815025016,3.0410628706121967,0.04106287061219671,0.04106287061219671,6,thickness_grids_L7000mm.csv,48,34,148,1.49,1.5127237511823792,0.0227237511823791,48.8225489516429,48.8225489516429,5.060521309472756,1275.6401204366127,1275.6401204366125,192.8336729758851,750.0000000000001,378047.84815025015,3189.100301091531,True,0.1511662026668493,216.02734180014295,pareto,closest,
3.0,0.25,in_window,8.0,374.013124998054,2.983257252127047,-0.016742747872953156,0.016742747872953156,6,thickness_grids_L8000mm.csv,50,30,147,1.48,1.4981344083599837,0.0181344083599837,55.05075638738466,55.05075638738466,4.600728062493529,1303.002454636884,1303.002454636884,215.4248414274347,749.9999999999998,374013.12499805394,3257.50613659221,True,0.1653295745229187,187.00656249902696,pareto,closest,
3.0,0.25,in_window,9.0,372.94744761932736,2.9877618806536015,-0.012238119346398513,0.012238119346398513,6,thickness_grids_L9000mm.csv,47,27,145,1.46,1.4750688707715869,0.0150688707715868,60.26957010352802,60.26957010352802,4.264653413649254,1323.831601892642,1323.831601892642,236.88646487791863,750.0000000000003,372947.44761932734,3309.579004731605,True,0.1789400287311839,165.7544211641455,pareto,closest,
3.0,0.25,in_window,10.0,367.6802445828732,2.968877976636138,-0.031122023363861828,0.031122023363861828,6,thickness_grids_L10000mm.csv,47,24,146,1.47,1.4823260213503897,0.0123260213503896,67.88667565142183,67.88667565142183,3.8681215270075806,1349.3672129595916,1349.3672129595916,260.384181484292,749.9999999999999,367680.2445828733,3373.4180323989785,True,0.1929676214032106,147.0720978331493,pareto,closest,
4.0,0.25,outside_window,2.0,693.0658598845341,5.816118778106168,1.8161187781061683,1.8161187781061683,0,thickness_grids_L2000mm.csv,53,149,149,1.5,1.9,0.4,14.137166941154067,14.137166941154067,12.087644442409593,972.5815241592404,972.5815241592404,47.32961753765375,749.9999999999999,693065.8598845341,2431.453810398101,True,0.0486639077156728,1386.1317197690682,pareto,closest,no design within +/-0.25 yr; nearest is 5.816 yr at 693.1 km
4.0,0.25,in_window,3.0,503.4219019042949,3.984930801440352,-0.015069198559647834,0.015069198559647834,7,thickness_grids_L3000mm.csv,59,85,149,1.5,1.63152344488987,0.1315234448898698,21.205750411731103,21.205750411731103,9.476589784589034,1065.0748899385685,1065.0748899385685,82.87690649271032,749.9999999999998,503421.9019042949,2662.687224846421,True,0.0778132197797757,671.2292025390599,pareto,closest,
4.0,0.25,in_window,4.0,420.65731261965726,4.007335744193063,0.007335744193063043,0.007335744193063043,6,thickness_grids_L4000mm.csv,47,59,147,1.48,1.5444043061123374,0.0644043061123372,27.52537819369233,27.52537819369233,7.614539386074332,1143.8945424693884,1143.8945424693884,117.95084705171264,750.0,420657.31261965726,2859.736356173471,True,0.1031133926009347,420.65731261965726,pareto,closest,
4.0,0.25,in_window,5.0,378.1086344346459,3.978767679663595,-0.021232320336404875,0.021232320336404875,6,thickness_grids_L5000mm.csv,43,45,149,1.5,1.5383024188099634,0.0383024188099635,35.34291735288517,35.34291735288517,6.19364307410503,1213.2813141108588,1213.2813141108588,150.5747938648203,750.0000000000002,378108.63443464594,3033.203285277147,True,0.1241054256037624,302.4869075477167,pareto,closest,
4.0,0.25,in_window,6.0,358.19832539024657,4.034651339418187,0.0346513394181871,0.0346513394181871,5,thickness_grids_L6000mm.csv,40,37,148,1.49,1.5165422278275753,0.0265422278275753,41.8478991014082,41.8478991014082,5.3615343953569035,1258.3975372106795,1258.3975372106795,179.79882838701835,750.0,358198.3253902466,3145.993843026699,True,0.1428791960174637,238.79888359349772,pareto,closest,
4.0,0.25,in_window,7.0,351.459376435481,4.001329215483365,0.0013292154833646208,0.0013292154833646208,5,thickness_grids_L7000mm.csv,38,32,146,1.47,1.4903573712895817,0.0203573712895815,47.52067295599528,47.52067295599528,4.832613830930891,1289.0438836611972,1289.0438836611972,205.1069303378044,750.0,351459.37643548095,3222.6097091529928,True,0.1591155529594935,200.8339293917034,pareto,closest,
4.0,0.25,in_window,8.0,345.4776930193663,4.027803260606917,0.027803260606916957,0.027803260606916957,5,thickness_grids_L8000mm.csv,38,28,145,1.46,1.476054862393586,0.0160548623935858,53.572951203136014,53.572951203136014,4.365965275952987,1317.476050522265,1317.476050522265,230.51722177802833,750.0000000000003,345477.6930193663,3293.6901263056625,True,0.1749688138062534,172.73884650968316,pareto,closest,
4.0,0.25,in_window,9.0,334.70165082326963,3.944073758813635,-0.05592624118636502,0.05592624118636502,5,thickness_grids_L9000mm.csv,36,24,149,1.5,1.5123260213503895,0.0123260213503896,63.61725123519331,63.61725123519331,3.803382247305072,1353.6392001581648,1353.6392001581648,258.9373841105998,750.0,334701.6508232696,3384.098000395412,True,0.1912898090424276,148.7562892547865,pareto,closest,
4.0,0.25,in_window,10.0,337.75749559907587,3.9474585143582206,-0.052541485641779406,0.052541485641779406,4,thickness_grids_L10000mm.csv,37,22,146,1.47,1.4806767262735911,0.0106767262735912,67.88667565142183,67.88667565142183,3.6022081418900394,1367.1053966557442,1367.1053966557442,279.929476148366,750.0000000000001,337757.49559907586,3417.7634916393604,True,0.2047607132801452,135.10299823963035,pareto,closest,
