source_file,pareto_rank,row_i,col_j,solenoid_length_m,ri,rf,th,v,b0,v_bore,scan,je_coil,je_tape,je_max,j_crit,stress,f_tape_min,length_tape,converged,length_tape_km,pancake_length_m
thickness_grids_L2000mm.csv,1,72,98,2.0,1.484858585858586,1.7502635445362718,0.2654049586776859,13.853198506846974,10.485145772673556,13.853198506846974,10.991994780359136,59.72935156316579,1540.7063379550195,1540.7063379550198,2567.8438965917,750.0000000000001,0.0387675120766002,348575.02090116113,1,348.5750209011611,697.1500418023222
thickness_grids_L2000mm.csv,2,72,99,2.0,1.5,1.765404958677686,0.2654049586776859,14.137166941154067,10.381782775677806,14.137166941154067,10.68838831883406,59.541796484387504,1546.3334148976744,1546.3334148976744,2577.222358162791,750.0,0.038505147667864,349456.79688881466,1,349.45679688881467,698.9135937776293
thickness_grids_L2000mm.csv,3,73,98,2.0,1.484858585858586,1.7576311600857055,0.2727725742271197,13.853198506846974,10.597570338520262,13.853198506846974,10.532929404899836,58.832919416358024,1534.6367473212115,1534.6367473212115,2557.727912202019,750.0000000000002,0.0383367070540008,355077.1601840711,1,355.0771601840711,710.1543203681422
thickness_grids_L2000mm.csv,4,73,99,2.0,1.5,1.77277257422712,0.2727725742271197,14.137166941154067,10.49337468634261,14.137166941154067,10.240926575505169,58.64932963587298,1540.260287001441,1540.260287001441,2567.100478335735,750.0000000000001,0.0380775445103832,355970.56002948846,1,355.97056002948847,711.9411200589769
thickness_grids_L2000mm.csv,5,74,98,2.0,1.484858585858586,1.7651003979185798,0.2802418120599939,13.853198506846974,10.708919684489455,13.853198506846974,10.101637013294082,57.95997221564157,1528.6767082816884,1528.6767082816884,2547.794513802814,750.0000000000001,0.0379151274443054,361619.59093143046,1,361.6195909314305,723.239181862861
thickness_grids_L2000mm.csv,6,74,99,2.0,1.5,1.780241812059994,0.2802418120599939,14.137166941154067,10.60391064889121,14.137166941154067,9.820548297187976,57.78025051198435,1534.2960087879603,1534.2960087879603,2557.1600146466008,750.0,0.0376591284739303,362524.7616764091,1,362.5247616764091,725.0495233528183
thickness_grids_L2000mm.csv,7,75,98,2.0,1.484858585858586,1.7726712580348944,0.2878126721763086,13.853198506846974,10.819191539212053,13.853198506846974,9.696057149905128,57.1096030706317,1522.8241952595768,1522.8241952595768,2538.040325432628,750.0,0.0375024269041752,368202.13813024457,1,368.2021381302446,736.4042762604892
thickness_grids_L2000mm.csv,8,75,99,2.0,1.5,1.7878126721763086,0.2878126721763086,14.137166941154067,10.713388364986198,14.137166941154067,9.425243522649051,56.93365566434661,1528.43857969625,1528.43857969625,2547.3976328270837,750.0000000000001,0.0372495541663579,369119.23219249747,1,369.11923219249746,738.2384643849949
thickness_grids_L2000mm.csv,9,76,98,2.0,1.484858585858586,1.7803437404346496,0.2954851545760637,13.853198506846974,10.928383989777355,13.853198506846974,9.314308517496238,56.280951786037775,1517.0772237718193,1517.0772237718193,2528.4620396196988,750.0000000000003,0.0370982774667922,374824.6349916137,1,374.82463499161366,749.6492699832273
thickness_grids_L2000mm.csv,10,76,99,2.0,1.5,1.7954851545760635,0.2954851545760637,14.137166941154067,10.821805886106452,14.137166941154067,9.053177092767807,56.10868816087243,1522.6860394683558,1522.6860394683558,2537.810065780593,750.0000000000001,0.0368484945067617,375753.8100246582,1,375.7538100246582,751.5076200493164
thickness_grids_L2000mm.csv,11,77,98,2.0,1.484858585858586,1.7881178451178452,0.3032592592592593,13.853198506846974,11.036495472454844,13.853198506846974,8.954671255175008,55.4732018810628,1511.4338496454625,1511.4338496454625,2519.0564160757704,750.0000000000001,0.0367023683465043,381486.9228899118,1,381.4869228899118,762.9738457798236
thickness_grids_L2000mm.csv,12,77,99,2.0,1.5,1.8032592592592591,0.3032592592592593,14.137166941154067,10.929161604452124,14.137166941154067,8.70267135712684,55.3045346168487,1517.0364673948804,1517.0364673948802,2528.3941123248005,750.0,0.0364556395350337,382428.3416386387,1,382.4283416386387,764.8566832772774
thickness_grids_L2000mm.csv,13,78,98,2.0,1.484858585858586,1.7959935720844813,0.3111349862258953,13.853198506846974,11.143524763461246,13.853198506846974,8.615571172129846,54.685577833111175,1505.892168242906,1505.892168242906,2509.8202804048433,749.9999999999999,0.0363144048334609,388188.85129238846,1,388.1888512923885,776.3777025847769
thickness_grids_L2000mm.csv,14,78,99,2.0,1.5,1.8111349862258952,0.3111349862258953,14.137166941154067,11.035454243899062,14.137166941154067,8.372190789264945,54.52042244944973,1511.4879815682589,1511.4879815682589,2519.1466359470983,749.9999999999999,0.0360706953110414,389142.6814445552,1,389.1426814445552,778.2853628891104
thickness_grids_L2000mm.csv,15,79,98,2.0,1.484858585858586,1.8039709213345576,0.3191123354759718,13.853198506846974,11.249470969773803,13.853198506846974,8.295565699783314,53.917342526475295,1500.450313696867,1500.450313696867,2500.7505228281116,749.9999999999998,0.0359341072705244,394930.27767932334,1,394.93027767932335,789.8605553586467
thickness_grids_L2000mm.csv,16,79,99,2.0,1.5,1.819112335475972,0.3191123354759718,14.137166941154067,11.140682851006158,14.137166941154067,8.060328278913664,53.75561733643445,1506.0387381444452,1506.0387381444457,2510.0645635740757,749.9999999999998,0.0356933828957583,395896.69171334186,1,395.89669171334185,791.7933834266837
thickness_grids_L2000mm.csv,17,80,98,2.0,1.484858585858586,1.8120498928680748,0.3271913070094889,13.853198506846974,11.354333519995343,13.853198506846974,7.993331356313491,53.1677948885583,1495.1064581554788,1495.1064581554788,2491.844096925798,750.0000000000003,0.0355612101055009,401711.06745507056,1,401.7110674550706,803.4221349101412
thickness_grids_L2000mm.csv,18,80,99,2.0,1.5,1.827191307009489,0.3271913070094889,14.137166941154067,11.244846786078046,14.137166941154067,7.765792900132515,53.00942086163805,1500.6869306136286,1500.6869306136284,2501.144884356047,750.0000000000002,0.0353234374074028,402690.2424843314,1,402.6902424843314,805.3804849686628
thickness_grids_L2000mm.csv,19,81,98,2.0,1.484858585858586,1.8202304866850323,0.3353719008264463,13.853198506846974,11.458112155274652,13.853198506846974,7.707652544383383,52.43626769784594,1489.858811037995,1489.8588110379949,2483.098018396658,749.9999999999999,0.0351954610123849,408531.0938502223,1,408.5310938502223,817.0621877004446
thickness_grids_L2000mm.csv,20,81,99,2.0,1.5,1.8353719008264464,0.3353719008264463,14.137166941154067,11.347945714288173,14.137166941154067,7.4873989804856835,52.281168331543505,1495.430789080398,1495.430789080398,2492.38464846733,750.0,0.0349606071463149,409523.2114642974,1,409.5232114642974,819.0464229285948
thickness_grids_L2000mm.csv,21,82,98,2.0,1.484858585858586,1.8285127027854304,0.3436541169268443,13.853198506846974,11.560806920288623,13.853198506846974,7.437411526008347,51.722125549346245,1484.7056183013397,1484.7056183013397,2474.509363835566,750.0,0.034836620075919,415390.2378152915,1,415.3902378152915,830.780475630583
thickness_grids_L2000mm.csv,22,82,99,2.0,1.5,1.8436541169268443,0.3436541169268443,14.137166941154067,11.44997959686732,14.137166941154067,7.2240563189482865,51.5702267487,1490.2685795537056,1490.2685795537056,2483.780965922843,750.0,0.0346046527828855,416395.4839182964,1,416.3954839182964,832.7909678365928
thickness_grids_L2000mm.csv,23,83,98,2.0,1.484858585858586,1.8368965411692688,0.3520379553106826,13.853198506846974,11.662418154291617,13.853198506846974,7.181579438382228,51.02476296454363,1479.6451617177445,1479.6451617177445,2466.0752695295737,750.0000000000001,0.0344844590342918,422288.3879062508,1,422.2883879062508,844.5767758125016
thickness_grids_L2000mm.csv,24,83,99,2.0,1.5,1.8520379553106827,0.3520379553106826,14.137166941154067,11.550948682363712,14.137166941154067,6.974761419637022,50.87599292908911,1485.19860324685,1485.19860324685,2475.3310054114168,750.0000000000001,0.0342553466033883,423306.9525526952,1,423.3069525526952,846.6139051053905
thickness_grids_L2000mm.csv,25,84,98,2.0,1.484858585858586,1.8453820018365472,0.3605234159779615,13.853198506846974,11.762946482239617,13.853198506846974,6.939208231629916,50.34360263412011,1474.6757581635418,1474.6757581635418,2457.7929302725697,750.0,0.0341387605752836,429225.4401623955,1,429.2254401623955,858.450880324791
thickness_grids_L2000mm.csv,26,84,99,2.0,1.5,1.8605234159779616,0.3605234159779615,14.137166941154067,11.650853497981023,14.137166941154067,6.738589625201187,50.19789175173508,1480.2191958876597,1480.2191958876597,2467.031993146099,750.0000000000001,0.0339124718090366,430257.5173908204,1,430.2575173908204,860.5150347816408
thickness_grids_L2000mm.csv,27,85,98,2.0,1.484858585858586,1.8539690847872667,0.3691104989286808,13.853198506846974,11.86239280599598,13.853198506846974,6.709423424279035,49.67809378276447,1469.795758919206,1469.7957589192065,2449.659598198677,750.0,0.0337993176815903,436201.2979769522,1,436.2012979769522,872.4025959539044
thickness_grids_L2000mm.csv,28,85,99,2.0,1.5,1.8691104989286809,0.3691104989286808,14.137166941154067,11.749694841000634,14.137166941154067,6.514688048175659,49.535374529920105,1475.3287270389856,1475.3287270389858,2458.881211731643,749.9999999999999,0.0335758218640116,437247.0856416417,1,437.2470856416417,874.4941712832834
thickness_grids_L2000mm.csv,29,86,98,2.0,1.484858585858586,1.8626577900214265,0.3777992041628406,13.853198506846974,11.960758295625253,13.853198506846974,6.491417585072961,49.027710646357875,1465.0035489806687,1465.0035489806687,2441.672581634448,750.0,0.0334659330214392,443215.8719608931,1,443.21587196089314,886.4317439217863
thickness_grids_L2000mm.csv,30,86,99,2.0,1.5,1.8777992041628409,0.3777992041628406,14.137166941154067,11.84747377029556,14.137166941154067,6.302269211116456,48.887917494335746,1470.5255994295424,1470.5255994295424,2450.875999049237,750.0000000000002,0.0332451998885981,444275.5715619997,1,444.2755715619997,888.5511431239994
thickness_grids_L2000mm.csv,31,87,98,2.0,1.484858585858586,1.8714481175390267,0.3865895316804408,13.853198506846974,12.058044380784478,13.853198506846974,6.284444460866085,48.39195105269941,1460.297546381787,1460.2975463817872,2433.8292439696456,749.9999999999998,0.0331384183809671,450269.0798005213,1,450.2690798005213,900.5381596010426
thickness_grids_L2000mm.csv,32,87,99,2.0,1.5,1.8865895316804409,0.3865895316804408,14.137166941154067,11.94419159794294,14.137166941154067,6.100605317198381,48.25502037936062,1465.808248295084,1465.808248295084,2443.0137471584735,750.0,0.0329204180938995,451342.8963128569,1,451.3428963128569,902.6857926257136
thickness_grids_L2000mm.csv,33,88,98,2.0,1.484858585858586,1.8803400673400672,0.3954814814814815,13.853198506846974,12.15425274221695,13.853198506846974,6.087813680014398,47.77033509770459,1455.6762015280096,1455.6762015280096,2426.127002546683,749.9999999999999,0.0328165941351246,457360.84610924777,1,457.36084610924775,914.7216922184956
thickness_grids_L2000mm.csv,34,88,99,2.0,1.5,1.8954814814814815,0.3954814814814815,14.137166941154067,12.03984988094176,14.137166941154067,5.909023082384469,47.63620510443701,1461.1751407299273,1461.1751407299273,2435.2919012165457,750.0000000000003,0.0326012972549207,458448.98781007587,1,458.4489878100759,916.8979756201518
thickness_grids_L2000mm.csv,35,89,98,2.0,1.484858585858586,1.8893336394245488,0.4044750535659627,13.853198506846974,12.24938530335765,13.853198506846974,5.9008859690707345,47.162403909728866,1451.137996541045,1451.137996541045,2418.563327568408,750.0,0.032500288754168,464491.1022741649,1,464.49110227416486,928.9822045483296
thickness_grids_L2000mm.csv,36,89,99,2.0,1.5,1.9044750535659627,0.4044750535659627,14.137166941154067,12.134450413043268,14.137166941154067,5.726899068479134,47.03101454322061,1456.6247750487169,1456.6247750487169,2427.707958414528,750.0,0.0322876662190835,465593.78057025874,1,465.59378057025873,931.1875611405176
thickness_grids_L2000mm.csv,37,90,98,2.0,1.484858585858586,1.8984288337924704,0.4135702479338843,13.853198506846974,12.343444222056544,13.853198506846974,5.723068827925597,46.56771849529656,1446.6814446144688,1446.6814446144688,2411.135741024115,750.0,0.0321893383430424,471659.7862979173,1,471.65978629791726,943.3195725958344
thickness_grids_L2000mm.csv,38,90,99,2.0,1.5,1.9135702479338843,0.4135702479338843,14.137166941154067,12.227995216700055,14.137166941154067,5.553655463528649,46.4390113738126,1452.1556801583956,1452.1556801583956,2420.2594669306595,750.0,0.031979361447491,472777.2155521623,1,472.7772155521623,945.5544311043246
thickness_grids_L2000mm.csv,39,91,99,2.0,1.5,1.9227670645852464,0.4227670645852464,14.137166941154067,12.320486535141429,14.137166941154067,5.388756262267575,45.859777003957426,1447.7664149402322,1447.7664149402322,2412.944024900387,749.9999999999999,0.0316762265864902,479999.239994255,1,479.99923999425505,959.99847998851
thickness_grids_L2000mm.csv,40,92,99,2.0,1.5,1.9320655035200491,0.4320655035200491,14.137166941154067,12.411926824579972,14.137166941154067,5.231703804768508,45.29291056560545,1443.4555676418408,1443.455567641841,2405.7592794030684,749.9999999999999,0.0313781120672803,487259.8072489179,1,487.25980724891787,974.5196144978356
thickness_grids_L2000mm.csv,41,93,99,2.0,1.5,1.941465564738292,0.441465564738292,14.137166941154067,12.502318746556186,14.137166941154067,5.082035636221891,44.73802797371331,1439.2217552790491,1439.2217552790491,2398.702925465082,750.0,0.03108487473151,494558.8766138491,1,494.55887661384907,989.117753227698
thickness_grids_L2000mm.csv,42,94,99,2.0,1.5,1.9509672482399756,0.4509672482399756,14.137166941154067,12.591665160426071,14.137166941154067,4.939321654961081,44.19476104457804,1435.0636230474888,1435.0636230474888,2391.772705079148,750.0000000000001,0.0307963774809693,501896.413161204,1,501.8964131612039,1003.792826322408
thickness_grids_L2000mm.csv,43,95,99,2.0,1.5,1.9605705540250995,0.4605705540250995,14.137166941154067,12.679969115997189,14.137166941154067,4.80316151952082,43.662756669389424,1430.9798437437803,1430.9798437437803,2384.966406239634,750.0,0.0305124889496398,509272.38756499544,1,509.2723875649954,1018.5447751299909
thickness_grids_L2000mm.csv,44,96,99,2.0,1.5,1.970275482093664,0.470275482093664,14.137166941154067,12.767233846317009,14.137166941154067,4.673182288749657,43.14167603903426,1426.9691171962031,1426.9691171962031,2378.281861993672,750.0,0.0302330831965037,516686.7759272557,1,516.6867759272557,1033.373551854511
thickness_grids_L2000mm.csv,45,97,99,2.0,1.5,1.980082032445669,0.4800820324456689,14.137166941154067,12.85346276061869,14.137166941154067,4.549036271838709,42.63119391650917,1423.030169704685,1423.030169704685,2371.7169495078083,750.0,0.0299580394176437,524139.5596034952,1,524.1395596034952,1048.2791192069903
thickness_grids_L2000mm.csv,46,98,99,2.0,1.5,1.9899902050811145,0.4899902050811142,14.137166941154067,12.938659437426884,14.137166941154067,4.430399067639548,42.1309979535855,1419.1617534900206,1419.1617534900206,2365.2695891500343,750.0,0.0296872416762757,531630.7250279221,1,531.630725027922,1063.261450055844
thickness_grids_L2000mm.csv,47,99,99,2.0,1.5,2.0,0.5,14.137166941154067,13.022827617827389,14.137166941154067,4.3169677748551925,41.64078804863842,1415.3626461521728,1415.3626461521728,2358.937743586954,750.0000000000001,0.0294205786494674,539160.263538912,1,539.1602635389121,1078.3205270778242
