candidate_rank,source_file,pareto_rank,row_i,col_j,solenoid_length_m,ri,rf,th,v,b0,v_bore,scan,je_coil,je_tape,je_max,j_crit,stress,f_tape_min,length_tape,converged,length_tape_km,pancake_length_m,scan_error_yrs,abs_scan_error_yrs,target_scan_yrs,scan_margin_yrs,search_pool,pick_rule
0,thickness_grids_L10000mm.csv,46,17,99,10.0,1.5,1.5166844199571472,0.0166844199571472,70.68583470577035,4.444171675991479,70.68583470577035,1.4891438463097968,221.40281083366003,1968.9232171206415,1968.9232171206415,3281.53869520107,750.0,0.1124486769765659,296342.5171549955,1,296.3425171549955,118.5370068619982,-0.010856153690203207,0.010856153690203207,1.5,0.25,pareto,closest
1,thickness_grids_L10000mm.csv,47,18,95,10.0,1.4394343434343435,1.457897153351699,0.0184628099173553,65.09289591658843,4.777466057161984,65.09289591658843,1.4677052380179636,214.38470864651777,1938.500687470861,1938.500687470861,3230.834479118102,750.0000000000002,0.1105930526783681,309757.94496439426,1,309.75794496439426,123.90317798575772,-0.0322947619820364,0.0322947619820364,1.5,0.25,pareto,closest
2,thickness_grids_L10000mm.csv,45,17,98,10.0,1.484858585858586,1.501543005815733,0.0166844199571472,69.26599253423487,4.468746959470318,69.26599253423487,1.5585880259802134,222.441564322643,1966.644315474567,1966.644315474567,3277.7405257909454,750.0000000000001,0.1131071656284558,295085.63140789187,1,295.08563140789187,118.03425256315674,0.0585880259802134,0.0585880259802134,1.5,0.25,pareto,closest
3,thickness_grids_L10000mm.csv,48,18,96,10.0,1.4545757575757576,1.473038567493113,0.0184628099173553,66.4695231396439,4.750561694078036,66.4695231396439,1.4000800546758383,213.3507842961476,1940.918238750237,1940.918238750237,3234.863731250395,750.0000000000003,0.1099226026303533,311098.0485656545,1,311.0980485656545,124.4392194262618,-0.09991994532416171,0.09991994532416171,1.5,0.25,pareto,closest
4,thickness_grids_L10000mm.csv,44,17,97,10.0,1.4697171717171718,1.486401591674319,0.0166844199571472,67.86055534552604,4.4936618673276065,67.86055534552604,1.6321059091160566,223.4968974708302,1964.3398111946135,1964.3398111946135,3273.899685324356,750.0000000000001,0.1137771052631217,293823.47672378237,1,293.8234767237824,117.52939068951297,0.13210590911605657,0.13210590911605657,1.5,0.25,pareto,closest
5,thickness_grids_L10000mm.csv,49,18,97,10.0,1.4697171717171718,1.4881799816345271,0.0184628099173553,67.86055534552604,4.724032354564167,67.86055534552604,1.3362830021588703,212.3334028140139,1943.308570023987,1943.308570023987,3238.847616706645,749.9999999999998,0.1092638637472756,312432.38494055,1,312.43238494055004,124.97295397622,-0.1637169978411297,0.1637169978411297,1.5,0.25,pareto,closest
6,thickness_grids_L10000mm.csv,43,17,96,10.0,1.4545757575757576,1.4712601775329048,0.0166844199571472,66.4695231396439,4.518925251876048,66.4695231396439,1.709984162728747,224.5692413607165,1962.0091073398564,1962.0091073398564,3270.015178899761,750.0000000000001,0.1144588169956017,292555.9650666317,1,292.5559650666317,117.02238602665268,0.2099841627287471,0.2099841627287471,1.5,0.25,pareto,closest
7,thickness_grids_L10000mm.csv,50,18,98,10.0,1.484858585858586,1.5033213957759413,0.0184628099173553,69.26599253423487,4.6978684271524385,69.26599253423487,1.2760596982361274,211.33214144627465,1945.6723041616935,1945.6723041616935,3242.7871736028233,750.0,0.1086165131683511,313761.0499630384,1,313.76104996303843,125.50441998521536,-0.22394030176387258,0.22394030176387258,1.5,0.25,pareto,closest
0,thickness_grids_L10000mm.csv,34,15,97,10.0,1.4697171717171718,1.4831496786042242,0.0134325068870523,67.86055534552604,4.03680247989298,67.86055534552604,2.5061086635672547,249.35852706666765,2007.560674001882,2007.560674001882,3345.9344566698037,750.0,0.1242097089746209,257961.62424477225,1,257.9616242447722,103.1846496979089,0.006108663567254702,0.006108663567254702,2.5,0.25,pareto,closest
1,thickness_grids_L10000mm.csv,35,15,98,10.0,1.484858585858586,1.4982910927456383,0.0134325068870523,69.26599253423487,4.014376348708862,69.26599253423487,2.393327047743489,248.17815330317825,2009.7360649611687,2009.7360649611687,3349.560108268615,750.0000000000002,0.1234879333809305,259092.7504191347,1,259.09275041913475,103.6371001676539,-0.10667295225651108,0.10667295225651108,2.5,0.25,pareto,closest
2,thickness_grids_L10000mm.csv,33,15,96,10.0,1.4545757575757576,1.46800826446281,0.0134325068870523,66.4695231396439,4.059543116617294,66.4695231396439,2.625572923879038,250.5579682125668,2005.3600354703856,2005.3600354703856,3342.2667257839767,750.0000000000002,0.1249441316176398,256825.7486975574,1,256.8257486975574,102.73029947902296,0.12557292387903818,0.12557292387903818,2.5,0.25,pareto,closest
3,thickness_grids_L10000mm.csv,36,15,99,10.0,1.5,1.5134325068870524,0.0134325068870523,70.68583470577035,3.9922567159546416,70.68583470577035,2.286789130041599,247.0163626751453,2011.886789523824,2011.886789523824,3353.1446492063737,750.0000000000001,0.122778460478688,260219.2054767777,1,260.21920547677763,104.08768219071106,-0.213210869958401,0.213210869958401,2.5,0.25,pareto,closest
0,thickness_grids_L10000mm.csv,27,14,95,10.0,1.4394343434343435,1.4513933272115092,0.0119589837771655,65.09289591658843,3.8542849341622327,65.09289591658843,3.464607292516622,266.973407813624,2025.416659955162,2025.4166599551625,3375.694433258604,749.9999999999998,0.1318115986167183,238599.06053855995,1,238.5990605385599,95.43962421542398,-0.03539270748337797,0.03539270748337797,3.5,0.25,pareto,closest
1,thickness_grids_L10000mm.csv,26,14,94,10.0,1.4242929292929294,1.436251913070095,0.0119589837771655,63.730673676359615,3.876392127109096,63.730673676359615,3.633585803690513,268.2888215823606,2023.235373192575,2023.235373192575,3372.0589553209584,750.0000000000001,0.1326038606961546,237518.71105709576,1,237.51871105709577,95.0074844228383,0.13358580369051287,0.13358580369051287,3.5,0.25,pareto,closest
2,thickness_grids_L10000mm.csv,25,13,99,10.0,1.5,1.5105870829507193,0.0105870829507193,70.68583470577035,3.547890471502126,70.68583470577035,3.6662252446675927,278.4992714260662,2056.1877048480897,2056.1877048480897,3426.9795080801496,750.0,0.1354444785217902,226041.11324934193,1,226.04111324934192,90.41644529973676,0.1662252446675927,0.1662252446675927,3.5,0.25,pareto,closest
3,thickness_grids_L10000mm.csv,28,14,96,10.0,1.4545757575757576,1.4665347413529233,0.0119589837771655,66.4695231396439,3.832491297788275,66.4695231396439,3.3052781236618243,265.6793416134632,2027.5720569078203,2027.5720569078203,3379.286761513034,749.9999999999998,0.1310332427931767,239674.80004765,1,239.67480004765,95.86992001906,-0.19472187633817573,0.19472187633817573,3.5,0.25,pareto,closest
0,thickness_grids_L3000mm.csv,72,68,98,3.0,1.484858585858586,1.7218093051729415,0.2369507193143557,20.779797760270466,12.28495967056849,20.779797760270466,1.5097623835968577,60.37297980325088,1449.4489264538192,1449.4489264538192,2415.7482107563656,750.0,0.0416523678077831,497131.8478726526,1,497.1318478726526,662.8424638302034,0.00976238359685766,0.00976238359685766,1.5,0.25,pareto,closest
1,thickness_grids_L3000mm.csv,71,67,99,3.0,1.5,1.7300912151821244,0.2300912151821243,21.205750411731103,12.037997476509023,21.205750411731103,1.5304252379394376,61.1615286287566,1461.2645546618455,1461.2645546618455,2435.440924436409,749.9999999999998,0.0418552057761437,488634.5627658782,1,488.63456276587823,651.5127503545043,0.030425237939437633,0.030425237939437633,1.5,0.25,pareto,closest
2,thickness_grids_L3000mm.csv,73,68,99,3.0,1.5,1.736950719314356,0.2369507193143557,21.205750411731103,12.182566866512769,21.205750411731103,1.459062500103774,60.171714177285146,1454.3222490331625,1454.3222490331625,2423.8704150552708,750.0,0.0413744025557523,498477.69687465805,1,498.4776968746581,664.6369291662107,-0.04093749989622597,0.04093749989622597,1.5,0.25,pareto,closest
3,thickness_grids_L3000mm.csv,74,69,98,3.0,1.484858585858586,1.7287704315886134,0.2439118457300275,20.779797760270466,12.429199200231958,20.779797760270466,1.4408903979858931,59.40622568654867,1442.6444441853882,1442.6444441853882,2404.407406975647,749.9999999999999,0.0411787020190503,507015.4144236334,1,507.01541442363344,676.0205525648446,-0.059109602014106866,0.059109602014106866,1.5,0.25,pareto,closest
4,thickness_grids_L3000mm.csv,70,67,98,3.0,1.484858585858586,1.7149498010407105,0.2300912151821243,20.779797760270466,12.13943438238106,20.779797760270466,1.5834696112654925,61.367357921116536,1456.3859045413878,1456.3859045413878,2427.309840902313,750.0,0.0421367425554979,487309.46407990967,1,487.3094640799097,649.7459521065463,0.08346961126549246,0.08346961126549246,1.5,0.25,pareto,closest
5,thickness_grids_L3000mm.csv,69,66,99,3.0,1.5,1.7233333333333334,0.2233333333333333,21.205750411731103,11.892169459934916,21.205750411731103,1.606884842555031,62.18005099966455,1468.3414579056378,1468.3414579056378,2447.235763176063,750.0,0.04234713299477,478853.490242105,1,478.85349024210495,638.4713203228066,0.10688484255503106,0.10688484255503106,1.5,0.25,pareto,closest
6,thickness_grids_L3000mm.csv,75,69,99,3.0,1.5,1.7439118457300276,0.2439118457300275,21.205750411731103,12.325869875573895,21.205750411731103,1.3923832701472694,59.20940164276575,1447.51184023744,1447.51184023744,2412.5197337290665,750.0000000000001,0.0409042606746853,508382.2286448359,1,508.3822286448359,677.8429715264479,-0.10761672985273063,0.10761672985273063,1.5,0.25,pareto,closest
7,thickness_grids_L3000mm.csv,76,70,98,3.0,1.484858585858586,1.7358331802877258,0.2509745944291399,20.779797760270466,12.572145685267213,20.779797760270466,1.3764673715736284,58.465952383404506,1435.9697947959182,1435.9697947959182,2393.2829913265305,750.0,0.0407153079370403,516959.5050801739,1,516.9595050801739,689.2793401068985,-0.12353262842637158,0.12353262842637158,1.5,0.25,pareto,closest
8,thickness_grids_L3000mm.csv,68,66,98,3.0,1.484858585858586,1.7081919191919193,0.2233333333333333,20.779797760270466,11.992631112729512,20.779797760270466,1.6624386993058533,62.39057101315825,1463.4581061339547,1463.4581061339547,2439.0968435565915,750.0,0.0426322904302171,477548.9326953852,1,477.5489326953852,636.7319102605136,0.1624386993058533,0.1624386993058533,1.5,0.25,pareto,closest
9,thickness_grids_L3000mm.csv,77,70,99,3.0,1.5,1.75097459442914,0.2509745944291399,21.205750411731103,12.467899231432012,21.205750411731103,1.3300132775300804,58.27345253258745,1440.830691177231,1440.830691177231,2401.3844852953853,750.0000000000001,0.0404443442865414,518347.50497505045,1,518.3475049750505,691.1300066334006,-0.16998672246991964,0.16998672246991964,1.5,0.25,pareto,closest
10,thickness_grids_L3000mm.csv,78,71,98,3.0,1.484858585858586,1.7429975512702789,0.2581389654116927,20.779797760270466,12.713792323552909,20.779797760270466,1.3161430314878786,57.55107982486357,1429.4223783410555,1429.4223783410555,2382.3706305684263,750.0,0.0402617733546718,526963.472435431,1,526.963472435431,702.6179632472413,-0.1838569685121214,0.1838569685121214,1.5,0.25,pareto,closest
11,thickness_grids_L3000mm.csv,67,65,99,3.0,1.5,1.7166770737679828,0.2166770737679828,21.205750411731103,11.74509106022195,21.205750411731103,1.6888985304707564,63.22855986547502,1475.5557249734711,1475.5557249734711,2459.259541622452,750.0000000000001,0.0428506757117639,469135.1538001757,1,469.13515380017566,625.5135384002342,0.18889853047075644,0.18889853047075644,1.5,0.25,pareto,closest
12,thickness_grids_L3000mm.csv,79,71,99,3.0,1.5,1.7581389654116928,0.2581389654116927,21.205750411731103,12.608648137127672,21.205750411731103,1.2716131478815316,57.36279121641932,1434.276226734795,1434.276226734795,2390.460377891325,749.9999999999999,0.0399942424947032,528372.8838319773,1,528.3728838319772,704.4971784426364,-0.22838685211846843,0.22838685211846843,1.5,0.25,pareto,closest
13,thickness_grids_L3000mm.csv,80,72,98,3.0,1.484858585858586,1.7502635445362718,0.2654049586776859,20.779797760270466,12.854132790079696,20.779797760270466,1.2595993056894974,56.660586771874435,1422.9996561629616,1422.9996561629616,2371.666093604936,750.0000000000001,0.0398177093904973,537026.6805723066,1,537.0266805723066,716.0355740964088,-0.2404006943105026,0.2404006943105026,1.5,0.25,pareto,closest
14,thickness_grids_L3000mm.csv,66,65,98,3.0,1.484858585858586,1.7015356596265687,0.2166770737679828,20.779797760270466,11.844558136736044,20.779797760270466,1.7471415223188531,63.44390292178521,1470.6683254521697,1470.6683254521697,2451.1138757536164,749.9999999999999,0.0431395045529921,467850.93411429954,1,467.85093411429955,623.8012454857327,0.2471415223188531,0.2471415223188531,1.5,0.25,pareto,closest
0,thickness_grids_L3000mm.csv,53,58,99,3.0,1.5,1.6729286807468626,0.1729286807468625,21.205750411731103,10.68133009291918,21.205750411731103,2.469037945020551,71.53318999433452,1530.148717725491,1530.148717725491,2550.2478628758186,749.9999999999999,0.0467491748780248,402922.1713626894,1,402.9221713626894,537.2295618169192,-0.03096205497944915,0.03096205497944915,2.5,0.25,pareto,closest
1,thickness_grids_L3000mm.csv,52,58,98,3.0,1.484858585858586,1.6577872666054485,0.1729286807468625,20.779797760270466,10.773298711292208,20.779797760270466,2.5527526408952745,71.78651560619397,1525.2539026929787,1525.2539026929787,2542.089837821631,750.0000000000001,0.047065288919732,401775.1548232293,1,401.7751548232293,535.7002064309723,0.05275264089527454,0.05275264089527454,2.5,0.25,pareto,closest
2,thickness_grids_L3000mm.csv,54,59,98,3.0,1.484858585858586,1.6637321701867158,0.1788735843281298,20.779797760270466,10.929984496447869,20.779797760270466,2.4094912706281786,70.47897776516209,1516.9933405587528,1516.9933405587528,2528.322234264588,750.0,0.0464596487544253,411015.5234280898,1,411.0155234280898,548.0206979041197,-0.09050872937182142,0.09050872937182142,2.5,0.25,pareto,closest
3,thickness_grids_L3000mm.csv,51,57,99,3.0,1.5,1.6670853994490358,0.1670853994490358,21.205750411731103,10.524606554546548,21.205750411731103,2.6194229791720702,72.8784134119562,1538.569929981582,1538.569929981582,2564.28321663597,750.0,0.0473676314555482,393731.1918646641,1,393.7311918646641,524.9749224862188,0.11942297917207023,0.11942297917207023,2.5,0.25,pareto,closest
4,thickness_grids_L3000mm.csv,55,59,99,3.0,1.5,1.6788735843281295,0.1788735843281298,21.205750411731103,10.83688771604658,21.205750411731103,2.330294534371247,70.23157918742183,1521.8895734866317,1521.8895734866317,2536.4826224777194,750.0,0.0461476183364093,412181.6337106803,1,412.1816337106803,549.5755116142404,-0.16970546562875288,0.16970546562875288,2.5,0.25,pareto,closest
5,thickness_grids_L3000mm.csv,50,57,98,3.0,1.484858585858586,1.6519439853076217,0.1670853994490358,20.779797760270466,10.61542828418964,20.779797760270466,2.7080299194270876,73.13785442587032,1533.6774571416136,1533.6774571416136,2556.1290952360227,749.9999999999997,0.0476878981856985,392603.1187071307,1,392.6031187071307,523.470824942841,0.2080299194270876,0.2080299194270876,2.5,0.25,pareto,closest
6,thickness_grids_L3000mm.csv,56,60,98,3.0,1.484858585858586,1.6697786960514234,0.1849201101928375,20.779797760270466,11.085473092517688,20.779797760270466,2.277123642146711,69.21312367411049,1508.8923760452649,1508.8923760452649,2514.8206267421083,750.0000000000001,0.045870152684789,420323.4671893025,1,420.3234671893025,560.4312895857366,-0.22287635785328908,0.22287635785328908,2.5,0.25,pareto,closest
0,thickness_grids_L3000mm.csv,42,53,98,3.0,1.484858585858586,1.6295870829507193,0.1447284970921334,20.779797760270466,9.972371535231757,20.779797760270466,3.477040420038118,79.02898204855256,1569.0724674650053,1569.0724674650053,2615.120779108342,750.0000000000001,0.0503666871270973,356613.74186541623,1,356.6137418654162,475.4849891538883,-0.022959579961881804,0.022959579961881804,3.5,0.25,pareto,closest
1,thickness_grids_L3000mm.csv,41,52,99,3.0,1.5,1.639393327211509,0.139393327211509,21.205750411731103,9.723975769961893,21.205750411731103,3.5946253996920663,80.34351023710745,1583.230324341537,1583.230324341537,2638.717207235895,750.0000000000003,0.0507465711096218,348830.37523800385,1,348.83037523800385,465.1071669840051,0.09462539969206629,0.09462539969206629,3.5,0.25,pareto,closest
2,thickness_grids_L3000mm.csv,43,53,99,3.0,1.5,1.6447284970921334,0.1447284970921334,21.205750411731103,9.886322071967763,21.205750411731103,3.3642641858906406,78.7430002215523,1573.945492433235,1573.945492433235,2623.2424873887244,750.0000000000002,0.0500290515777772,357667.3980828478,1,357.6673980828478,476.88986411046375,-0.13573581410935942,0.13573581410935942,3.5,0.25,pareto,closest
3,thickness_grids_L3000mm.csv,40,52,98,3.0,1.484858585858586,1.624251913070095,0.139393327211509,20.779797760270466,9.808786722089629,20.779797760270466,3.7148593452050305,80.6367023157543,1578.3649059910513,1578.3649059910513,2630.6081766517523,749.9999999999998,0.051088757745233,347795.02188151376,1,347.7950218815138,463.72669584201833,0.21485934520503047,0.21485934520503047,3.5,0.25,pareto,closest
4,thickness_grids_L3000mm.csv,44,54,98,3.0,1.484858585858586,1.6350238751147843,0.1501652892561983,20.779797760270466,10.134843343451406,20.779797760270466,3.2593828837204737,77.47812966413385,1559.9612907794965,1559.9612907794965,2599.935484632494,750.0000000000001,0.0496667001431931,365504.7060449039,1,365.5047060449039,487.33960805987186,-0.2406171162795263,0.2406171162795263,3.5,0.25,pareto,closest
0,thickness_grids_L4000mm.csv,64,46,98,4.0,1.484858585858586,1.594374961738598,0.1095163758800122,27.706397013693948,9.725169207365148,27.706397013693948,1.4735077362031606,89.17812060753805,1583.1616310657566,1583.1616310657566,2638.6027184429277,750.0,0.0563291320719444,397844.50737026933,1,397.84450737026935,397.84450737026935,-0.026492263796839444,0.026492263796839444,1.5,0.25,pareto,closest
1,thickness_grids_L4000mm.csv,63,46,97,4.0,1.4697171717171718,1.579233547597184,0.1095163758800122,27.144222138210417,9.798822245002071,27.144222138210417,1.530809241951663,89.525806186455,1578.9348444448735,1578.9348444448735,2631.558074074789,749.9999999999999,0.0567001269884133,396526.4060064301,1,396.5264060064301,396.5264060064301,0.030809241951663013,0.030809241951663013,1.5,0.25,pareto,closest
2,thickness_grids_L4000mm.csv,62,45,99,4.0,1.5,1.604892561983471,0.104892561983471,28.274333882308134,9.46389692751026,28.274333882308134,1.535630214741151,90.88946071695494,1598.3579877886427,1598.3579877886427,2663.929979647738,750.0000000000003,0.0568642703395264,387872.8261082816,1,387.8728261082816,387.8728261082816,0.03563021474115091,0.03563021474115091,1.5,0.25,pareto,closest
3,thickness_grids_L4000mm.csv,65,46,99,4.0,1.5,1.6095163758800122,0.1095163758800122,28.274333882308134,9.652367882327068,28.274333882308134,1.4191594446185274,88.83534853237599,1587.3640232498362,1587.3640232498362,2645.6067054163937,750.0000000000001,0.0559640682485054,399153.3726243134,1,399.1533726243134,399.1533726243134,-0.08084055538147261,0.08084055538147261,1.5,0.25,pareto,closest
4,thickness_grids_L4000mm.csv,66,47,97,4.0,1.4697171717171718,1.5839589837771657,0.1142418120599939,27.144222138210417,9.988835453920654,27.144222138210417,1.4176112696295242,87.53671060429396,1568.1438783240746,1568.1438783240746,2613.573130540125,750.0000000000002,0.0558218616380068,407859.8832812316,1,407.8598832812317,407.8598832812317,-0.08238873037047578,0.08238873037047578,1.5,0.25,pareto,closest
5,thickness_grids_L4000mm.csv,61,45,98,4.0,1.484858585858586,1.589751147842057,0.104892561983471,27.706397013693948,9.53541059031337,27.706397013693948,1.5943493622076492,91.24155795296367,1594.1667979107233,1594.1667979107233,2656.944663184539,750.0000000000001,0.0572346369730837,386591.44310054195,1,386.59144310054194,386.59144310054194,0.09434936220764922,0.09434936220764922,1.5,0.25,pareto,closest
6,thickness_grids_L4000mm.csv,67,47,98,4.0,1.484858585858586,1.5991003979185798,0.1142418120599939,27.706397013693948,9.913898259438666,27.706397013693948,1.3644676857147315,87.19813720354495,1572.3802251822617,1572.3802251822617,2620.6337086371027,750.0,0.0554561395564723,409205.93507840135,1,409.20593507840135,409.20593507840135,-0.13553231428526846,0.13553231428526846,1.5,0.25,pareto,closest
7,thickness_grids_L4000mm.csv,60,45,97,4.0,1.4697171717171718,1.5746097337006428,0.104892561983471,27.144222138210417,9.60776364361253,27.144222138210417,1.6562555659256573,91.5987203879716,1589.9508834852345,1589.9508834852345,2649.9181391420575,750.0,0.0576110377618606,385301.13740114233,1,385.30113740114234,385.30113740114234,0.15625556592565726,0.15625556592565726,1.5,0.25,pareto,closest
8,thickness_grids_L4000mm.csv,59,44,99,4.0,1.5,1.6003703703703704,0.1003703703703703,28.274333882308134,9.274434928551289,28.274333882308134,1.6650099053954457,93.03208565799824,1609.579608999247,1609.579608999247,2682.632681665412,750.0000000000002,0.0577989961713299,376702.076316488,1,376.7020763164881,376.7020763164881,0.1650099053954457,0.1650099053954457,1.5,0.25,pareto,closest
9,thickness_grids_L4000mm.csv,68,47,99,4.0,1.5,1.614241812059994,0.1142418120599939,28.274333882308134,9.839824769773626,28.274333882308134,1.3140660573394334,86.86433135243703,1576.592512100283,1576.592512100283,2627.6541868338054,750.0000000000001,0.0550962475628653,410542.4307846288,1,410.5424307846288,410.5424307846288,-0.18593394266056662,0.18593394266056662,1.5,0.25,pareto,closest
10,thickness_grids_L4000mm.csv,58,44,98,4.0,1.484858585858586,1.5852289562289563,0.1003703703703703,27.706397013693948,9.344645678215471,27.706397013693948,1.7285809806657302,93.39388984996503,1605.4009902480673,1605.4009902480673,2675.668317080112,750.0000000000001,0.0581748051840517,375448.0364010276,1,375.4480364010276,375.4480364010276,0.22858098066573018,0.22858098066573018,1.5,0.25,pareto,closest
11,thickness_grids_L4000mm.csv,69,48,98,4.0,1.484858585858586,1.6039274563820018,0.119068870523416,27.706397013693948,10.101575353794468,27.706397013693948,1.26585701935631,85.29660067794029,1561.817445680152,1561.817445680152,2603.029076133587,749.9999999999998,0.0546136815886281,420674.4423220002,1,420.67444232200023,420.67444232200023,-0.2341429806436901,0.2341429806436901,1.5,0.25,pareto,closest
0,thickness_grids_L4000mm.csv,45,40,97,4.0,1.4697171717171718,1.553014998469544,0.0832978267523722,27.144222138210417,8.637647040805977,27.144222138210417,2.535331656448902,103.42989075370716,1648.5982607755554,1648.5982607755554,2747.663767959259,750.0000000000003,0.0627380807165539,330843.9377135695,1,330.8439377135695,330.8439377135695,0.03533165644890213,0.03533165644890213,2.5,0.25,pareto,closest
1,thickness_grids_L4000mm.csv,46,40,98,4.0,1.484858585858586,1.5681564126109582,0.0832978267523722,27.706397013693948,8.572022115845598,27.706397013693948,2.441225817087796,103.0189843831908,1652.7378646753284,1652.7378646753284,2754.563107792214,750.0,0.0623323193502487,331997.26753411104,1,331.997267534111,331.997267534111,-0.058774182912204154,0.058774182912204154,2.5,0.25,pareto,closest
2,thickness_grids_L4000mm.csv,44,39,99,4.0,1.5,1.5792837465564735,0.0792837465564738,28.274333882308134,8.313132351755215,28.274333882308134,2.579335739952046,105.29924494299637,1669.2935785939037,1669.2935785939037,2782.1559643231726,750.0000000000001,0.0630801234086655,322541.0698591715,1,322.5410698591715,322.5410698591715,0.07933573995204579,0.07933573995204579,2.5,0.25,pareto,closest
3,thickness_grids_L4000mm.csv,47,40,99,4.0,1.5,1.5832978267523723,0.0832978267523722,28.274333882308134,8.507170140423982,28.274333882308134,2.3519396888111705,102.6140013786314,1656.8511836973155,1656.8511836973155,2761.418639495526,750.0000000000001,0.061933143053708,333143.1454056312,1,333.14314540563123,333.14314540563123,-0.14806031118882945,0.14806031118882945,2.5,0.25,pareto,closest
4,thickness_grids_L4000mm.csv,43,39,98,4.0,1.484858585858586,1.5641423324150596,0.0792837465564738,27.706397013693948,8.37660932005977,27.706397013693948,2.6771212592211446,105.71626624897286,1665.2006974228736,1665.2006974228736,2775.3344957047893,750.0000000000003,0.0634856005120483,321421.9749972852,1,321.4219749972852,321.4219749972852,0.17712125922114463,0.17712125922114463,2.5,0.25,pareto,closest
5,thickness_grids_L4000mm.csv,48,41,97,4.0,1.4697171717171718,1.5571307009488828,0.087413529231711,27.144222138210417,8.833560136528126,27.144222138210417,2.317786951166548,100.84541456413572,1636.374297662617,1636.374297662617,2727.290496104362,750.0000000000002,0.0616273518278687,341508.38299631485,1,341.5083829963148,341.5083829963148,-0.1822130488334519,0.1822130488334519,2.5,0.25,pareto,closest
0,thickness_grids_L4000mm.csv,35,36,99,4.0,1.5,1.5678512396694215,0.0678512396694214,28.274333882308134,7.7261553661479185,28.274333882308134,3.457107678185136,114.19610597596277,1708.2141737938905,1708.2141737938907,2847.023622989818,750.0000000000001,0.0668511640565168,291447.05493518396,1,291.447054935184,291.447054935184,-0.0428923218148638,0.0428923218148638,3.5,0.25,pareto,closest
1,thickness_grids_L4000mm.csv,34,36,98,4.0,1.484858585858586,1.5527098255280074,0.0678512396694214,27.706397013693948,7.785427793261027,27.706397013693948,3.587659028886523,114.65284229408594,1704.1937486144352,1704.1937486144352,2840.322914357392,750.0000000000003,0.0672768823306049,290407.8328321751,1,290.4078328321751,290.4078328321751,0.08765902888652288,0.08765902888652288,3.5,0.25,pareto,closest
2,thickness_grids_L4000mm.csv,36,37,97,4.0,1.4697171717171718,1.5412776247321702,0.0715604530149984,27.144222138210417,8.044696327427852,27.144222138210417,3.3695970835344973,111.97182492189928,1686.8488100832467,1686.8488100832467,2811.4146834720777,750.0,0.0663792891529937,299553.4302281199,1,299.5534302281199,299.5534302281199,-0.13040291646550273,0.13040291646550273,3.5,0.25,pareto,closest
3,thickness_grids_L4000mm.csv,33,36,97,4.0,1.4697171717171718,1.5375684113865933,0.0678512396694214,27.144222138210417,7.845414476992289,27.144222138210417,3.7252294123599783,115.1163381028064,1700.145949772267,1700.145949772267,2833.576582953778,749.9999999999999,0.0677096799355526,289362.2239478084,1,289.3622239478084,289.3622239478084,0.2252294123599783,0.2252294123599783,3.5,0.25,pareto,closest
0,thickness_grids_L5000mm.csv,55,35,99,5.0,1.5,1.564243648607285,0.0642436486072849,35.34291735288517,7.940714222002546,35.34291735288517,1.4726346425505883,115.3624751857303,1693.758464645547,1693.7584646455468,2822.930774409245,750.0,0.0681103460698407,351022.7030314964,1,351.0227030314964,280.8181624251971,-0.02736535744941171,0.02736535744941171,1.5,0.25,pareto,closest
1,thickness_grids_L5000mm.csv,54,35,98,5.0,1.484858585858586,1.549102234465871,0.0642436486072849,34.632996267117434,7.994947873920367,34.632996267117434,1.5333636467384224,115.83812834431396,1690.146885306175,1690.146885306175,2816.911475510291,749.9999999999999,0.06853731433131,349732.4055943594,1,349.73240559435936,279.7859244754875,0.0333636467384224,0.0333636467384224,1.5,0.25,pareto,closest
2,thickness_grids_L5000mm.csv,56,36,97,5.0,1.4697171717171718,1.5375684113865933,0.0678512396694214,33.93027767276302,8.261014837358426,33.93027767276302,1.4402888806880592,113.06196706014534,1672.6705630445106,1672.6705630445106,2787.784271740851,750.0000000000002,0.0675936849479527,361083.1387030586,1,361.0831387030586,288.86651096244685,-0.05971111931194084,0.05971111931194084,1.5,0.25,pareto,closest
3,thickness_grids_L5000mm.csv,53,35,97,5.0,1.4697171717171718,1.5339608203244568,0.0642436486072849,33.93027767276302,8.049819987883506,33.93027767276302,1.597491448105085,116.32105652111466,1686.5099385135827,1686.5099385135827,2810.849897522638,750.0000000000001,0.0689714622278686,348434.8855944531,1,348.4348855944531,278.74790847556244,0.09749144810508503,0.09749144810508503,1.5,0.25,pareto,closest
4,thickness_grids_L5000mm.csv,57,36,98,5.0,1.484858585858586,1.5527098255280074,0.0678512396694214,34.632996267117434,8.204794768643259,34.632996267117434,1.3824098507796634,112.59399192793975,1676.3302232610984,1676.3302232610986,2793.8837054351643,750.0,0.0671669521706181,362416.6344755352,1,362.4166344755352,289.93330758042816,-0.11759014922033661,0.11759014922033661,1.5,0.25,pareto,closest
5,thickness_grids_L5000mm.csv,52,34,99,5.0,1.5,1.560737679828589,0.0607376798285889,35.34291735288517,7.731507896279665,35.34291735288517,1.6386132549310528,118.76963210516568,1707.850259281555,1707.850259281555,2846.4170988025917,749.9999999999999,0.0695433522111761,338460.93964892195,1,338.46093964892196,270.7687517191376,0.1386132549310528,0.1386132549310528,1.5,0.25,pareto,closest
6,thickness_grids_L5000mm.csv,58,36,99,5.0,1.5,1.5678512396694215,0.0678512396694214,35.34291735288517,8.14922692247344,35.34291735288517,1.3276011915617942,112.13304861038962,1679.9647339838664,1679.9647339838664,2799.941223306444,750.0,0.0667472634050343,363742.6067841948,1,363.7426067841948,290.99408542735586,-0.17239880843820576,0.17239880843820576,1.5,0.25,pareto,closest
7,thickness_grids_L5000mm.csv,59,37,97,5.0,1.4697171717171718,1.5412776247321702,0.0715604530149984,33.93027767276302,8.471454937425523,33.93027767276302,1.3024204195114335,109.96852305160029,1659.126073606538,1659.1260736065378,2765.210122677563,750.0,0.066280992626772,373887.30268172134,1,373.88730268172134,299.10984214537706,-0.1975795804885665,0.1975795804885665,1.5,0.25,pareto,closest
8,thickness_grids_L5000mm.csv,51,34,98,5.0,1.484858585858586,1.545596265687175,0.0607376798285889,34.632996267117434,7.784395862414278,34.632996267117434,1.7061140377737356,119.2607734055738,1704.263566547978,1704.2635665479777,2840.439277579963,750.0,0.0699778929424273,337206.1636527426,1,337.2061636527426,269.7649309221941,0.2061140377737356,0.2061140377737356,1.5,0.25,pareto,closest
9,thickness_grids_L5000mm.csv,60,37,98,5.0,1.484858585858586,1.5564190388735843,0.0715604530149984,34.632996267117434,8.413899067260136,34.632996267117434,1.2500244771152222,109.51476973799028,1662.8065693731085,1662.8065693731085,2771.344282288514,750.0000000000001,0.0658614006915297,375256.94391265727,1,375.2569439126573,300.2055551301258,-0.24997552288477776,0.24997552288477776,1.5,0.25,pareto,closest
0,thickness_grids_L5000mm.csv,41,31,97,5.0,1.4697171717171718,1.5205466789103153,0.0508295071931435,33.93027767276302,7.198285133818335,33.93027767276302,2.4984291252595887,131.31099356741592,1744.9595498809658,1744.9595498809658,2908.2659164682764,750.0000000000002,0.0752515974232029,299439.96262133593,1,299.43996262133595,239.55197009706873,-0.0015708747404112877,0.0015708747404112877,2.5,0.25,pareto,closest
1,thickness_grids_L5000mm.csv,40,30,99,5.0,1.5,1.547730027548209,0.0477300275482093,35.34291735288517,6.88856998295502,35.34291735288517,2.6002612207339375,134.50352566804872,1767.338817745073,1767.338817745073,2945.564696241788,750.0,0.0761051159616695,289834.8856342868,1,289.8348856342868,231.86790850742943,0.1002612207339375,0.1002612207339375,2.5,0.25,pareto,closest
2,thickness_grids_L5000mm.csv,42,31,98,5.0,1.484858585858586,1.5356880930517294,0.0508295071931435,34.632996267117434,7.14891833177887,34.632996267117434,2.398536687811338,130.7596425760375,1748.484978108307,1748.484978108307,2914.141630180511,749.9999999999998,0.0747845387367908,300595.0998721156,1,300.5950998721156,240.47607989769247,-0.10146331218866189,0.10146331218866189,2.5,0.25,pareto,closest
3,thickness_grids_L5000mm.csv,43,31,99,5.0,1.5,1.5508295071931435,0.0508295071931435,35.34291735288517,7.100132259093059,35.34291735288517,2.303920684694928,130.21667626672487,1751.984318169309,1751.984318169309,2919.9738636155153,749.9999999999998,0.0743252521819324,301744.1474221819,1,301.7441474221819,241.39531793774552,-0.19607931530507194,0.19607931530507194,2.5,0.25,pareto,closest
4,thickness_grids_L5000mm.csv,39,30,98,5.0,1.484858585858586,1.5325886134067952,0.0477300275482093,34.632996267117434,6.935968636930067,34.632996267117434,2.7069437182132514,135.06582573318104,1763.873167879563,1763.8731678795627,2939.7886131326045,749.9999999999999,0.0765734340726721,288720.82848392014,1,288.7208284839201,230.97666278713612,0.20694371821325142,0.20694371821325142,2.5,0.25,pareto,closest
0,thickness_grids_L5000mm.csv,31,28,98,5.0,1.484858585858586,1.5266945209672482,0.0418359351086623,34.632996267117434,6.508688551593971,34.632996267117434,3.4908705687093855,144.52649324238357,1795.6638796908446,1795.6638796908446,2992.7731328180744,749.9999999999999,0.0804863843823969,265479.5371694714,1,265.47953716947137,212.3836297355771,-0.009129431290614498,0.009129431290614498,3.5,0.25,pareto,closest
1,thickness_grids_L5000mm.csv,30,28,97,5.0,1.4697171717171718,1.511553106825834,0.0418359351086623,33.93027767276302,6.5538199854017005,33.93027767276302,3.6358435144235464,145.140544884729,1792.2466999117055,1792.2466999117055,2987.077833186176,749.9999999999998,0.0809824589951145,264429.8128217998,1,264.42981282179977,211.54385025743983,0.13584351442354636,0.13584351442354636,3.5,0.25,pareto,closest
2,thickness_grids_L5000mm.csv,32,28,99,5.0,1.5,1.5418359351086623,0.0418359351086623,35.34291735288517,6.464091935563468,35.34291735288517,3.3535376030345754,143.9218390264276,1799.0546301652282,1799.0546301652282,2998.424383608714,750.0000000000001,0.0799985929350069,266523.95053075574,1,266.52395053075577,213.21916042460455,-0.14646239696542462,0.14646239696542462,3.5,0.25,pareto,closest
3,thickness_grids_L5000mm.csv,33,29,96,5.0,1.4545757575757576,1.4993079277624732,0.0447321701867156,33.23476156982195,6.816207420509467,33.23476156982195,3.329621342674306,140.8389123522765,1772.6586576851353,1772.6586576851353,2954.4310961418923,750.0,0.0794506667945841,274839.74172007624,1,274.83974172007623,219.871793376061,-0.1703786573256938,0.1703786573256938,3.5,0.25,pareto,closest
0,thickness_grids_L6000mm.csv,53,29,98,6.0,1.484858585858586,1.5295907560453017,0.0447321701867156,41.55959552054093,6.9272212309842915,41.55959552054093,1.4816103094972208,137.91276196169517,1764.5116306627565,1764.5116306627565,2940.8527177712604,749.9999999999997,0.0781591685569648,331098.9183054696,1,331.0989183054696,220.73261220364645,-0.018389690502779166,0.018389690502779166,1.5,0.25,pareto,closest
1,thickness_grids_L6000mm.csv,52,29,97,6.0,1.4697171717171718,1.5144493419038874,0.0447321701867156,40.71633320731563,6.9713963655121,40.71633320731563,1.546559478770252,138.51236910237898,1761.2925125008985,1761.292512500898,2935.4875208348303,750.0,0.0786424561049783,329799.47694693704,1,329.79947694693703,219.8663179646247,0.046559478770251905,0.046559478770251905,1.5,0.25,pareto,closest
2,thickness_grids_L6000mm.csv,54,29,99,6.0,1.5,1.5447321701867156,0.0447321701867156,42.411500823462205,6.8835770621834,42.411500823462205,1.4201658883367936,137.32242585111467,1767.7047550669847,1767.7047550669847,2946.174591778308,750.0,0.077684028092073,332392.0850701145,1,332.39208507011455,221.59472338007637,-0.07983411166320642,0.07983411166320642,1.5,0.25,pareto,closest
3,thickness_grids_L6000mm.csv,51,29,96,6.0,1.4545757575757576,1.4993079277624732,0.0447321701867156,39.88171388378634,7.016115167898402,39.88171388378634,1.6152573050405448,139.12149182063288,1758.04686585169,1758.04686585169,2930.0781097528165,750.0000000000001,0.0791341200982347,328493.67296477215,1,328.49367296477214,218.99578197651476,0.11525730504054477,0.11525730504054477,1.5,0.25,pareto,closest
4,thickness_grids_L6000mm.csv,50,28,99,6.0,1.5,1.5418359351086623,0.0418359351086623,42.411500823462205,6.664283347923405,42.411500823462205,1.6165233285240723,142.12370002716676,1783.9426772493682,1783.9426772493682,2973.2377954156136,750.0000000000002,0.0796683110055447,318508.2967430891,1,318.5082967430891,212.33886449539273,0.11652332852407232,0.11652332852407232,1.5,0.25,pareto,closest
5,thickness_grids_L6000mm.csv,55,30,97,6.0,1.4697171717171718,1.517447199265381,0.0477300275482093,40.71633320731563,7.192947118501666,40.71633320731563,1.364640512007983,133.96478664925272,1745.3400014046172,1745.3400014046174,2908.900002341029,749.9999999999998,0.0767556960485867,343804.2909717348,1,343.8042909717348,229.2028606478232,-0.13535948799201702,0.13535948799201702,1.5,0.25,pareto,closest
6,thickness_grids_L6000mm.csv,49,28,98,6.0,1.484858585858586,1.5266945209672482,0.0418359351086623,41.55959552054093,6.706597422022894,41.55959552054093,1.6864026323091483,142.73612286935978,1780.7840377898422,1780.7840377898422,2967.9733963164035,750.0000000000001,0.0801535277947076,317257.955487337,1,317.25795548733703,211.50530365822468,0.18640263230914833,0.18640263230914833,1.5,0.25,pareto,closest
7,thickness_grids_L6000mm.csv,56,30,98,6.0,1.484858585858586,1.5325886134067952,0.0477300275482093,41.55959552054093,7.147435814189015,41.55959552054093,1.3072816531409803,133.38628911685566,1748.5910906929848,1748.5910906929846,2914.3184844883076,749.9999999999999,0.0762821507136887,345147.0503207053,1,345.14705032070526,230.09803354713685,-0.19271834685901967,0.19271834685901967,1.5,0.25,pareto,closest
8,thickness_grids_L6000mm.csv,57,30,99,6.0,1.5,1.547730027548209,0.0477300275482093,42.411500823462205,7.102470132428799,42.411500823462205,1.253020359189569,132.8167181739685,1751.8162761867377,1751.8162761867377,2919.6937936445624,750.0,0.0758165796147738,346483.24603404856,1,346.48324603404853,230.9888306893657,-0.246979640810431,0.246979640810431,1.5,0.25,pareto,closest
0,thickness_grids_L6000mm.csv,38,25,99,6.0,1.5,1.5337569635751451,0.0337569635751454,42.411500823462205,6.004637779340963,42.411500823462205,2.452723173611713,158.6170751135653,1834.823447077187,1834.8234470771868,3058.039078461978,750.0,0.0864481404825282,278131.18743412546,1,278.1311874341255,185.4207916227503,-0.047276826388286786,0.047276826388286786,2.5,0.25,pareto,closest
1,thickness_grids_L6000mm.csv,37,25,98,6.0,1.484858585858586,1.5186155494337312,0.0337569635751454,41.55959552054093,6.0429158282424495,41.55959552054093,2.558491874565574,159.30509453179758,1831.7839726904035,1831.7839726904035,3052.9732878173395,749.9999999999999,0.0869671843988353,277008.1545271978,1,277.0081545271978,184.67210301813188,0.05849187456557381,0.05849187456557381,2.5,0.25,pareto,closest
2,thickness_grids_L6000mm.csv,39,26,96,6.0,1.4545757575757576,1.4909240893786349,0.0363483318028772,39.88171388378634,6.345103523585784,39.88171388378634,2.41475849165857,154.75012184774002,1808.1706061466189,1808.1706061466189,3013.6176769110316,750.0000000000003,0.0855838057104174,287862.4091009077,1,287.86240910090766,191.90827273393845,-0.08524150834143018,0.08524150834143018,2.5,0.25,pareto,closest
3,thickness_grids_L6000mm.csv,36,25,97,6.0,1.4697171717171718,1.503474135292317,0.0337569635751454,40.71633320731563,6.081664009735424,40.71633320731563,2.670275289125014,160.00400041254397,1828.7183877249329,1828.7183877249329,3047.8639795415547,750.0000000000001,0.0874951558898039,275879.93272398866,1,275.87993272398865,183.91995514932577,0.17027528912501388,0.17027528912501388,2.5,0.25,pareto,closest
4,thickness_grids_L6000mm.csv,40,26,97,6.0,1.4697171717171718,1.506065503520049,0.0363483318028772,40.71633320731563,6.304490123057385,40.71633320731563,2.312308922994023,154.06785565885556,1811.3053293251107,1811.3053293251107,3018.842215541851,749.9999999999999,0.0850590196829272,289038.6636499086,1,289.03866364990864,192.6924424332724,-0.1876910770059772,0.1876910770059772,2.5,0.25,pareto,closest
0,thickness_grids_L6000mm.csv,29,23,98,6.0,1.484858585858586,1.5137376798285889,0.028879093970003,41.55959552054093,5.599717386018073,41.55959552054093,3.469810732682871,172.4993998078307,1867.6670607657825,1867.6670607657825,3112.7784346096378,749.9999999999999,0.0923608942040785,251269.37606180715,1,251.26937606180715,167.5129173745381,-0.0301892673171289,0.0301892673171289,3.5,0.25,pareto,closest
1,thickness_grids_L6000mm.csv,28,23,97,6.0,1.4697171717171718,1.4985962656871747,0.028879093970003,40.71633320731563,5.635711777908066,40.71633320731563,3.621184332516308,173.25924095607843,1864.695354955423,1864.695354955423,3107.825591592372,750.0000000000003,0.0929155749198615,250225.58494626757,1,250.22558494626756,166.81705663084506,0.12118433251630778,0.12118433251630778,3.5,0.25,pareto,closest
2,thickness_grids_L6000mm.csv,30,23,99,6.0,1.5,1.528879093970003,0.028879093970003,42.411500823462205,5.564161540444174,42.411500823462205,3.3265715699254863,171.75143312233706,1870.6127713840829,1870.6127713840829,3117.687952306805,750.0000000000001,0.0918155995456273,252308.4808267012,1,252.3084808267012,168.20565388446747,-0.1734284300745137,0.1734284300745137,3.5,0.25,pareto,closest
0,thickness_grids_L7000mm.csv,50,25,97,7.0,1.4697171717171718,1.503474135292317,0.0337569635751454,47.50238874186823,6.192417338483746,47.50238874186823,1.486102936896497,158.6000617854102,1820.0177557095117,1820.0177557095117,3033.3629261825195,750.0000000000001,0.0871420409432115,320560.95189592947,1,320.56095189592946,183.17768679767397,-0.013897063103502916,0.013897063103502916,1.5,0.25,pareto,closest
1,thickness_grids_L7000mm.csv,49,25,96,7.0,1.4545757575757576,1.488332721150903,0.0337569635751454,46.52866619775073,6.23014952388236,46.52866619775073,1.5540990892618889,159.3191463274728,1817.0742490945065,1817.0742490945065,3028.4570818241777,750.0000000000001,0.0876789412468233,319250.8708228164,1,319.2508708228164,182.42906904160935,0.05409908926188889,0.05409908926188889,1.5,0.25,pareto,closest
2,thickness_grids_L7000mm.csv,51,25,98,7.0,1.484858585858586,1.5186155494337312,0.0337569635751454,48.48619477396441,6.155162128891772,48.48619477396441,1.421858141714373,157.892334302653,1822.9343296575732,1822.9343296575732,3038.223882762622,750.0,0.0866143841464174,321865.1497043123,1,321.86514970431233,183.92294268817847,-0.07814185828562703,0.07814185828562703,1.5,0.25,pareto,closest
3,thickness_grids_L7000mm.csv,48,24,99,7.0,1.5,1.531267217630854,0.031267217630854,49.48008429403925,5.893840023721805,49.48008429403925,1.5806890758167391,163.46347462452607,1843.6840269437769,1843.6840269437769,3072.8067115729614,750.0000000000001,0.0886613282079006,307995.48820566945,1,307.99548820566946,175.99742183181112,0.08068907581673912,0.08068907581673912,1.5,0.25,pareto,closest
4,thickness_grids_L7000mm.csv,52,25,99,7.0,1.5,1.5337569635751451,0.0337569635751454,49.48008429403925,6.118372224005682,49.48008429403925,1.361119474380855,157.1956730258796,1825.8245515156225,1825.8245515156225,3043.040919192704,750.0,0.0860957165327802,323163.5486319023,1,323.1635486319023,184.6648849325156,-0.138880525619145,0.138880525619145,1.5,0.25,pareto,closest
5,thickness_grids_L7000mm.csv,47,24,98,7.0,1.484858585858586,1.5161258034894398,0.031267217630854,48.48619477396441,5.929326594372414,48.48619477396441,1.6511737161644702,164.18935461894367,1840.8359431106744,1840.8359431106744,3068.059905184458,750.0000000000001,0.0891928230939981,306746.45004320797,1,306.746450043208,175.28368573897598,0.15117371616447017,0.15117371616447017,1.5,0.25,pareto,closest
6,thickness_grids_L7000mm.csv,53,26,96,7.0,1.4545757575757576,1.4909240893786349,0.0363483318028772,46.52866619775073,6.458515486803369,46.52866619775073,1.345679895879089,153.40470450844506,1799.479604177297,1799.4796041772968,2999.132673628828,750.0000000000001,0.0852494822127089,334527.5581919624,1,334.52755819196244,191.15860468112135,-0.15432010412091102,0.15432010412091102,1.5,0.25,pareto,closest
7,thickness_grids_L7000mm.csv,54,26,97,7.0,1.4697171717171718,1.506065503520049,0.0363483318028772,47.50238874186823,6.419455082029932,47.50238874186823,1.2867586809571565,152.71376341330273,1802.462529971474,1802.4625299714735,3004.104216619123,750.0000000000002,0.0847250696610706,335887.84788564907,1,335.8878478856491,191.93591307751376,-0.2132413190428435,0.2132413190428435,1.5,0.25,pareto,closest
8,thickness_grids_L7000mm.csv,46,24,97,7.0,1.4697171717171718,1.5009843893480257,0.031267217630854,47.50238874186823,5.965262956701593,47.50238874186823,1.7257242167995082,164.92678412417345,1837.9615709449663,1837.9615709449663,3063.2692849082778,750.0000000000002,0.0897335323716144,305491.891434091,1,305.49189143409103,174.56679510519487,0.22572421679950816,0.22572421679950816,1.5,0.25,pareto,closest
0,thickness_grids_L7000mm.csv,37,22,96,7.0,1.4545757575757576,1.48116835016835,0.0265925925925925,46.52866619775073,5.544700302377938,46.52866619775073,2.477195471832998,179.92491609013203,1872.229402197502,1872.229402197502,3120.382336995837,750.0,0.0961019605177377,274984.22970654175,1,274.9842297065417,157.1338455465953,-0.02280452816700196,0.02280452816700196,2.5,0.25,pareto,closest
1,thickness_grids_L7000mm.csv,36,21,99,7.0,1.5,1.5244077134986227,0.0244077134986225,49.48008429403925,5.220594738733625,49.48008429403925,2.567792351816391,185.4168443543528,1899.610240451735,1899.610240451735,3166.0170674195588,750.0000000000002,0.0976078357580657,264088.068084732,1,264.088068084732,150.9074674769897,0.06779235181639098,0.06779235181639098,2.5,0.25,pareto,closest
2,thickness_grids_L7000mm.csv,38,22,97,7.0,1.4697171717171718,1.4963097643097645,0.0265925925925925,47.50238874186823,5.510988669096384,47.50238874186823,2.3690361726063425,179.10810950716424,1875.0370626980691,1875.0370626980691,3125.061771163449,750.0,0.0955224369002275,276145.4084689647,1,276.14540846896466,157.7973762679798,-0.13096382739365753,0.13096382739365753,2.5,0.25,pareto,closest
3,thickness_grids_L7000mm.csv,35,21,98,7.0,1.484858585858586,1.5092662993572086,0.0244077134986225,48.48619477396441,5.252142389636713,48.48619477396441,2.682058770534674,186.2447330159012,1896.90652481529,1896.90652481529,3161.5108746921505,750.0000000000001,0.0981834004888757,262985.4609944379,1,262.9854609944379,150.27740628253596,0.1820587705346739,0.1820587705346739,2.5,0.25,pareto,closest
4,thickness_grids_L7000mm.csv,39,22,98,7.0,1.484858585858586,1.5114511784511784,0.0265925925925925,48.48619477396441,5.477705836440837,48.48619477396441,2.2668325090960484,178.3042647852458,1877.8180803631356,1877.8180803631356,3129.696800605226,749.9999999999999,0.0949528959433413,277301.5305636739,1,277.30153056367385,158.4580174649565,-0.2331674909039516,0.2331674909039516,2.5,0.25,pareto,closest
0,thickness_grids_L7000mm.csv,29,20,96,7.0,1.4545757575757576,1.4769002142638508,0.022324456688093,46.52866619775073,5.088541822740679,46.52866619775073,3.4922006760968745,196.6490359215744,1911.019814858471,1911.019814858471,3185.033024764118,750.0000000000001,0.1029026671479793,246825.787208818,1,246.825787208818,141.04330697646745,-0.0077993239031255435,0.0077993239031255435,3.5,0.25,pareto,closest
1,thickness_grids_L7000mm.csv,28,20,95,7.0,1.4394343434343435,1.4617588001224366,0.022324456688093,45.5650271416119,5.1199579527178924,45.5650271416119,3.6534534142310777,197.55949000646385,1908.2918147491064,1908.2918147491068,3180.4863579151784,750.0,0.1035268759628558,245757.8007141672,1,245.7578007141672,140.4330289795241,0.15345341423107772,0.15345341423107772,3.5,0.25,pareto,closest
2,thickness_grids_L7000mm.csv,30,20,97,7.0,1.4697171717171718,1.4920416284052649,0.022324456688093,47.50238874186823,5.057531728345148,47.50238874186823,3.3399141241931645,195.7532188601003,1913.720952899168,1913.720952899168,3189.5349214986136,750.0000000000001,0.1022893220474732,247889.16711513227,1,247.88916711513227,141.65095263721844,-0.16008587580683553,0.16008587580683553,3.5,0.25,pareto,closest
3,thickness_grids_L7000mm.csv,27,19,99,7.0,1.5,1.520342822161004,0.0203428221610039,49.48008429403925,4.77327959395629,49.48008429403925,3.674280696186021,203.3621261958757,1938.8764378685416,1938.8764378685416,3231.4607297809025,750.0000000000002,0.1048865839121945,236202.2584614922,1,236.2022584614922,134.97271912085267,0.17428069618602082,0.17428069618602082,3.5,0.25,pareto,closest
0,thickness_grids_L8000mm.csv,49,22,96,8.0,1.4545757575757576,1.48116835016835,0.0265925925925925,53.17561851171512,5.608707617446247,53.17561851171512,1.516054774159046,178.78317269984933,1866.9238527667976,1866.9238527667976,3111.53975461133,750.0,0.0957635055307108,313160.8929931428,1,313.16089299314285,156.58044649657143,0.016054774159045992,0.016054774159045992,1.5,0.25,pareto,closest
1,thickness_grids_L8000mm.csv,50,22,97,8.0,1.4697171717171718,1.4963097643097645,0.0265925925925925,54.28844427642083,5.575942259469994,54.28844427642083,1.4484723287269792,177.95732463162395,1869.6356414483944,1869.6356414483944,3116.059402413991,750.0,0.0951828905517449,314472.93184857734,1,314.47293184857733,157.23646592428867,-0.051527671273020825,0.051527671273020825,1.5,0.25,pareto,closest
2,thickness_grids_L8000mm.csv,48,21,99,8.0,1.5,1.5244077134986227,0.0244077134986225,56.54866776461627,5.284612572665862,56.54866776461627,1.5670423074825088,184.19802036179755,1894.132538075325,1894.132538075325,3156.887563458876,750.0000000000002,0.0972466375288424,300698.0674482933,1,300.69806744829333,150.34903372414666,0.06704230748250883,0.06704230748250883,1.5,0.25,pareto,closest
3,thickness_grids_L8000mm.csv,51,22,98,8.0,1.484858585858586,1.5114511784511784,0.0265925925925925,55.412794027387896,5.5436058385258,55.412794027387896,1.3846448436226382,177.14457357297456,1872.320409475212,1872.320409475212,3120.53401579202,750.0000000000001,0.0946123177830582,315779.31678068417,1,315.77931678068416,157.88965839034208,-0.11535515637736182,0.11535515637736182,1.5,0.25,pareto,closest
4,thickness_grids_L8000mm.csv,47,21,98,8.0,1.484858585858586,1.5092662993572086,0.0244077134986225,55.412794027387896,5.315253271429427,55.412794027387896,1.6383697202281768,185.0350657621325,1891.5229877046177,1891.5229877046177,3152.5383128410294,749.9999999999999,0.0978233238321224,299452.5613541676,1,299.4525613541676,149.7262806770838,0.13836972022817684,0.13836972022817684,1.5,0.25,pareto,closest
5,thickness_grids_L8000mm.csv,52,22,99,8.0,1.5,1.5265925925925925,0.0265925925925925,56.54866776461627,5.511687623682755,56.54866776461627,1.3243261452699937,176.34458557629537,1874.9787568360705,1874.9787568360705,3124.964594726784,750.0000000000001,0.0940515112149151,317080.1335053119,1,317.0801335053119,158.54006675265595,-0.1756738547300063,0.1756738547300063,1.5,0.25,pareto,closest
6,thickness_grids_L8000mm.csv,53,23,96,8.0,1.4545757575757576,1.4834548515457606,0.028879093970003,53.17561851171512,5.839872289365793,53.17561851171512,1.289890061380517,171.42909897806254,1848.0339408053385,1848.0339408053385,3080.0565680088976,750.0000000000001,0.0927629602426874,329687.9610229378,1,329.68796102293777,164.84398051146889,-0.2101099386194829,0.2101099386194829,1.5,0.25,pareto,closest
7,thickness_grids_L8000mm.csv,46,21,97,8.0,1.4697171717171718,1.4941248852157945,0.0244077134986225,54.28844427642083,5.346296186521355,54.28844427642083,1.7138437058360985,185.885484705839,1888.8872043455433,1888.8872043455433,3148.1453405759057,750.0000000000002,0.0984100502550887,298201.76945768506,1,298.2017694576851,149.10088472884254,0.21384370583609846,0.21384370583609846,1.5,0.25,pareto,closest
0,thickness_grids_L8000mm.csv,37,19,97,8.0,1.4697171717171718,1.4900599938781758,0.0203428221610039,54.28844427642083,4.888210747332694,54.28844427642083,2.452356411069461,203.88548775082165,1928.6185535271072,1928.6185535271072,3214.3642558785123,750.0000000000001,0.1057158178728243,266623.7308326219,1,266.6237308326219,133.31186541631095,-0.04764358893053888,0.04764358893053888,2.5,0.25,pareto,closest
1,thickness_grids_L8000mm.csv,36,19,96,8.0,1.4545757575757576,1.4749185797367617,0.0203428221610039,53.17561851171512,4.91703851301399,53.17561851171512,2.5665613843833417,204.83638373494264,1926.0642272094608,1926.0642272094608,3210.107045349101,749.9999999999998,0.1063497160900577,265478.16644685564,1,265.47816644685565,132.73908322342783,0.06656138438334169,0.06656138438334169,2.5,0.25,pareto,closest
2,thickness_grids_L8000mm.csv,38,19,98,8.0,1.484858585858586,1.50520140801959,0.0203428221610039,55.412794027387896,4.859762377821358,55.412794027387896,2.344485917109307,202.94973380801648,1931.1465516666256,1931.1465516666256,3218.5775861110433,750.0,0.1050928701567812,267764.4809160235,1,267.7644809160235,133.88224045801175,-0.15551408289069313,0.15551408289069313,2.5,0.25,pareto,closest
3,thickness_grids_L8000mm.csv,35,19,95,8.0,1.4394343434343435,1.4597771655953475,0.0203428221610039,52.07431673327074,4.94625556425641,52.07431673327074,2.6875493903112844,205.80282344410276,1923.482960009647,1923.482960009647,3205.804933349412,750.0,0.106994877377583,264327.71223336353,1,264.3277122333635,132.16385611668176,0.18754939031128437,0.18754939031128437,2.5,0.25,pareto,closest
4,thickness_grids_L8000mm.csv,34,18,99,8.0,1.5,1.5184628099173554,0.0184628099173553,56.54866776461627,4.606167085523211,56.54866776461627,2.715029707312243,212.19442098057417,1954.0068796659916,1954.0068796659916,3256.678132776653,750.0,0.1085945106891566,253501.25276415216,1,253.50125276415216,126.75062638207608,0.2150297073122429,0.2150297073122429,2.5,0.25,pareto,closest
0,thickness_grids_L8000mm.csv,28,17,98,8.0,1.484858585858586,1.501543005815733,0.0166844199571472,55.412794027387896,4.407070614543432,55.412794027387896,3.466631904258465,224.36668165835573,1972.37463541698,1972.37463541698,3287.2910590283,750.0000000000002,0.1137545969358515,237419.77354560135,1,237.41977354560137,118.70988677280069,-0.03336809574153499,0.03336809574153499,3.5,0.25,pareto,closest
1,thickness_grids_L8000mm.csv,27,17,97,8.0,1.4697171717171718,1.486401591674319,0.0166844199571472,54.28844427642083,4.432922788477532,54.28844427642083,3.625956642377228,225.4041787598862,1969.968274327521,1969.968274327521,3283.280457212535,750.0000000000002,0.1144202075217842,236387.40397733977,1,236.38740397733977,118.19370198866989,0.1259566423772278,0.1259566423772278,3.5,0.25,pareto,closest
2,thickness_grids_L8000mm.csv,29,17,99,8.0,1.5,1.5166844199571472,0.0166844199571472,56.54866776461627,4.38155558403674,56.54866776461627,3.316042091574117,223.34558204738815,1974.7559383630855,1974.7559383630855,3291.259897271809,750.0000000000001,0.1131003470902453,238447.9209466323,1,238.4479209466323,119.22396047331615,-0.1839579084258829,0.1839579084258829,3.5,0.25,pareto,closest
3,thickness_grids_L8000mm.csv,30,18,95,8.0,1.4394343434343435,1.457897153351699,0.0184628099173553,52.07431673327074,4.7155100391136635,52.07431673327074,3.2534786894071086,216.16437544125455,1944.077812424167,1944.077812424167,3240.129687373612,749.9999999999998,0.1111912157321051,249146.66264570085,1,249.14666264570084,124.57333132285042,-0.2465213105928914,0.2465213105928914,3.5,0.25,pareto,closest
0,thickness_grids_L9000mm.csv,46,19,98,9.0,1.484858585858586,1.50520140801959,0.0203428221610039,62.339393280811386,4.899496022962568,62.339393280811386,1.5324761370863254,201.9601183457511,1927.6177214250647,1927.6177214250647,3212.696202375108,750.0000000000001,0.1047718726078345,300314.9433142551,1,300.3149433142551,133.47330813966894,0.03247613708632535,0.03247613708632535,1.5,0.25,pareto,closest
1,thickness_grids_L9000mm.csv,47,19,99,9.0,1.5,1.520342822161004,0.0203428221610039,63.61725123519331,4.872015598552207,63.61725123519331,1.464840193443915,201.03046186198603,1930.056807973172,1930.056807973172,3216.7613466219536,750.0000000000002,0.1041577952687807,301578.48336319317,1,301.5784833631932,134.0348814947525,-0.03515980655608497,0.03515980655608497,1.5,0.25,pareto,closest
2,thickness_grids_L9000mm.csv,48,20,96,9.0,1.4545757575757576,1.4769002142638508,0.022324456688093,59.82257082567951,5.187534309867999,59.82257082567951,1.3989872578166056,194.47616111050573,1902.4526844035215,1902.4526844035215,3170.7544740058697,750.0000000000002,0.1022239147942226,315254.1973603941,1,315.25419736039413,140.1129766046196,-0.1010127421833944,0.1010127421833944,1.5,0.25,pareto,closest
3,thickness_grids_L9000mm.csv,45,19,97,9.0,1.4697171717171718,1.4900599938781758,0.0203428221610039,61.074499810973435,4.927347533699631,61.074499810973435,1.6040654583617504,202.90462963132663,1925.1525798509592,1925.1525798509592,3208.5876330849323,750.0,0.1053966484293078,299046.1050227335,1,299.0461050227335,132.90938001010375,0.10406545836175041,0.10406545836175041,1.5,0.25,pareto,closest
4,thickness_grids_L9000mm.csv,49,20,97,9.0,1.4697171717171718,1.4920416284052649,0.022324456688093,61.074499810973435,5.158015524221517,61.074499810973435,1.335808758311324,193.5620194080559,1904.9985174932167,1904.9985174932167,3174.9975291553615,750.0000000000001,0.1016074383421377,316590.0196933633,1,316.5900196933633,140.70667541927256,-0.16419124168867594,0.16419124168867594,1.5,0.25,pareto,closest
5,thickness_grids_L9000mm.csv,44,19,96,9.0,1.4545757575757576,1.4749185797367617,0.0203428221610039,59.82257082567951,4.955579760528117,59.82257082567951,1.679885978481905,203.86438316055188,1922.6607809910845,1922.6607809910845,3204.4346349851407,749.9999999999999,0.1060324240116162,297771.88283716416,1,297.7718828371642,132.34305903873965,0.1798859784819049,0.1798859784819049,1.5,0.25,pareto,closest
6,thickness_grids_L9000mm.csv,50,20,98,9.0,1.484858585858586,1.507183042546679,0.022324456688093,62.339393280811386,5.128894150601582,62.339393280811386,1.2761579007227988,192.66237678293945,1907.517403774007,1907.517403774007,3179.195672956679,749.9999999999999,0.1010016351105151,317920.1584286463,1,317.9201584286463,141.29784819050946,-0.22384209927720122,0.22384209927720122,1.5,0.25,pareto,closest
0,thickness_grids_L9000mm.csv,34,17,96,9.0,1.4545757575757576,1.4712601775329048,0.0166844199571472,59.82257082567951,4.493997379114511,59.82257082567951,2.483856079176124,225.38643921757307,1964.3088184034705,1964.3088184034705,3273.848030672451,750.0000000000003,0.1147408376452538,263949.12715230824,1,263.9491271523082,117.31072317880366,-0.016143920823875835,0.016143920823875835,2.5,0.25,pareto,closest
1,thickness_grids_L9000mm.csv,33,17,95,9.0,1.4394343434343435,1.4561187633914907,0.0166844199571472,58.58360632492958,4.520012094685887,58.58360632492958,2.6025307272083675,226.4679343982538,1961.9089752724688,1961.9089752724688,3269.8482921207815,750.0000000000001,0.1154324371072322,262791.69985523087,1,262.7916998552309,116.79631104676928,0.10253072720836753,0.10253072720836753,2.5,0.25,pareto,closest
2,thickness_grids_L9000mm.csv,35,17,97,9.0,1.4697171717171718,1.486401591674319,0.0166844199571472,61.074499810973435,4.468338849640549,61.074499810973435,2.3718677345893986,224.3223312577053,1966.682112904537,1966.682112904537,3277.803521507562,750.0000000000001,0.1140613064947288,265101.67050559365,1,265.10167050559363,117.82296466915273,-0.1281322654106014,0.1281322654106014,2.5,0.25,pareto,closest
3,thickness_grids_L9000mm.csv,32,16,99,9.0,1.5,1.5150076522803797,0.0150076522803795,63.61725123519331,4.192706834121445,63.61725123519331,2.6708342868505626,234.45982544888184,1992.5789275074633,1992.5789275074633,3320.9648791791055,750.0000000000002,0.1176665186067033,250896.85269286335,1,250.89685269286335,111.50971230793928,0.17083428685056257,0.17083428685056257,2.5,0.25,pareto,closest
4,thickness_grids_L9000mm.csv,36,17,98,9.0,1.484858585858586,1.501543005815733,0.0166844199571472,62.339393280811386,4.443027379998197,62.339393280811386,2.2661225907461597,223.2751632706808,1969.029470337962,1969.029470337962,3281.7157838966036,750.0000000000001,0.1133935101704486,266249.40890577226,1,266.24940890577227,118.33307062478768,-0.23387740925384026,0.23387740925384026,2.5,0.25,pareto,closest
0,thickness_grids_L9000mm.csv,26,15,98,9.0,1.484858585858586,1.4982910927456383,0.0134325068870523,62.339393280811386,3.99131621504334,62.339393280811386,3.4796439909861334,249.1062725270978,2011.9783475710192,2011.9783475710192,3353.297245951699,750.0000000000002,0.1238116070323688,233794.67150678637,1,233.79467150678636,103.90874289190504,-0.020356009013866583,0.020356009013866583,3.5,0.25,pareto,closest
1,thickness_grids_L9000mm.csv,25,15,97,9.0,1.4697171717171718,1.4831496786042242,0.0134325068870523,61.074499810973435,4.014098221226459,61.074499810973435,3.641856975644884,250.27754592227265,2009.763076443917,2009.763076443917,3349.6051274065285,750.0,0.1245308707557284,232765.75847862696,1,232.76575847862696,103.4514482127231,0.1418569756448842,0.1418569756448842,3.5,0.25,pareto,closest
2,thickness_grids_L9000mm.csv,27,15,99,9.0,1.5,1.5134325068870524,0.0134325068870523,63.61725123519331,3.968839478647057,63.61725123519331,3.3263718152155746,247.95350281885217,2014.1691835033691,2014.1691835033691,3356.948639172282,750.0000000000001,0.1231046055364481,234819.39964468335,1,234.8193996446834,104.36417761985928,-0.17362818478442543,0.17362818478442543,3.5,0.25,pareto,closest
